gene1_idx,Gene1_Entrez_ID,gene2_idx,Gene2_Entrez_ID,combined_score,PPI_score
0,16,309,3295,684.0,0.684
0,16,325,3376,642.0,0.642
0,16,556,5859,567.0,0.567
0,16,698,7965,695.0,0.695
0,16,975,51520,562.0,0.562
1,25,2,27,976.0,0.976
1,25,40,472,656.0,0.656
1,25,54,613,944.0,0.944
1,25,109,1020,880.0,0.88
1,25,137,1432,499.0,0.499
1,25,186,1956,523.0,0.523
1,25,199,2042,449.0,0.449
1,25,201,2044,613.0,0.613
1,25,205,2048,447.0,0.447
1,25,211,2064,457.0,0.457
1,25,213,2066,421.0,0.421
1,25,245,2268,504.0,0.504
1,25,264,2534,930.0,0.93
1,25,278,2810,462.0,0.462
1,25,285,2885,981.0,0.981
1,25,295,3055,457.0,0.457
1,25,315,3320,891.0,0.891
1,25,316,3326,801.0,0.801
1,25,339,3636,599.0,0.599
1,25,382,4193,518.0,0.518
1,25,424,4914,943.0,0.943
1,25,425,4915,900.0,0.9
1,25,426,4916,900.0,0.9
1,25,434,5052,902.0,0.902
1,25,461,5289,932.0,0.932
1,25,462,5290,418.0,0.418
1,25,467,5295,457.0,0.457
1,25,502,5580,523.0,0.523
1,25,512,5591,641.0,0.641
1,25,515,5594,627.0,0.627
1,25,521,5600,499.0,0.499
1,25,540,5688,668.0,0.668
1,25,560,5888,793.0,0.793
1,25,566,5925,943.0,0.943
1,25,590,6300,499.0,0.499
1,25,614,6622,633.0,0.633
1,25,617,6654,524.0,0.524
1,25,618,6714,457.0,0.457
1,25,635,6850,525.0,0.525
1,25,654,7157,618.0,0.618
1,25,688,7529,462.0,0.462
1,25,689,7532,495.0,0.495
1,25,690,7533,509.0,0.509
1,25,691,7534,462.0,0.462
1,25,834,10298,618.0,0.618
1,25,867,10971,662.0,0.662
2,27,186,1956,523.0,0.523
2,27,211,2064,457.0,0.457
2,27,253,2322,630.0,0.63
2,27,285,2885,408.0,0.408
2,27,559,5879,563.0,0.563
2,27,625,6774,445.0,0.445
3,31,4,32,963.0,0.963
3,31,6,47,404.0,0.404
3,31,140,1452,422.0,0.422
3,31,326,3417,422.0,0.422
3,31,491,5562,420.0,0.42
4,32,6,47,429.0,0.429
4,32,309,3295,451.0,0.451
5,43,35,351,691.0,0.691
5,43,373,4129,555.0,0.555
5,43,403,4593,529.0,0.529
6,47,676,7415,417.0,0.417
6,47,891,22933,558.0,0.558
6,47,1101,120892,457.0,0.457
7,51,309,3295,953.0,0.953
8,52,187,1969,570.0,0.57
8,52,204,2047,568.0,0.568
8,52,205,2048,438.0,0.438
9,90,10,91,971.0,0.971
9,90,11,92,999.0,0.999
9,90,12,93,990.0,0.99
9,90,13,94,957.0,0.957
9,90,57,652,888.0,0.888
9,90,58,657,998.0,0.998
9,90,59,658,994.0,0.994
9,90,60,659,999.0,0.999
9,90,246,2280,996.0,0.996
9,90,247,2281,963.0,0.963
9,90,644,7046,957.0,0.957
9,90,645,7048,724.0,0.724
9,90,816,9978,414.0,0.414
10,91,11,92,995.0,0.995
10,91,12,93,999.0,0.999
10,91,28,238,567.0,0.567
10,91,34,331,400.0,0.4
10,91,57,652,511.0,0.511
10,91,58,657,469.0,0.469
10,91,59,658,519.0,0.519
10,91,60,659,552.0,0.552
10,91,246,2280,801.0,0.801
10,91,644,7046,987.0,0.987
10,91,645,7048,639.0,0.639
11,92,12,93,998.0,0.998
11,92,13,94,991.0,0.991
11,92,28,238,720.0,0.72
11,92,57,652,933.0,0.933
11,92,58,657,997.0,0.997
11,92,59,658,979.0,0.979
11,92,60,659,993.0,0.993
11,92,644,7046,982.0,0.982
12,93,13,94,934.0,0.934
12,93,57,652,754.0,0.754
12,93,58,657,992.0,0.992
12,93,59,658,966.0,0.966
12,93,60,659,944.0,0.944
12,93,77,780,454.0,0.454
12,93,644,7046,999.0,0.999
12,93,645,7048,780.0,0.78
13,94,57,652,681.0,0.681
13,94,58,657,693.0,0.693
13,94,59,658,712.0,0.712
13,94,60,659,996.0,0.996
13,94,246,2280,672.0,0.672
13,94,644,7046,646.0,0.646
13,94,645,7048,987.0,0.987
14,134,15,140,900.0,0.9
14,134,182,1813,441.0,0.441
16,142,31,328,744.0,0.744
16,142,100,902,499.0,0.499
16,142,111,1022,499.0,0.499
16,142,112,1024,660.0,0.66
16,142,136,1387,457.0,0.457
16,142,169,1642,499.0,0.499
16,142,180,1786,804.0,0.804
16,142,197,2033,457.0,0.457
16,142,221,2130,735.0,0.735
16,142,237,2237,755.0,0.755
16,142,292,3005,422.0,0.422
16,142,296,3065,646.0,0.646
16,142,297,3066,644.0,0.644
16,142,363,3980,975.0,0.975
16,142,396,4331,499.0,0.499
16,142,399,4361,630.0,0.63
16,142,420,4790,457.0,0.457
16,142,422,4869,945.0,0.945
16,142,439,5111,457.0,0.457
16,142,512,5591,955.0,0.955
16,142,570,5965,422.0,0.422
16,142,571,5970,654.0,0.654
16,142,612,6597,983.0,0.983
16,142,651,7150,763.0,0.763
16,142,652,7153,497.0,0.497
16,142,653,7155,501.0,0.501
16,142,654,7157,457.0,0.457
16,142,655,7158,473.0,0.473
16,142,670,7329,457.0,0.457
16,142,683,7468,444.0,0.444
16,142,684,7486,782.0,0.782
16,142,713,8361,693.0,0.693
16,142,816,9978,546.0,0.546
16,142,821,10038,934.0,0.934
16,142,822,10039,457.0,0.457
16,142,876,11176,435.0,0.435
16,142,891,22933,420.0,0.42
16,142,915,23411,543.0,0.543
16,142,918,23476,491.0,0.491
16,142,1016,55775,754.0,0.754
19,156,20,157,944.0,0.944
19,156,23,207,696.0,0.696
19,156,79,801,700.0,0.7
19,156,140,1452,800.0,0.8
19,156,141,1453,908.0,0.908
19,156,142,1455,900.0,0.9
19,156,143,1456,900.0,0.9
19,156,186,1956,457.0,0.457
19,156,382,4193,457.0,0.457
19,156,501,5579,457.0,0.457
19,156,525,5604,802.0,0.802
19,156,613,6608,762.0,0.762
19,156,818,10013,582.0,0.582
19,156,1103,122011,900.0,0.9
20,157,141,1453,900.0,0.9
20,157,142,1455,900.0,0.9
20,157,143,1456,900.0,0.9
20,157,315,3320,543.0,0.543
20,157,316,3326,543.0,0.543
20,157,516,5595,414.0,0.414
20,157,1103,122011,900.0,0.9
21,190,36,367,737.0,0.737
21,190,135,1374,414.0,0.414
21,190,217,2100,403.0,0.403
21,190,219,2104,587.0,0.587
21,190,263,2516,886.0,0.886
21,190,481,5468,638.0,0.638
21,190,482,5469,499.0,0.499
21,190,800,9611,698.0,0.698
21,190,801,9612,676.0,0.676
22,191,34,331,542.0,0.542
23,207,24,208,983.0,0.983
23,207,34,331,657.0,0.657
23,207,36,367,457.0,0.457
23,207,47,572,657.0,0.657
23,207,62,673,542.0,0.542
23,207,79,801,630.0,0.63
23,207,123,1147,908.0,0.908
23,207,136,1387,523.0,0.523
23,207,137,1432,557.0,0.557
23,207,139,1445,500.0,0.5
23,207,144,1457,484.0,0.484
23,207,180,1786,477.0,0.477
23,207,186,1956,523.0,0.523
23,207,195,2023,658.0,0.658
23,207,197,2033,622.0,0.622
23,207,206,2049,418.0,0.418
23,207,222,2146,595.0,0.595
23,207,249,2288,855.0,0.855
23,207,250,2289,907.0,0.907
23,207,262,2475,557.0,0.557
23,207,278,2810,649.0,0.649
23,207,286,2908,450.0,0.45
23,207,288,2931,457.0,0.457
23,207,289,2932,457.0,0.457
23,207,311,3309,878.0,0.878
23,207,312,3312,633.0,0.633
23,207,314,3315,953.0,0.953
23,207,315,3320,997.0,0.997
23,207,316,3326,989.0,0.989
23,207,330,3551,726.0,0.726
23,207,333,3611,799.0,0.799
23,207,335,3615,449.0,0.449
23,207,345,3708,948.0,0.948
23,207,347,3717,589.0,0.589
23,207,354,3791,527.0,0.527
23,207,382,4193,970.0,0.97
23,207,385,4215,650.0,0.65
23,207,386,4216,408.0,0.408
23,207,387,4217,807.0,0.807
23,207,392,4296,529.0,0.529
23,207,422,4869,555.0,0.555
23,207,435,5058,989.0,0.989
23,207,448,5163,495.0,0.495
23,207,449,5170,988.0,0.988
23,207,462,5290,528.0,0.528
23,207,463,5291,413.0,0.413
23,207,466,5294,444.0,0.444
23,207,467,5295,647.0,0.647
23,207,486,5499,699.0,0.699
23,207,501,5579,410.0,0.41
23,207,507,5585,564.0,0.564
23,207,508,5586,798.0,0.798
23,207,510,5588,450.0,0.45
23,207,511,5590,457.0,0.457
23,207,512,5591,603.0,0.603
23,207,515,5594,798.0,0.798
23,207,520,5599,437.0,0.437
23,207,527,5606,818.0,0.818
23,207,530,5609,597.0,0.597
23,207,551,5747,798.0,0.798
23,207,552,5753,900.0,0.9
23,207,561,5894,676.0,0.676
23,207,562,5914,457.0,0.457
23,207,584,6198,671.0,0.671
23,207,596,6416,457.0,0.457
23,207,598,6446,578.0,0.578
23,207,615,6624,412.0,0.412
23,207,618,6714,981.0,0.981
23,207,628,6788,457.0,0.457
23,207,630,6790,526.0,0.526
23,207,635,6850,448.0,0.448
23,207,642,7015,529.0,0.529
23,207,659,7184,508.0,0.508
23,207,676,7415,457.0,0.457
23,207,682,7465,538.0,0.538
23,207,691,7534,666.0,0.666
23,207,755,8841,630.0,0.63
23,207,781,9261,799.0,0.799
23,207,804,9682,402.0,0.402
23,207,817,10000,957.0,0.957
23,207,830,10188,571.0,0.571
23,207,834,10298,445.0,0.445
23,207,874,11140,826.0,0.826
23,207,891,22933,461.0,0.461
23,207,954,29110,833.0,0.833
23,207,1042,64223,631.0,0.631
23,207,1053,79109,621.0,0.621
23,207,1124,203068,701.0,0.701
23,207,1132,253260,657.0,0.657
24,208,249,2288,478.0,0.478
24,208,250,2289,614.0,0.614
24,208,289,2932,596.0,0.596
24,208,449,5170,630.0,0.63
24,208,454,5241,414.0,0.414
24,208,512,5591,635.0,0.635
24,208,516,5595,491.0,0.491
24,208,598,6446,623.0,0.623
24,208,618,6714,499.0,0.499
24,208,626,6776,454.0,0.454
24,208,817,10000,964.0,0.964
25,213,81,808,493.0,0.493
25,213,195,2023,450.0,0.45
25,213,223,2147,732.0,0.732
25,213,257,2346,543.0,0.543
25,213,398,4353,633.0,0.633
25,213,478,5340,630.0,0.63
25,213,662,7276,822.0,0.822
25,213,741,8644,443.0,0.443
27,231,420,4790,400.0,0.4
27,231,569,5929,511.0,0.511
27,231,625,6774,457.0,0.457
28,238,39,471,836.0,0.836
28,238,60,659,720.0,0.72
28,238,128,1213,486.0,0.486
28,238,211,2064,596.0,0.596
28,238,285,2885,899.0,0.899
28,238,348,3718,671.0,0.671
28,238,422,4869,943.0,0.943
28,238,462,5290,499.0,0.499
28,238,463,5291,563.0,0.563
28,238,467,5295,767.0,0.767
28,238,468,5296,548.0,0.548
28,238,612,6597,533.0,0.533
28,238,618,6714,744.0,0.744
28,238,625,6774,574.0,0.574
28,238,644,7046,715.0,0.715
28,238,645,7048,913.0,0.913
28,238,793,9451,400.0,0.4
28,238,830,10188,540.0,0.54
28,238,946,27436,988.0,0.988
29,240,285,2885,457.0,0.457
29,240,781,9261,457.0,0.457
30,317,34,331,787.0,0.787
30,317,49,596,934.0,0.934
30,317,51,598,974.0,0.974
30,317,90,842,999.0,0.999
30,317,314,3315,615.0,0.615
30,317,315,3320,986.0,0.986
30,317,316,3326,980.0,0.98
30,317,531,5610,453.0,0.453
30,317,540,5688,604.0,0.604
30,317,654,7157,510.0,0.51
30,317,820,10017,469.0,0.469
31,328,49,596,432.0,0.432
31,328,197,2033,806.0,0.806
31,328,216,2099,555.0,0.555
31,328,237,2237,983.0,0.983
31,328,300,3091,559.0,0.559
31,328,363,3980,751.0,0.751
31,328,422,4869,748.0,0.748
31,328,439,5111,631.0,0.631
31,328,576,6093,646.0,0.646
31,328,625,6774,517.0,0.517
31,328,654,7157,833.0,0.833
31,328,665,7295,962.0,0.962
31,328,708,8294,800.0,0.8
31,328,711,8359,800.0,0.8
31,328,712,8360,800.0,0.8
31,328,713,8361,800.0,0.8
31,328,714,8364,800.0,0.8
31,328,715,8365,800.0,0.8
31,328,716,8366,800.0,0.8
31,328,717,8367,800.0,0.8
31,328,718,8368,800.0,0.8
31,328,915,23411,650.0,0.65
31,328,976,51548,545.0,0.545
31,328,1102,121504,800.0,0.8
32,329,33,330,996.0,0.996
32,329,34,331,991.0,0.991
32,329,64,695,932.0,0.932
32,329,90,842,879.0,0.879
32,329,123,1147,540.0,0.54
32,329,173,1654,777.0,0.777
32,329,289,2932,411.0,0.411
32,329,330,3551,646.0,0.646
32,329,384,4214,435.0,0.435
32,329,559,5879,457.0,0.457
32,329,571,5970,457.0,0.457
32,329,637,6885,701.0,0.701
32,329,650,7124,861.0,0.861
32,329,659,7184,483.0,0.483
32,329,747,8737,997.0,0.997
32,329,748,8767,457.0,0.457
32,329,802,9641,630.0,0.63
32,329,843,10454,510.0,0.51
32,329,954,29110,620.0,0.62
32,329,1054,79444,523.0,0.523
33,330,34,331,992.0,0.992
33,330,90,842,686.0,0.686
33,330,123,1147,499.0,0.499
33,330,173,1654,625.0,0.625
33,330,289,2932,411.0,0.411
33,330,330,3551,789.0,0.789
33,330,342,3654,400.0,0.4
33,330,420,4790,734.0,0.734
33,330,571,5970,638.0,0.638
33,330,637,6885,561.0,0.561
33,330,650,7124,843.0,0.843
33,330,747,8737,997.0,0.997
33,330,748,8767,457.0,0.457
33,330,760,8877,546.0,0.546
33,330,802,9641,630.0,0.63
33,330,843,10454,599.0,0.599
33,330,954,29110,499.0,0.499
34,331,49,596,665.0,0.665
34,331,51,598,410.0,0.41
34,331,90,842,999.0,0.999
34,331,123,1147,499.0,0.499
34,331,147,1488,528.0,0.528
34,331,193,1994,457.0,0.457
34,331,289,2932,618.0,0.618
34,331,330,3551,644.0,0.644
34,331,338,3635,459.0,0.459
34,331,382,4193,743.0,0.743
34,331,559,5879,457.0,0.457
34,331,561,5894,657.0,0.657
34,331,637,6885,805.0,0.805
34,331,644,7046,775.0,0.775
34,331,650,7124,500.0,0.5
34,331,706,8239,400.0,0.4
34,331,747,8737,803.0,0.803
34,331,748,8767,989.0,0.989
34,331,802,9641,630.0,0.63
34,331,843,10454,999.0,0.999
34,331,859,10746,653.0,0.653
34,331,954,29110,716.0,0.716
34,331,1041,64127,457.0,0.457
34,331,1054,79444,567.0,0.567
35,351,136,1387,669.0,0.669
35,351,175,1719,441.0,0.441
35,351,186,1956,741.0,0.741
35,351,195,2023,601.0,0.601
35,351,197,2033,937.0,0.937
35,351,205,2048,542.0,0.542
35,351,227,2160,937.0,0.937
35,351,264,2534,534.0,0.534
35,351,268,2597,543.0,0.543
35,351,285,2885,922.0,0.922
35,351,287,2923,686.0,0.686
35,351,288,2931,836.0,0.836
35,351,289,2932,549.0,0.549
35,351,292,3005,422.0,0.422
35,351,293,3028,744.0,0.744
35,351,305,3163,545.0,0.545
35,351,308,3276,410.0,0.41
35,351,312,3312,578.0,0.578
35,351,317,3329,895.0,0.895
35,351,387,4217,542.0,0.542
35,351,424,4914,736.0,0.736
35,351,478,5340,403.0,0.403
35,351,480,5444,720.0,0.72
35,351,515,5594,707.0,0.707
35,351,516,5595,499.0,0.499
35,351,520,5599,514.0,0.514
35,351,533,5644,460.0,0.46
35,351,534,5663,975.0,0.975
35,351,597,6431,438.0,0.438
35,351,614,6622,702.0,0.702
35,351,625,6774,529.0,0.529
35,351,662,7276,894.0,0.894
35,351,761,8883,998.0,0.998
35,351,766,9039,522.0,0.522
35,351,848,10498,621.0,0.621
35,351,916,23435,585.0,0.585
35,351,924,23621,989.0,0.989
35,351,1020,55851,806.0,0.806
35,351,1121,200576,631.0,0.631
36,367,48,595,738.0,0.738
36,367,62,673,416.0,0.416
36,367,110,1021,405.0,0.405
36,367,111,1022,457.0,0.457
36,367,136,1387,829.0,0.829
36,367,186,1956,500.0,0.5
36,367,193,1994,487.0,0.487
36,367,197,2033,644.0,0.644
36,367,214,2078,457.0,0.457
36,367,216,2099,967.0,0.967
36,367,220,2115,579.0,0.579
36,367,222,2146,919.0,0.919
36,367,249,2288,860.0,0.86
36,367,250,2289,457.0,0.457
36,367,286,2908,766.0,0.766
36,367,289,2932,701.0,0.701
36,367,296,3065,826.0,0.826
36,367,300,3091,652.0,0.652
36,367,315,3320,997.0,0.997
36,367,316,3326,997.0,0.997
36,367,328,3480,535.0,0.535
36,367,357,3838,434.0,0.434
36,367,382,4193,975.0,0.975
36,367,434,5052,593.0,0.593
36,367,454,5241,675.0,0.675
36,367,467,5295,519.0,0.519
36,367,482,5469,716.0,0.716
36,367,501,5579,497.0,0.497
36,367,507,5585,700.0,0.7
36,367,512,5591,457.0,0.457
36,367,566,5925,457.0,0.457
36,367,574,6046,620.0,0.62
36,367,611,6595,457.0,0.457
36,367,612,6597,625.0,0.625
36,367,618,6714,924.0,0.924
36,367,625,6774,643.0,0.643
36,367,636,6872,476.0,0.476
36,367,653,7155,652.0,0.652
36,367,654,7157,420.0,0.42
36,367,659,7184,801.0,0.801
36,367,670,7329,646.0,0.646
36,367,674,7403,529.0,0.529
36,367,700,8019,457.0,0.457
36,367,713,8361,499.0,0.499
36,367,752,8805,457.0,0.457
36,367,757,8850,457.0,0.457
36,367,768,9070,576.0,0.576
36,367,800,9611,924.0,0.924
36,367,801,9612,827.0,0.827
36,367,804,9682,549.0,0.549
36,367,808,9759,457.0,0.457
36,367,830,10188,639.0,0.639
36,367,849,10521,609.0,0.609
36,367,860,10765,511.0,0.511
36,367,874,11140,576.0,0.576
36,367,896,23028,987.0,0.987
36,367,901,23081,575.0,0.575
36,367,906,23186,512.0,0.512
36,367,915,23411,447.0,0.447
36,367,918,23476,925.0,0.925
36,367,951,29028,418.0,0.418
36,367,1018,55818,493.0,0.493
36,367,1026,56924,869.0,0.869
36,367,1037,57599,630.0,0.63
36,367,1043,64324,469.0,0.469
36,367,1056,79723,547.0,0.547
37,369,62,673,994.0,0.994
37,369,139,1445,499.0,0.499
37,369,146,1460,512.0,0.512
37,369,278,2810,699.0,0.699
37,369,307,3265,872.0,0.872
37,369,316,3326,609.0,0.609
37,369,343,3690,503.0,0.503
37,369,358,3845,906.0,0.906
37,369,375,4140,400.0,0.4
37,369,463,5291,431.0,0.431
37,369,467,5295,558.0,0.558
37,369,474,5315,727.0,0.727
37,369,502,5580,408.0,0.408
37,369,515,5594,499.0,0.499
37,369,516,5595,499.0,0.499
37,369,525,5604,817.0,0.817
37,369,526,5605,884.0,0.884
37,369,561,5894,991.0,0.991
37,369,618,6714,498.0,0.498
37,369,688,7529,867.0,0.867
37,369,689,7532,588.0,0.588
37,369,690,7533,709.0,0.709
37,369,691,7534,639.0,0.639
37,369,756,8844,437.0,0.437
37,369,867,10971,725.0,0.725
37,369,1137,283455,531.0,0.531
38,444,81,808,654.0,0.654
38,444,226,2159,900.0,0.9
38,444,246,2280,558.0,0.558
38,444,247,2281,653.0,0.653
39,471,128,1213,499.0,0.499
39,471,269,2618,935.0,0.935
39,471,285,2885,686.0,0.686
39,471,402,4522,974.0,0.974
39,471,422,4869,563.0,0.563
39,471,793,9451,499.0,0.499
39,471,946,27436,499.0,0.499
40,472,45,545,939.0,0.939
40,472,56,641,928.0,0.928
40,472,94,890,499.0,0.499
40,472,106,1017,800.0,0.8
40,472,108,1019,800.0,0.8
40,472,116,1111,420.0,0.42
40,472,123,1147,547.0,0.547
40,472,137,1432,457.0,0.457
40,472,197,2033,776.0,0.776
40,472,296,3065,886.0,0.886
40,472,303,3105,487.0,0.487
40,472,314,3315,444.0,0.444
40,472,315,3320,572.0,0.572
40,472,382,4193,842.0,0.842
40,472,383,4194,516.0,0.516
40,472,399,4361,811.0,0.811
40,472,512,5591,938.0,0.938
40,472,520,5599,630.0,0.63
40,472,560,5888,907.0,0.907
40,472,612,6597,466.0,0.466
40,472,633,6794,411.0,0.411
40,472,637,6885,674.0,0.674
40,472,654,7157,713.0,0.713
40,472,655,7158,973.0,0.973
40,472,683,7468,499.0,0.499
40,472,684,7486,499.0,0.499
40,472,713,8361,499.0,0.499
40,472,728,8493,649.0,0.649
40,472,803,9656,992.0,0.992
40,472,804,9682,499.0,0.499
40,472,858,10733,456.0,0.456
40,472,863,10856,557.0,0.557
40,472,880,11200,977.0,0.977
40,472,896,23028,900.0,0.9
40,472,897,23030,499.0,0.499
40,472,906,23186,900.0,0.9
40,472,915,23411,621.0,0.621
40,472,1016,55775,422.0,0.422
40,472,1076,84126,986.0,0.986
41,476,42,481,983.0,0.983
41,476,44,488,720.0,0.72
41,476,705,8140,491.0,0.491
42,481,44,488,782.0,0.782
43,487,44,488,933.0,0.933
43,487,49,596,589.0,0.589
44,488,49,596,474.0,0.474
44,488,51,598,432.0,0.432
44,488,87,821,655.0,0.655
44,488,186,1956,468.0,0.468
44,488,333,3611,484.0,0.484
44,488,345,3708,495.0,0.495
44,488,1101,120892,457.0,0.457
45,545,56,641,645.0,0.645
45,545,116,1111,457.0,0.457
45,545,297,3066,533.0,0.533
45,545,399,4361,499.0,0.499
45,545,654,7157,523.0,0.523
45,545,655,7158,515.0,0.515
45,545,684,7486,722.0,0.722
45,545,713,8361,630.0,0.63
45,545,880,11200,834.0,0.834
45,545,1076,84126,999.0,0.999
46,558,186,1956,486.0,0.486
46,558,211,2064,668.0,0.668
46,558,212,2065,623.0,0.623
46,558,285,2885,859.0,0.859
46,558,315,3320,584.0,0.584
46,558,316,3326,409.0,0.409
46,558,354,3791,499.0,0.499
46,558,359,3932,710.0,0.71
46,558,369,4067,558.0,0.558
46,558,388,4233,435.0,0.435
46,558,462,5290,499.0,0.499
46,558,463,5291,499.0,0.499
46,558,467,5295,821.0,0.821
46,558,468,5296,650.0,0.65
46,558,618,6714,891.0,0.891
46,558,635,6850,510.0,0.51
46,558,669,7301,587.0,0.587
46,558,691,7534,455.0,0.455
46,558,844,10461,415.0,0.415
47,572,49,596,992.0,0.992
47,572,51,598,998.0,0.998
47,572,52,599,638.0,0.638
47,572,271,2645,444.0,0.444
47,572,278,2810,802.0,0.802
47,572,379,4170,426.0,0.426
47,572,435,5058,457.0,0.457
47,572,495,5566,457.0,0.457
47,572,520,5599,497.0,0.497
47,572,561,5894,657.0,0.657
47,572,688,7529,756.0,0.756
47,572,689,7532,607.0,0.607
47,572,690,7533,716.0,0.716
47,572,691,7534,802.0,0.802
47,572,820,10017,422.0,0.422
47,572,867,10971,716.0,0.716
48,595,49,596,485.0,0.485
48,595,90,842,429.0,0.429
48,595,92,861,499.0,0.499
48,595,93,865,499.0,0.499
48,595,95,891,638.0,0.638
48,595,97,894,935.0,0.935
48,595,98,896,911.0,0.911
48,595,99,898,722.0,0.722
48,595,104,983,974.0,0.974
48,595,106,1017,998.0,0.998
48,595,108,1019,999.0,0.999
48,595,109,1020,772.0,0.772
48,595,110,1021,999.0,0.999
48,595,136,1387,963.0,0.963
48,595,197,2033,638.0,0.638
48,595,216,2099,928.0,0.928
48,595,289,2932,408.0,0.408
48,595,296,3065,457.0,0.457
48,595,312,3312,913.0,0.913
48,595,315,3320,582.0,0.582
48,595,382,4193,514.0,0.514
48,595,439,5111,671.0,0.671
48,595,454,5241,457.0,0.457
48,595,471,5300,405.0,0.405
48,595,552,5753,499.0,0.499
48,595,560,5888,509.0,0.509
48,595,566,5925,491.0,0.491
48,595,568,5928,424.0,0.424
48,595,571,5970,457.0,0.457
48,595,574,6046,499.0,0.499
48,595,625,6774,707.0,0.707
48,595,636,6872,823.0,0.823
48,595,703,8078,457.0,0.457
48,595,755,8841,589.0,0.589
48,595,757,8850,862.0,0.862
48,595,774,9133,518.0,0.518
48,595,808,9759,812.0,0.812
48,595,841,10419,821.0,0.821
49,596,50,597,569.0,0.569
49,596,51,598,999.0,0.999
49,596,52,599,731.0,0.731
49,596,97,894,534.0,0.534
49,596,104,983,560.0,0.56
49,596,123,1147,441.0,0.441
49,596,136,1387,489.0,0.489
49,596,197,2033,491.0,0.491
49,596,271,2645,517.0,0.517
49,596,286,2908,539.0,0.539
49,596,300,3091,539.0,0.539
49,596,307,3265,873.0,0.873
49,596,312,3312,418.0,0.418
49,596,315,3320,774.0,0.774
49,596,342,3654,445.0,0.445
49,596,345,3708,989.0,0.989
49,596,358,3845,599.0,0.599
49,596,379,4170,509.0,0.509
49,596,382,4193,803.0,0.803
49,596,383,4194,457.0,0.457
49,596,461,5289,931.0,0.931
49,596,486,5499,439.0,0.439
49,596,534,5663,616.0,0.616
49,596,561,5894,564.0,0.564
49,596,571,5970,758.0,0.758
49,596,595,6390,407.0,0.407
49,596,618,6714,545.0,0.545
49,596,654,7157,999.0,0.999
49,596,677,7417,841.0,0.841
49,596,820,10017,671.0,0.671
49,596,918,23476,457.0,0.457
49,596,1025,56848,847.0,0.847
49,596,1032,57142,611.0,0.611
49,596,1153,493856,562.0,0.562
50,597,52,599,509.0,0.509
50,597,250,2289,739.0,0.739
50,597,315,3320,891.0,0.891
50,597,316,3326,858.0,0.858
50,597,379,4170,459.0,0.459
50,597,420,4790,455.0,0.455
50,597,626,6776,658.0,0.658
50,597,729,8520,487.0,0.487
50,597,820,10017,478.0,0.478
51,598,52,599,916.0,0.916
51,598,90,842,718.0,0.718
51,598,137,1432,466.0,0.466
51,598,186,1956,480.0,0.48
51,598,262,2475,457.0,0.457
51,598,286,2908,408.0,0.408
51,598,289,2932,569.0,0.569
51,598,345,3708,745.0,0.745
51,598,358,3845,931.0,0.931
51,598,379,4170,982.0,0.982
51,598,461,5289,449.0,0.449
51,598,476,5328,422.0,0.422
51,598,486,5499,442.0,0.442
51,598,520,5599,542.0,0.542
51,598,534,5663,468.0,0.468
51,598,561,5894,786.0,0.786
51,598,614,6622,448.0,0.448
51,598,639,6921,871.0,0.871
51,598,654,7157,999.0,0.999
51,598,680,7444,568.0,0.568
51,598,820,10017,449.0,0.449
51,598,885,11315,610.0,0.61
51,598,1032,57142,489.0,0.489
52,599,379,4170,898.0,0.898
52,599,486,5499,585.0,0.585
52,599,820,10017,449.0,0.449
53,604,296,3065,745.0,0.745
53,604,315,3320,567.0,0.567
53,604,654,7157,512.0,0.512
53,604,697,7874,420.0,0.42
53,604,800,9611,998.0,0.998
53,604,801,9612,999.0,0.999
53,604,806,9734,807.0,0.807
53,604,808,9759,941.0,0.941
53,604,819,10014,499.0,0.499
53,604,915,23411,743.0,0.743
53,604,927,23683,509.0,0.509
53,604,955,29117,499.0,0.499
53,604,977,51564,648.0,0.648
54,613,239,2242,457.0,0.457
54,613,285,2885,735.0,0.735
54,613,295,3055,457.0,0.457
54,613,315,3320,457.0,0.457
54,613,355,3815,657.0,0.657
54,613,462,5290,499.0,0.499
54,613,466,5294,657.0,0.657
54,613,467,5295,716.0,0.716
54,613,617,6654,457.0,0.457
54,613,654,7157,420.0,0.42
54,613,752,8805,400.0,0.4
54,613,943,27154,420.0,0.42
55,640,186,1956,523.0,0.523
55,640,625,6774,659.0,0.659
56,641,108,1019,800.0,0.8
56,641,237,2237,500.0,0.5
56,641,399,4361,716.0,0.716
56,641,404,4609,619.0,0.619
56,641,560,5888,797.0,0.797
56,641,654,7157,465.0,0.465
56,641,655,7158,622.0,0.622
56,641,684,7486,630.0,0.63
56,641,1076,84126,499.0,0.499
57,652,58,657,995.0,0.995
57,652,59,658,991.0,0.991
57,652,60,659,990.0,0.99
57,652,635,6850,420.0,0.42
57,652,644,7046,400.0,0.4
58,657,59,658,997.0,0.997
58,657,60,659,998.0,0.998
58,657,246,2280,456.0,0.456
58,657,644,7046,512.0,0.512
58,657,645,7048,634.0,0.634
59,658,60,659,998.0,0.998
59,658,246,2280,900.0,0.9
59,658,426,4916,453.0,0.453
59,658,832,10257,437.0,0.437
60,659,347,3717,453.0,0.453
60,659,355,3815,535.0,0.535
60,659,364,3984,867.0,0.867
60,659,513,5592,416.0,0.416
60,659,644,7046,428.0,0.428
61,660,354,3791,433.0,0.433
61,660,625,6774,815.0,0.815
62,673,139,1445,499.0,0.499
62,673,187,1969,435.0,0.435
62,673,278,2810,699.0,0.699
62,673,307,3265,908.0,0.908
62,673,311,3309,570.0,0.57
62,673,312,3312,645.0,0.645
62,673,315,3320,938.0,0.938
62,673,316,3326,967.0,0.967
62,673,343,3690,503.0,0.503
62,673,358,3845,833.0,0.833
62,673,375,4140,400.0,0.4
62,673,384,4214,457.0,0.457
62,673,392,4296,407.0,0.407
62,673,424,4914,499.0,0.499
62,673,433,5034,431.0,0.431
62,673,503,5581,697.0,0.697
62,673,504,5582,429.0,0.429
62,673,515,5594,770.0,0.77
62,673,516,5595,866.0,0.866
62,673,525,5604,999.0,0.999
62,673,526,5605,952.0,0.952
62,673,530,5609,457.0,0.457
62,673,561,5894,999.0,0.999
62,673,585,6199,883.0,0.883
62,673,618,6714,681.0,0.681
62,673,688,7529,976.0,0.976
62,673,689,7532,762.0,0.762
62,673,690,7533,748.0,0.748
62,673,691,7534,972.0,0.972
62,673,704,8087,499.0,0.499
62,673,752,8805,499.0,0.499
62,673,756,8844,897.0,0.897
62,673,867,10971,909.0,0.909
62,673,874,11140,921.0,0.921
62,673,1137,283455,772.0,0.772
63,676,101,904,798.0,0.798
63,676,113,1025,785.0,0.785
63,676,574,6046,933.0,0.933
63,676,700,8019,902.0,0.902
63,676,713,8361,954.0,0.954
63,676,918,23476,902.0,0.902
64,695,264,2534,847.0,0.847
64,695,285,2885,979.0,0.979
64,695,295,3055,552.0,0.552
64,695,315,3320,564.0,0.564
64,695,316,3326,505.0,0.505
64,695,342,3654,888.0,0.888
64,695,344,3702,400.0,0.4
64,695,359,3932,655.0,0.655
64,695,369,4067,979.0,0.979
64,695,501,5579,636.0,0.636
64,695,510,5588,492.0,0.492
64,695,617,6654,400.0,0.4
64,695,626,6776,696.0,0.696
64,695,635,6850,991.0,0.991
64,695,640,7006,900.0,0.9
64,695,649,7099,640.0,0.64
64,695,664,7294,400.0,0.4
64,695,692,7535,621.0,0.621
64,695,874,11140,424.0,0.424
64,695,968,51185,683.0,0.683
65,706,495,5566,414.0,0.414
65,706,496,5567,414.0,0.414
65,706,497,5568,414.0,0.414
65,706,677,7417,919.0,0.919
65,706,1019,55847,451.0,0.451
66,716,701,8030,582.0,0.582
67,759,68,760,748.0,0.748
67,759,69,761,632.0,0.632
67,759,73,766,617.0,0.617
67,759,1146,377677,499.0,0.499
68,760,69,761,530.0,0.53
68,760,73,766,559.0,0.559
68,760,81,808,511.0,0.511
68,760,115,1080,449.0,0.449
68,760,317,3329,734.0,0.734
68,760,606,6566,679.0,0.679
68,760,1146,377677,499.0,0.499
69,761,70,762,781.0,0.781
69,761,73,766,499.0,0.499
69,761,1146,377677,499.0,0.499
70,762,74,768,499.0,0.499
70,762,75,771,499.0,0.499
70,762,925,23632,499.0,0.499
71,763,882,11238,700.0,0.7
72,765,115,1080,426.0,0.426
73,766,1146,377677,499.0,0.499
74,768,75,771,504.0,0.504
74,768,300,3091,412.0,0.412
74,768,772,9123,645.0,0.645
74,768,925,23632,499.0,0.499
75,771,925,23632,499.0,0.499
76,775,79,801,961.0,0.961
76,775,80,805,928.0,0.928
76,775,81,808,999.0,0.999
76,775,246,2280,820.0,0.82
76,775,444,5142,615.0,0.615
77,780,211,2064,596.0,0.596
77,780,427,4921,477.0,0.477
77,780,500,5578,557.0,0.557
77,780,618,6714,416.0,0.416
77,780,662,7276,425.0,0.425
77,780,874,11140,497.0,0.497
78,790,333,3611,435.0,0.435
78,790,404,4609,457.0,0.457
78,790,663,7277,591.0,0.591
78,790,838,10383,542.0,0.542
78,790,874,11140,436.0,0.436
78,790,918,23476,457.0,0.457
79,801,80,805,917.0,0.917
79,801,81,808,900.0,0.9
79,801,82,814,808.0,0.808
79,801,83,815,984.0,0.984
79,801,84,816,987.0,0.987
79,801,85,817,962.0,0.962
79,801,86,818,891.0,0.891
79,801,144,1457,457.0,0.457
79,801,146,1460,457.0,0.457
79,801,164,1612,961.0,0.961
79,801,186,1956,523.0,0.523
79,801,211,2064,457.0,0.457
79,801,216,2099,927.0,0.927
79,801,248,2287,493.0,0.493
79,801,281,2869,926.0,0.926
79,801,315,3320,670.0,0.67
79,801,326,3417,487.0,0.487
79,801,358,3845,830.0,0.83
79,801,404,4609,458.0,0.458
79,801,406,4638,988.0,0.988
79,801,445,5147,499.0,0.499
79,801,456,5260,806.0,0.806
79,801,457,5261,838.0,0.838
79,801,559,5879,647.0,0.647
79,801,592,6331,965.0,0.965
79,801,614,6622,961.0,0.961
79,801,635,6850,457.0,0.457
79,801,730,8536,975.0,0.975
79,801,779,9212,457.0,0.457
79,801,855,10645,784.0,0.784
79,801,956,29904,915.0,0.915
79,801,969,51206,457.0,0.457
79,801,1077,84254,972.0,0.972
79,801,1089,85366,448.0,0.448
80,805,81,808,958.0,0.958
80,805,83,815,927.0,0.927
80,805,84,816,940.0,0.94
80,805,85,817,940.0,0.94
80,805,164,1612,904.0,0.904
80,805,216,2099,900.0,0.9
80,805,247,2281,829.0,0.829
80,805,281,2869,900.0,0.9
80,805,406,4638,910.0,0.91
80,805,522,5601,403.0,0.403
80,805,592,6331,914.0,0.914
80,805,614,6622,900.0,0.9
80,805,730,8536,919.0,0.919
80,805,921,23604,749.0,0.749
80,805,956,29904,915.0,0.915
80,805,1077,84254,916.0,0.916
81,808,82,814,912.0,0.912
81,808,83,815,999.0,0.999
81,808,84,816,988.0,0.988
81,808,85,817,970.0,0.97
81,808,86,818,930.0,0.93
81,808,97,894,472.0,0.472
81,808,98,896,424.0,0.424
81,808,164,1612,970.0,0.97
81,808,165,1613,506.0,0.506
81,808,168,1636,590.0,0.59
81,808,182,1813,491.0,0.491
81,808,183,1843,614.0,0.614
81,808,186,1956,519.0,0.519
81,808,196,2030,642.0,0.642
81,808,216,2099,990.0,0.99
81,808,246,2280,979.0,0.979
81,808,247,2281,950.0,0.95
81,808,248,2287,494.0,0.494
81,808,281,2869,900.0,0.9
81,808,289,2932,561.0,0.561
81,808,312,3312,505.0,0.505
81,808,315,3320,992.0,0.992
81,808,316,3326,989.0,0.989
81,808,326,3417,405.0,0.405
81,808,345,3708,411.0,0.411
81,808,358,3845,966.0,0.966
81,808,406,4638,998.0,0.998
81,808,425,4915,410.0,0.41
81,808,430,5025,422.0,0.422
81,808,457,5261,914.0,0.914
81,808,461,5289,965.0,0.965
81,808,477,5339,493.0,0.493
81,808,495,5566,848.0,0.848
81,808,496,5567,848.0,0.848
81,808,497,5568,849.0,0.849
81,808,500,5578,467.0,0.467
81,808,592,6331,998.0,0.998
81,808,614,6622,991.0,0.991
81,808,618,6714,584.0,0.584
81,808,650,7124,623.0,0.623
81,808,659,7184,808.0,0.808
81,808,664,7294,443.0,0.443
81,808,691,7534,754.0,0.754
81,808,730,8536,985.0,0.985
81,808,855,10645,952.0,0.952
81,808,921,23604,835.0,0.835
81,808,924,23621,437.0,0.437
81,808,956,29904,947.0,0.947
81,808,969,51206,733.0,0.733
81,808,1031,57118,766.0,0.766
81,808,1034,57172,774.0,0.774
81,808,1077,84254,943.0,0.943
81,808,1089,85366,981.0,0.981
81,808,1095,91807,751.0,0.751
82,814,83,815,901.0,0.901
82,814,84,816,901.0,0.901
82,814,85,817,505.0,0.505
82,814,86,818,499.0,0.499
82,814,357,3838,900.0,0.9
82,814,632,6793,444.0,0.444
83,815,84,816,998.0,0.998
83,815,85,817,988.0,0.988
83,815,86,818,885.0,0.885
83,815,637,6885,729.0,0.729
83,815,725,8473,450.0,0.45
84,816,85,817,983.0,0.983
84,816,86,818,884.0,0.884
84,816,286,2908,422.0,0.422
84,816,675,7407,422.0,0.422
84,816,725,8473,432.0,0.432
85,817,86,818,899.0,0.899
85,817,689,7532,405.0,0.405
85,817,808,9759,457.0,0.457
86,818,263,2516,410.0,0.41
86,818,286,2908,591.0,0.591
87,821,115,1080,801.0,0.801
87,821,171,1650,539.0,0.539
87,821,287,2923,997.0,0.997
87,821,303,3105,595.0,0.595
87,821,311,3309,784.0,0.784
87,821,313,3313,547.0,0.547
87,821,315,3320,427.0,0.427
87,821,316,3326,622.0,0.622
87,821,345,3708,667.0,0.667
87,821,353,3757,457.0,0.457
87,821,433,5034,517.0,0.517
87,821,605,6532,527.0,0.527
87,821,616,6646,422.0,0.422
87,821,626,6776,445.0,0.445
87,821,659,7184,761.0,0.761
87,821,676,7415,538.0,0.538
87,821,677,7417,477.0,0.477
87,821,907,23193,623.0,0.623
87,821,964,50507,666.0,0.666
87,821,1153,493856,440.0,0.44
88,823,89,824,975.0,0.975
88,823,115,1080,430.0,0.43
89,824,90,842,540.0,0.54
89,824,184,1859,457.0,0.457
89,824,551,5747,416.0,0.416
89,824,618,6714,571.0,0.571
90,842,314,3315,442.0,0.442
90,842,382,4193,669.0,0.669
90,842,654,7157,587.0,0.587
90,842,840,10392,691.0,0.691
90,842,1054,79444,887.0,0.887
92,861,93,865,999.0,0.999
92,861,97,894,517.0,0.517
92,861,98,896,680.0,0.68
92,861,110,1021,857.0,0.857
92,861,113,1025,457.0,0.457
92,861,136,1387,953.0,0.953
92,861,138,1436,422.0,0.422
92,861,144,1457,499.0,0.499
92,861,145,1459,499.0,0.499
92,861,146,1460,499.0,0.499
92,861,180,1786,521.0,0.521
92,861,197,2033,974.0,0.974
92,861,216,2099,680.0,0.68
92,861,251,2313,844.0,0.844
92,861,296,3065,976.0,0.976
92,861,297,3066,732.0,0.732
92,861,300,3091,913.0,0.913
92,861,308,3276,937.0,0.937
92,861,562,5914,552.0,0.552
92,861,569,5929,499.0,0.499
92,861,571,5970,746.0,0.746
92,861,574,6046,499.0,0.499
92,861,611,6595,499.0,0.499
92,861,612,6597,630.0,0.63
92,861,618,6714,900.0,0.9
92,861,626,6776,624.0,0.624
92,861,713,8361,630.0,0.63
92,861,755,8841,457.0,0.457
92,861,757,8850,499.0,0.499
92,861,768,9070,499.0,0.499
92,861,800,9611,582.0,0.582
92,861,801,9612,690.0,0.69
92,861,872,11091,499.0,0.499
92,861,900,23067,499.0,0.499
92,861,1005,55193,499.0,0.499
93,865,110,1021,725.0,0.725
93,865,136,1387,499.0,0.499
93,865,144,1457,499.0,0.499
93,865,145,1459,499.0,0.499
93,865,146,1460,499.0,0.499
93,865,197,2033,740.0,0.74
93,865,214,2078,800.0,0.8
93,865,216,2099,499.0,0.499
93,865,251,2313,800.0,0.8
93,865,296,3065,499.0,0.499
93,865,308,3276,830.0,0.83
93,865,415,4738,535.0,0.535
93,865,484,5478,476.0,0.476
93,865,569,5929,499.0,0.499
93,865,574,6046,499.0,0.499
93,865,611,6595,499.0,0.499
93,865,612,6597,499.0,0.499
93,865,639,6921,998.0,0.998
93,865,713,8361,499.0,0.499
93,865,757,8850,499.0,0.499
93,865,768,9070,499.0,0.499
93,865,808,9759,499.0,0.499
93,865,816,9978,444.0,0.444
93,865,818,10013,499.0,0.499
93,865,872,11091,499.0,0.499
93,865,900,23067,499.0,0.499
93,865,1005,55193,499.0,0.499
94,890,95,891,918.0,0.918
94,890,99,898,759.0,0.759
94,890,104,983,999.0,0.999
94,890,106,1017,999.0,0.999
94,890,107,1018,656.0,0.656
94,890,108,1019,989.0,0.989
94,890,109,1020,683.0,0.683
94,890,110,1021,992.0,0.992
94,890,111,1022,552.0,0.552
94,890,136,1387,530.0,0.53
94,890,182,1813,448.0,0.448
94,890,197,2033,548.0,0.548
94,890,356,3832,450.0,0.45
94,890,399,4361,630.0,0.63
94,890,415,4738,800.0,0.8
94,890,439,5111,528.0,0.528
94,890,462,5290,422.0,0.422
94,890,566,5925,845.0,0.845
94,890,636,6872,578.0,0.578
94,890,652,7153,654.0,0.654
94,890,654,7157,974.0,0.974
94,890,739,8607,499.0,0.499
94,890,769,9088,595.0,0.595
94,890,774,9133,596.0,0.596
94,890,816,9978,851.0,0.851
94,890,835,10309,559.0,0.559
94,890,903,23133,457.0,0.457
94,890,980,51592,734.0,0.734
94,890,983,51755,422.0,0.422
95,891,104,983,999.0,0.999
95,891,106,1017,997.0,0.997
95,891,107,1018,652.0,0.652
95,891,109,1020,503.0,0.503
95,891,110,1021,442.0,0.442
95,891,111,1022,457.0,0.457
95,891,186,1956,439.0,0.439
95,891,278,2810,501.0,0.501
95,891,404,4609,608.0,0.608
95,891,439,5111,564.0,0.564
95,891,479,5347,967.0,0.967
95,891,566,5925,457.0,0.457
95,891,571,5970,630.0,0.63
95,891,630,6790,445.0,0.445
95,891,645,7048,576.0,0.576
95,891,652,7153,780.0,0.78
95,891,654,7157,567.0,0.567
95,891,655,7158,405.0,0.405
95,891,668,7298,463.0,0.463
95,891,686,7514,535.0,0.535
95,891,769,9088,595.0,0.595
95,891,774,9133,991.0,0.991
95,891,809,9833,619.0,0.619
95,891,867,10971,593.0,0.593
95,891,1022,55872,464.0,0.464
95,891,1097,112858,400.0,0.4
96,892,101,904,499.0,0.499
96,892,102,905,499.0,0.499
96,892,106,1017,507.0,0.507
96,892,107,1018,990.0,0.99
96,892,108,1019,761.0,0.761
96,892,109,1020,479.0,0.479
96,892,110,1021,589.0,0.589
96,892,112,1024,999.0,0.999
96,892,113,1025,540.0,0.54
96,892,136,1387,628.0,0.628
96,892,197,2033,499.0,0.499
96,892,481,5468,516.0,0.516
96,892,482,5469,944.0,0.944
96,892,587,6256,516.0,0.516
96,892,655,7158,439.0,0.439
96,892,753,8812,499.0,0.499
96,892,757,8850,499.0,0.499
96,892,790,9439,920.0,0.92
96,892,902,23097,999.0,0.999
96,892,918,23476,457.0,0.457
97,894,98,896,906.0,0.906
97,894,104,983,653.0,0.653
97,894,106,1017,924.0,0.924
97,894,108,1019,999.0,0.999
97,894,109,1020,788.0,0.788
97,894,110,1021,999.0,0.999
97,894,439,5111,610.0,0.61
97,894,566,5925,482.0,0.482
98,896,104,983,670.0,0.67
98,896,105,984,425.0,0.425
98,896,106,1017,978.0,0.978
98,896,108,1019,999.0,0.999
98,896,109,1020,658.0,0.658
98,896,110,1021,999.0,0.999
98,896,136,1387,611.0,0.611
98,896,439,5111,671.0,0.671
98,896,451,5218,774.0,0.774
98,896,518,5597,919.0,0.919
98,896,562,5914,491.0,0.491
98,896,566,5925,633.0,0.633
99,898,104,983,738.0,0.738
99,898,106,1017,999.0,0.999
99,898,107,1018,745.0,0.745
99,898,108,1019,968.0,0.968
99,898,109,1020,725.0,0.725
99,898,110,1021,978.0,0.978
99,898,289,2932,542.0,0.542
99,898,439,5111,651.0,0.651
99,898,552,5753,499.0,0.499
99,898,566,5925,716.0,0.716
99,898,612,6597,457.0,0.457
100,902,101,904,941.0,0.941
100,902,102,905,900.0,0.9
100,902,106,1017,661.0,0.661
100,902,111,1022,999.0,0.999
100,902,113,1025,951.0,0.951
100,902,169,1642,499.0,0.499
100,902,216,2099,566.0,0.566
100,902,241,2260,424.0,0.424
100,902,396,4331,999.0,0.999
100,902,439,5111,900.0,0.9
100,902,482,5469,800.0,0.8
100,902,636,6872,800.0,0.8
100,902,654,7157,746.0,0.746
100,902,708,8294,800.0,0.8
100,902,709,8317,562.0,0.562
100,902,711,8359,800.0,0.8
100,902,712,8360,800.0,0.8
100,902,713,8361,800.0,0.8
100,902,714,8364,800.0,0.8
100,902,715,8365,800.0,0.8
100,902,716,8366,800.0,0.8
100,902,717,8367,800.0,0.8
100,902,718,8368,800.0,0.8
100,902,740,8621,720.0,0.72
100,902,746,8731,499.0,0.499
100,902,753,8812,540.0,0.54
100,902,790,9439,832.0,0.832
100,902,816,9978,499.0,0.499
100,902,821,10038,499.0,0.499
100,902,933,25885,499.0,0.499
100,902,983,51755,807.0,0.807
100,902,1102,121504,800.0,0.8
101,904,102,905,984.0,0.984
101,904,104,983,634.0,0.634
101,904,110,1021,573.0,0.573
101,904,111,1022,942.0,0.942
101,904,112,1024,766.0,0.766
101,904,113,1025,999.0,0.999
101,904,184,1859,435.0,0.435
101,904,216,2099,636.0,0.636
101,904,393,4298,998.0,0.998
101,904,396,4331,900.0,0.9
101,904,404,4609,895.0,0.895
101,904,574,6046,707.0,0.707
101,904,639,6921,900.0,0.9
101,904,740,8621,885.0,0.885
101,904,753,8812,589.0,0.589
101,904,918,23476,988.0,0.988
101,904,979,51574,875.0,0.875
101,904,983,51755,849.0,0.849
102,905,111,1022,900.0,0.9
102,905,112,1024,499.0,0.499
102,905,113,1025,999.0,0.999
102,905,393,4298,981.0,0.981
102,905,396,4331,900.0,0.9
102,905,566,5925,556.0,0.556
102,905,639,6921,900.0,0.9
102,905,740,8621,885.0,0.885
102,905,753,8812,821.0,0.821
102,905,918,23476,862.0,0.862
102,905,979,51574,643.0,0.643
102,905,983,51755,849.0,0.849
104,983,106,1017,991.0,0.991
104,983,107,1018,730.0,0.73
104,983,110,1021,468.0,0.468
104,983,111,1022,470.0,0.47
104,983,144,1457,457.0,0.457
104,983,186,1956,541.0,0.541
104,983,197,2033,442.0,0.442
104,983,222,2146,669.0,0.669
104,983,245,2268,423.0,0.423
104,983,278,2810,630.0,0.63
104,983,292,3005,683.0,0.683
104,983,300,3091,613.0,0.613
104,983,315,3320,803.0,0.803
104,983,316,3326,593.0,0.593
104,983,356,3832,682.0,0.682
104,983,369,4067,745.0,0.745
104,983,379,4170,501.0,0.501
104,983,383,4194,498.0,0.498
104,983,439,5111,677.0,0.677
104,983,479,5347,428.0,0.428
104,983,489,5538,573.0,0.573
104,983,515,5594,616.0,0.616
104,983,566,5925,663.0,0.663
104,983,618,6714,444.0,0.444
104,983,630,6790,654.0,0.654
104,983,652,7153,822.0,0.822
104,983,654,7157,631.0,0.631
104,983,655,7158,467.0,0.467
104,983,682,7465,554.0,0.554
104,983,687,7525,480.0,0.48
104,983,713,8361,458.0,0.458
104,983,769,9088,668.0,0.668
104,983,771,9113,777.0,0.777
104,983,774,9133,999.0,0.999
104,983,779,9212,851.0,0.851
104,983,835,10309,546.0,0.546
104,983,858,10733,582.0,0.582
104,983,867,10971,581.0,0.581
104,983,874,11140,476.0,0.476
104,983,918,23476,457.0,0.457
104,983,1022,55872,537.0,0.537
105,984,315,3320,457.0,0.457
105,984,435,5058,457.0,0.457
105,984,874,11140,457.0,0.457
106,1017,107,1018,875.0,0.875
106,1017,108,1019,998.0,0.998
106,1017,109,1020,921.0,0.921
106,1017,110,1021,998.0,0.998
106,1017,111,1022,470.0,0.47
106,1017,136,1387,587.0,0.587
106,1017,186,1956,418.0,0.418
106,1017,197,2033,648.0,0.648
106,1017,278,2810,892.0,0.892
106,1017,289,2932,724.0,0.724
106,1017,292,3005,476.0,0.476
106,1017,300,3091,461.0,0.461
106,1017,315,3320,537.0,0.537
106,1017,399,4361,630.0,0.63
106,1017,415,4738,821.0,0.821
106,1017,422,4869,462.0,0.462
106,1017,439,5111,602.0,0.602
106,1017,454,5241,631.0,0.631
106,1017,552,5753,502.0,0.502
106,1017,566,5925,781.0,0.781
106,1017,630,6790,664.0,0.664
106,1017,654,7157,657.0,0.657
106,1017,682,7465,967.0,0.967
106,1017,709,8317,716.0,0.716
106,1017,710,8318,756.0,0.756
106,1017,758,8851,457.0,0.457
106,1017,771,9113,585.0,0.585
106,1017,774,9133,889.0,0.889
106,1017,816,9978,878.0,0.878
106,1017,835,10309,876.0,0.876
106,1017,865,10926,742.0,0.742
106,1017,1101,120892,459.0,0.459
106,1017,1130,225689,435.0,0.435
107,1018,108,1019,755.0,0.755
107,1018,109,1020,594.0,0.594
107,1018,566,5925,457.0,0.457
107,1018,835,10309,642.0,0.642
108,1019,109,1020,662.0,0.662
108,1019,110,1021,999.0,0.999
108,1019,112,1024,540.0,0.54
108,1019,113,1025,540.0,0.54
108,1019,278,2810,771.0,0.771
108,1019,283,2872,432.0,0.432
108,1019,286,2908,455.0,0.455
108,1019,315,3320,985.0,0.985
108,1019,316,3326,998.0,0.998
108,1019,404,4609,588.0,0.588
108,1019,439,5111,857.0,0.857
108,1019,479,5347,452.0,0.452
108,1019,482,5469,540.0,0.54
108,1019,552,5753,502.0,0.502
108,1019,560,5888,800.0,0.8
108,1019,566,5925,960.0,0.96
108,1019,654,7157,457.0,0.457
108,1019,709,8317,719.0,0.719
108,1019,710,8318,423.0,0.423
108,1019,713,8361,511.0,0.511
108,1019,740,8621,420.0,0.42
108,1019,753,8812,418.0,0.418
108,1019,790,9439,540.0,0.54
108,1019,841,10419,864.0,0.864
108,1019,874,11140,999.0,0.999
108,1019,902,23097,540.0,0.54
109,1020,180,1786,517.0,0.517
109,1020,264,2534,624.0,0.624
109,1020,267,2580,781.0,0.781
109,1020,292,3005,534.0,0.534
109,1020,425,4915,499.0,0.499
109,1020,439,5111,667.0,0.667
109,1020,440,5127,547.0,0.547
109,1020,451,5218,521.0,0.521
109,1020,481,5468,609.0,0.609
109,1020,654,7157,757.0,0.757
109,1020,758,8851,999.0,0.999
109,1020,835,10309,494.0,0.494
109,1020,924,23621,434.0,0.434
109,1020,1101,120892,457.0,0.457
110,1021,112,1024,540.0,0.54
110,1021,113,1025,540.0,0.54
110,1021,306,3178,523.0,0.523
110,1021,439,5111,498.0,0.498
110,1021,482,5469,540.0,0.54
110,1021,566,5925,712.0,0.712
110,1021,625,6774,730.0,0.73
110,1021,790,9439,540.0,0.54
110,1021,874,11140,824.0,0.824
110,1021,902,23097,540.0,0.54
110,1021,941,27102,571.0,0.571
111,1022,112,1024,417.0,0.417
111,1022,113,1025,978.0,0.978
111,1022,169,1642,499.0,0.499
111,1022,197,2033,416.0,0.416
111,1022,216,2099,584.0,0.584
111,1022,297,3066,545.0,0.545
111,1022,396,4331,999.0,0.999
111,1022,439,5111,900.0,0.9
111,1022,482,5469,800.0,0.8
111,1022,636,6872,817.0,0.817
111,1022,654,7157,638.0,0.638
111,1022,708,8294,800.0,0.8
111,1022,709,8317,522.0,0.522
111,1022,711,8359,800.0,0.8
111,1022,712,8360,800.0,0.8
111,1022,713,8361,800.0,0.8
111,1022,714,8364,800.0,0.8
111,1022,715,8365,800.0,0.8
111,1022,716,8366,800.0,0.8
111,1022,717,8367,800.0,0.8
111,1022,718,8368,800.0,0.8
111,1022,740,8621,720.0,0.72
111,1022,746,8731,499.0,0.499
111,1022,753,8812,685.0,0.685
111,1022,790,9439,800.0,0.8
111,1022,802,9641,629.0,0.629
111,1022,816,9978,499.0,0.499
111,1022,821,10038,499.0,0.499
111,1022,874,11140,439.0,0.439
111,1022,918,23476,805.0,0.805
111,1022,933,25885,545.0,0.545
111,1022,983,51755,720.0,0.72
111,1022,1102,121504,800.0,0.8
112,1024,113,1025,739.0,0.739
112,1024,136,1387,630.0,0.63
112,1024,197,2033,499.0,0.499
112,1024,300,3091,710.0,0.71
112,1024,481,5468,516.0,0.516
112,1024,482,5469,965.0,0.965
112,1024,574,6046,420.0,0.42
112,1024,587,6256,516.0,0.516
112,1024,655,7158,459.0,0.459
112,1024,753,8812,499.0,0.499
112,1024,757,8850,677.0,0.677
112,1024,790,9439,944.0,0.944
112,1024,902,23097,988.0,0.988
112,1024,918,23476,486.0,0.486
113,1025,144,1457,422.0,0.422
113,1025,146,1460,420.0,0.42
113,1025,171,1650,420.0,0.42
113,1025,197,2033,409.0,0.409
113,1025,216,2099,499.0,0.499
113,1025,250,2289,457.0,0.457
113,1025,306,3178,420.0,0.42
113,1025,312,3312,408.0,0.408
113,1025,315,3320,673.0,0.673
113,1025,393,4298,995.0,0.995
113,1025,396,4331,900.0,0.9
113,1025,404,4609,540.0,0.54
113,1025,477,5339,457.0,0.457
113,1025,482,5469,872.0,0.872
113,1025,486,5499,418.0,0.418
113,1025,512,5591,457.0,0.457
113,1025,566,5925,457.0,0.457
113,1025,571,5970,712.0,0.712
113,1025,574,6046,746.0,0.746
113,1025,625,6774,734.0,0.734
113,1025,639,6921,900.0,0.9
113,1025,654,7157,588.0,0.588
113,1025,740,8621,819.0,0.819
113,1025,753,8812,994.0,0.994
113,1025,790,9439,685.0,0.685
113,1025,874,11140,724.0,0.724
113,1025,902,23097,660.0,0.66
113,1025,918,23476,989.0,0.989
113,1025,979,51574,893.0,0.893
113,1025,983,51755,847.0,0.847
113,1025,1042,64223,426.0,0.426
114,1075,258,2348,499.0,0.499
115,1080,310,3297,499.0,0.499
115,1080,312,3312,782.0,0.782
115,1080,314,3315,513.0,0.513
115,1080,315,3320,932.0,0.932
115,1080,316,3326,889.0,0.889
115,1080,491,5562,457.0,0.457
115,1080,494,5565,406.0,0.406
115,1080,495,5566,548.0,0.548
115,1080,604,6531,420.0,0.42
115,1080,670,7329,457.0,0.457
115,1080,676,7415,716.0,0.716
115,1080,679,7430,771.0,0.771
115,1080,688,7529,907.0,0.907
115,1080,689,7532,901.0,0.901
115,1080,691,7534,901.0,0.901
115,1080,770,9100,830.0,0.83
115,1080,787,9368,999.0,0.999
115,1080,818,10013,660.0,0.66
115,1080,832,10257,574.0,0.574
115,1080,1110,140735,499.0,0.499
116,1111,144,1457,527.0,0.527
116,1111,169,1642,457.0,0.457
116,1111,180,1786,457.0,0.457
116,1111,315,3320,586.0,0.586
116,1111,316,3326,696.0,0.696
116,1111,355,3815,499.0,0.499
116,1111,383,4194,457.0,0.457
116,1111,512,5591,420.0,0.42
116,1111,560,5888,903.0,0.903
116,1111,654,7157,457.0,0.457
116,1111,655,7158,687.0,0.687
116,1111,688,7529,432.0,0.432
116,1111,691,7534,409.0,0.409
116,1111,697,7874,457.0,0.457
116,1111,938,26524,457.0,0.457
117,1128,118,1129,900.0,0.9
117,1128,119,1131,900.0,0.9
117,1128,121,1133,900.0,0.9
118,1129,120,1132,400.0,0.4
118,1129,128,1213,499.0,0.499
118,1129,889,22848,499.0,0.499
119,1131,121,1133,929.0,0.929
123,1147,128,1213,475.0,0.475
123,1147,136,1387,457.0,0.457
123,1147,137,1432,408.0,0.408
123,1147,181,1794,583.0,0.583
123,1147,197,2033,559.0,0.559
123,1147,216,2099,590.0,0.59
123,1147,249,2288,739.0,0.739
123,1147,250,2289,909.0,0.909
123,1147,262,2475,457.0,0.457
123,1147,314,3315,535.0,0.535
123,1147,315,3320,976.0,0.976
123,1147,316,3326,957.0,0.957
123,1147,330,3551,999.0,0.999
123,1147,342,3654,992.0,0.992
123,1147,384,4214,457.0,0.457
123,1147,385,4215,513.0,0.513
123,1147,404,4609,731.0,0.731
123,1147,420,4790,873.0,0.873
123,1147,500,5578,531.0,0.531
123,1147,501,5579,596.0,0.596
123,1147,510,5588,521.0,0.521
123,1147,529,5608,428.0,0.428
123,1147,531,5610,652.0,0.652
123,1147,571,5970,836.0,0.836
123,1147,581,6195,506.0,0.506
123,1147,618,6714,604.0,0.604
123,1147,637,6885,885.0,0.885
123,1147,649,7099,499.0,0.499
123,1147,650,7124,861.0,0.861
123,1147,654,7157,615.0,0.615
123,1147,747,8737,981.0,0.981
123,1147,801,9612,457.0,0.457
123,1147,802,9641,929.0,0.929
123,1147,843,10454,804.0,0.804
123,1147,874,11140,882.0,0.882
123,1147,954,29110,919.0,0.919
123,1147,1081,84451,477.0,0.477
123,1147,1132,253260,512.0,0.512
125,1195,126,1196,597.0,0.597
125,1195,622,6733,457.0,0.457
125,1195,1035,57396,900.0,0.9
126,1196,127,1198,534.0,0.534
126,1196,622,6733,422.0,0.422
126,1196,762,8899,483.0,0.483
127,1198,250,2289,420.0,0.42
127,1198,622,6733,457.0,0.457
127,1198,690,7533,445.0,0.445
127,1198,691,7534,483.0,0.483
127,1198,785,9360,585.0,0.585
127,1198,979,51574,420.0,0.42
128,1213,179,1785,536.0,0.536
128,1213,186,1956,499.0,0.499
128,1213,204,2047,499.0,0.499
128,1213,205,2048,499.0,0.499
128,1213,206,2049,499.0,0.499
128,1213,207,2050,499.0,0.499
128,1213,208,2051,499.0,0.499
128,1213,267,2580,962.0,0.962
128,1213,285,2885,496.0,0.496
128,1213,312,3312,691.0,0.691
128,1213,330,3551,554.0,0.554
128,1213,422,4869,708.0,0.708
128,1213,424,4914,509.0,0.509
128,1213,458,5286,778.0,0.778
128,1213,462,5290,551.0,0.551
128,1213,467,5295,400.0,0.4
128,1213,515,5594,499.0,0.499
128,1213,581,6195,499.0,0.499
128,1213,582,6196,499.0,0.499
128,1213,583,6197,499.0,0.499
128,1213,625,6774,499.0,0.499
128,1213,637,6885,471.0,0.471
128,1213,763,8986,499.0,0.499
128,1213,780,9252,499.0,0.499
128,1213,793,9451,400.0,0.4
128,1213,830,10188,616.0,0.616
128,1213,889,22848,586.0,0.586
128,1213,918,23476,457.0,0.457
128,1213,944,27330,499.0,0.499
128,1213,946,27436,400.0,0.4
128,1213,979,51574,457.0,0.457
128,1213,1101,120892,457.0,0.457
129,1215,264,2534,916.0,0.916
130,1244,787,9368,658.0,0.658
131,1263,300,3091,457.0,0.457
131,1263,561,5894,904.0,0.904
131,1263,652,7153,418.0,0.418
131,1263,654,7157,457.0,0.457
131,1263,756,8844,834.0,0.834
131,1263,880,11200,539.0,0.539
133,1326,420,4790,944.0,0.944
133,1326,525,5604,457.0,0.457
133,1326,571,5970,703.0,0.703
135,1374,229,2181,754.0,0.754
136,1387,144,1457,439.0,0.439
136,1387,147,1488,445.0,0.445
136,1387,184,1859,457.0,0.457
136,1387,197,2033,998.0,0.998
136,1387,216,2099,938.0,0.938
136,1387,221,2130,552.0,0.552
136,1387,240,2247,523.0,0.523
136,1387,241,2260,753.0,0.753
136,1387,286,2908,630.0,0.63
136,1387,296,3065,578.0,0.578
136,1387,297,3066,533.0,0.533
136,1387,300,3091,999.0,0.999
136,1387,304,3146,528.0,0.528
136,1387,308,3276,671.0,0.671
136,1387,330,3551,542.0,0.542
136,1387,357,3838,682.0,0.682
136,1387,382,4193,627.0,0.627
136,1387,404,4609,628.0,0.628
136,1387,419,4780,845.0,0.845
136,1387,420,4790,785.0,0.785
136,1387,481,5468,992.0,0.992
136,1387,482,5469,478.0,0.478
136,1387,515,5594,653.0,0.653
136,1387,516,5595,457.0,0.457
136,1387,520,5599,584.0,0.584
136,1387,522,5601,445.0,0.445
136,1387,562,5914,711.0,0.711
136,1387,565,5917,414.0,0.414
136,1387,568,5928,480.0,0.48
136,1387,571,5970,996.0,0.996
136,1387,581,6195,755.0,0.755
136,1387,587,6256,953.0,0.953
136,1387,588,6257,650.0,0.65
136,1387,589,6258,650.0,0.65
136,1387,612,6597,853.0,0.853
136,1387,618,6714,888.0,0.888
136,1387,625,6774,633.0,0.633
136,1387,626,6776,907.0,0.907
136,1387,654,7157,999.0,0.999
136,1387,655,7158,439.0,0.439
136,1387,670,7329,511.0,0.511
136,1387,697,7874,489.0,0.489
136,1387,708,8294,900.0,0.9
136,1387,711,8359,900.0,0.9
136,1387,712,8360,900.0,0.9
136,1387,713,8361,960.0,0.96
136,1387,714,8364,900.0,0.9
136,1387,715,8365,900.0,0.9
136,1387,716,8366,900.0,0.9
136,1387,717,8367,900.0,0.9
136,1387,718,8368,900.0,0.9
136,1387,757,8850,997.0,0.997
136,1387,790,9439,517.0,0.517
136,1387,800,9611,466.0,0.466
136,1387,848,10498,822.0,0.822
136,1387,849,10521,554.0,0.554
136,1387,902,23097,499.0,0.499
136,1387,918,23476,433.0,0.433
136,1387,950,28996,545.0,0.545
136,1387,981,51701,507.0,0.507
136,1387,1102,121504,900.0,0.9
137,1432,144,1457,426.0,0.426
137,1432,146,1460,420.0,0.42
137,1432,183,1843,915.0,0.915
137,1432,186,1956,583.0,0.583
137,1432,197,2033,457.0,0.457
137,1432,283,2872,548.0,0.548
137,1432,289,2932,487.0,0.487
137,1432,291,2950,548.0,0.548
137,1432,300,3091,432.0,0.432
137,1432,307,3265,480.0,0.48
137,1432,314,3315,510.0,0.51
137,1432,330,3551,420.0,0.42
137,1432,348,3718,420.0,0.42
137,1432,358,3845,684.0,0.684
137,1432,404,4609,476.0,0.476
137,1432,420,4790,405.0,0.405
137,1432,507,5585,742.0,0.742
137,1432,515,5594,804.0,0.804
137,1432,516,5595,765.0,0.765
137,1432,527,5606,926.0,0.926
137,1432,529,5608,963.0,0.963
137,1432,566,5925,457.0,0.457
137,1432,571,5970,621.0,0.621
137,1432,583,6197,547.0,0.547
137,1432,596,6416,751.0,0.751
137,1432,618,6714,454.0,0.454
137,1432,644,7046,523.0,0.523
137,1432,654,7157,632.0,0.632
137,1432,696,7867,916.0,0.916
137,1432,732,8550,786.0,0.786
137,1432,736,8569,621.0,0.621
137,1432,763,8986,457.0,0.457
137,1432,780,9252,457.0,0.457
137,1432,781,9261,998.0,0.998
137,1432,843,10454,996.0,0.996
137,1432,855,10645,545.0,0.545
137,1432,945,27347,455.0,0.455
137,1432,985,51776,598.0,0.598
137,1432,1095,91807,436.0,0.436
138,1436,186,1956,536.0,0.536
138,1436,264,2534,630.0,0.63
138,1436,285,2885,868.0,0.868
138,1436,295,3055,761.0,0.761
138,1436,338,3635,499.0,0.499
138,1436,339,3636,499.0,0.499
138,1436,369,4067,630.0,0.63
138,1436,462,5290,630.0,0.63
138,1436,463,5291,499.0,0.499
138,1436,466,5294,499.0,0.499
138,1436,467,5295,835.0,0.835
138,1436,617,6654,630.0,0.63
138,1436,618,6714,684.0,0.684
138,1436,625,6774,499.0,0.499
138,1436,649,7099,418.0,0.418
138,1436,687,7525,630.0,0.63
139,1445,186,1956,677.0,0.677
139,1445,212,2065,616.0,0.616
139,1445,216,2099,722.0,0.722
139,1445,217,2100,474.0,0.474
139,1445,253,2322,499.0,0.499
139,1445,261,2444,555.0,0.555
139,1445,264,2534,809.0,0.809
139,1445,285,2885,428.0,0.428
139,1445,307,3265,499.0,0.499
139,1445,315,3320,505.0,0.505
139,1445,316,3326,505.0,0.505
139,1445,343,3690,416.0,0.416
139,1445,358,3845,499.0,0.499
139,1445,359,3932,799.0,0.799
139,1445,375,4140,400.0,0.4
139,1445,378,4145,538.0,0.538
139,1445,454,5241,423.0,0.423
139,1445,515,5594,499.0,0.499
139,1445,516,5595,499.0,0.499
139,1445,525,5604,506.0,0.506
139,1445,526,5605,506.0,0.506
139,1445,551,5747,443.0,0.443
139,1445,561,5894,499.0,0.499
139,1445,618,6714,995.0,0.995
139,1445,625,6774,512.0,0.512
139,1445,688,7529,584.0,0.584
139,1445,756,8844,400.0,0.4
139,1445,787,9368,513.0,0.513
140,1452,141,1453,515.0,0.515
140,1452,288,2931,984.0,0.984
140,1452,289,2932,997.0,0.997
140,1452,315,3320,457.0,0.457
140,1452,382,4193,862.0,0.862
140,1452,383,4194,791.0,0.791
140,1452,587,6256,412.0,0.412
140,1452,613,6608,799.0,0.799
140,1452,614,6622,457.0,0.457
140,1452,654,7157,632.0,0.632
140,1452,691,7534,408.0,0.408
140,1452,816,9978,499.0,0.499
140,1452,968,51185,985.0,0.985
140,1452,1103,122011,677.0,0.677
140,1452,1110,140735,420.0,0.42
141,1453,180,1786,424.0,0.424
141,1453,382,4193,457.0,0.457
141,1453,495,5566,909.0,0.909
141,1453,496,5567,900.0,0.9
141,1453,497,5568,900.0,0.9
141,1453,614,6622,548.0,0.548
141,1453,654,7157,542.0,0.542
141,1453,924,23621,400.0,0.4
142,1455,143,1456,509.0,0.509
142,1455,495,5566,900.0,0.9
142,1455,496,5567,900.0,0.9
142,1455,497,5568,900.0,0.9
142,1455,989,53944,735.0,0.735
143,1456,495,5566,900.0,0.9
143,1456,496,5567,900.0,0.9
143,1456,497,5568,900.0,0.9
143,1456,989,53944,685.0,0.685
144,1457,145,1459,962.0,0.962
144,1457,146,1460,999.0,0.999
144,1457,296,3065,884.0,0.884
144,1457,297,3066,876.0,0.876
144,1457,315,3320,457.0,0.457
144,1457,382,4193,457.0,0.457
144,1457,515,5594,422.0,0.422
144,1457,568,5928,815.0,0.815
144,1457,571,5970,422.0,0.422
144,1457,574,6046,566.0,0.566
144,1457,614,6622,457.0,0.457
144,1457,652,7153,611.0,0.611
144,1457,654,7157,659.0,0.659
144,1457,697,7874,493.0,0.493
144,1457,700,8019,424.0,0.424
144,1457,725,8473,972.0,0.972
144,1457,755,8841,463.0,0.463
144,1457,788,9373,424.0,0.424
144,1457,874,11140,422.0,0.422
144,1457,896,23028,457.0,0.457
144,1457,915,23411,457.0,0.457
144,1457,918,23476,459.0,0.459
144,1457,922,23613,564.0,0.564
144,1457,933,25885,448.0,0.448
144,1457,1051,65980,420.0,0.42
144,1457,1065,80312,540.0,0.54
144,1457,1071,83732,422.0,0.422
144,1457,1136,283106,900.0,0.9
144,1457,1155,728642,435.0,0.435
145,1459,146,1460,988.0,0.988
145,1459,315,3320,511.0,0.511
145,1459,515,5594,726.0,0.726
145,1459,574,6046,566.0,0.566
145,1459,654,7157,622.0,0.622
145,1459,700,8019,566.0,0.566
145,1459,918,23476,459.0,0.459
145,1459,922,23613,564.0,0.564
145,1459,943,27154,560.0,0.56
145,1459,979,51574,457.0,0.457
145,1459,1136,283106,900.0,0.9
145,1459,1155,728642,435.0,0.435
146,1460,330,3551,420.0,0.42
146,1460,369,4067,420.0,0.42
146,1460,472,5305,451.0,0.451
146,1460,574,6046,575.0,0.575
146,1460,581,6195,617.0,0.617
146,1460,582,6196,544.0,0.544
146,1460,583,6197,491.0,0.491
146,1460,652,7153,600.0,0.6
146,1460,653,7155,408.0,0.408
146,1460,654,7157,473.0,0.473
146,1460,682,7465,457.0,0.457
146,1460,700,8019,420.0,0.42
146,1460,788,9373,447.0,0.447
146,1460,918,23476,457.0,0.457
146,1460,922,23613,461.0,0.461
146,1460,979,51574,457.0,0.457
146,1460,1060,79837,420.0,0.42
146,1460,1136,283106,941.0,0.941
146,1460,1155,728642,435.0,0.435
147,1488,197,2033,890.0,0.89
147,1488,296,3065,950.0,0.95
147,1488,297,3066,953.0,0.953
147,1488,382,4193,793.0,0.793
147,1488,757,8850,606.0,0.606
147,1488,776,9149,598.0,0.598
147,1488,803,9656,439.0,0.439
147,1488,806,9734,436.0,0.436
147,1488,864,10919,478.0,0.478
147,1488,896,23028,685.0,0.685
147,1488,906,23186,863.0,0.863
147,1488,950,28996,439.0,0.439
148,1504,533,5644,569.0,0.569
149,1508,152,1514,929.0,0.929
149,1508,475,5327,540.0,0.54
149,1508,476,5328,601.0,0.601
149,1508,478,5340,405.0,0.405
150,1509,302,3098,434.0,0.434
150,1509,476,5328,424.0,0.424
150,1509,691,7534,418.0,0.418
151,1511,192,1991,988.0,0.988
151,1511,304,3146,410.0,0.41
151,1511,398,4353,982.0,0.982
153,1544,159,1576,900.0,0.9
153,1544,236,2235,575.0,0.575
153,1544,268,2597,980.0,0.98
154,1555,157,1559,900.0,0.9
155,1557,156,1558,927.0,0.927
155,1557,157,1559,967.0,0.967
156,1558,157,1559,900.0,0.9
157,1559,158,1565,705.0,0.705
159,1576,160,1577,935.0,0.935
159,1576,671,7364,856.0,0.856
163,1592,1023,56603,900.0,0.9
164,1612,165,1613,913.0,0.913
164,1612,194,2011,442.0,0.442
164,1612,364,3984,412.0,0.412
164,1612,374,4139,433.0,0.433
164,1612,516,5595,720.0,0.72
164,1612,654,7157,671.0,0.671
164,1612,825,10097,418.0,0.418
164,1612,921,23604,900.0,0.9
165,1613,286,2908,452.0,0.452
165,1613,382,4193,457.0,0.457
165,1613,511,5590,559.0,0.559
165,1613,921,23604,900.0,0.9
167,1633,409,4698,532.0,0.532
167,1633,410,4716,498.0,0.498
167,1633,411,4719,485.0,0.485
167,1633,412,4720,505.0,0.505
167,1633,413,4722,426.0,0.426
167,1633,414,4729,432.0,0.432
167,1633,423,4907,900.0,0.9
167,1633,965,51079,428.0,0.428
168,1636,405,4627,508.0,0.508
169,1642,180,1786,457.0,0.457
169,1642,197,2033,810.0,0.81
169,1642,262,2475,734.0,0.734
169,1642,296,3065,566.0,0.566
169,1642,297,3066,457.0,0.457
169,1642,382,4193,508.0,0.508
169,1642,384,4214,422.0,0.422
169,1642,396,4331,499.0,0.499
169,1642,404,4609,420.0,0.42
169,1642,415,4738,565.0,0.565
169,1642,439,5111,630.0,0.63
169,1642,568,5928,510.0,0.51
169,1642,569,5929,748.0,0.748
169,1642,658,7182,462.0,0.462
169,1642,708,8294,800.0,0.8
169,1642,711,8359,800.0,0.8
169,1642,712,8360,800.0,0.8
169,1642,713,8361,886.0,0.886
169,1642,714,8364,800.0,0.8
169,1642,715,8365,800.0,0.8
169,1642,716,8366,800.0,0.8
169,1642,717,8367,800.0,0.8
169,1642,718,8368,800.0,0.8
169,1642,724,8445,812.0,0.812
169,1642,753,8812,859.0,0.859
169,1642,796,9493,519.0,0.519
169,1642,801,9612,410.0,0.41
169,1642,816,9978,999.0,0.999
169,1642,821,10038,577.0,0.577
169,1642,872,11091,742.0,0.742
169,1642,968,51185,999.0,0.999
169,1642,983,51755,951.0,0.951
169,1642,1101,120892,457.0,0.457
169,1642,1102,121504,800.0,0.8
171,1650,677,7417,418.0,0.418
172,1653,173,1654,420.0,0.42
172,1653,193,1994,466.0,0.466
172,1653,399,4361,424.0,0.424
173,1654,188,1973,664.0,0.664
173,1654,189,1974,475.0,0.475
173,1654,190,1977,979.0,0.979
173,1654,191,1981,935.0,0.935
173,1654,306,3178,547.0,0.547
173,1654,315,3320,403.0,0.403
173,1654,316,3326,414.0,0.414
173,1654,334,3614,570.0,0.57
173,1654,654,7157,485.0,0.485
173,1654,686,7514,954.0,0.954
173,1654,706,8239,425.0,0.425
173,1654,802,9641,989.0,0.989
173,1654,849,10521,755.0,0.755
173,1654,940,26986,800.0,0.8
173,1654,954,29110,998.0,0.998
173,1654,1101,120892,457.0,0.457
175,1719,317,3329,458.0,0.458
175,1719,654,7157,527.0,0.527
175,1719,668,7298,968.0,0.968
177,1737,290,2936,514.0,0.514
177,1737,389,4282,610.0,0.61
177,1737,412,4720,471.0,0.471
177,1737,448,5163,679.0,0.679
177,1737,626,6776,698.0,0.698
177,1737,666,7296,514.0,0.514
177,1737,702,8050,994.0,0.994
178,1760,618,6714,483.0,0.483
179,1785,285,2885,651.0,0.651
179,1785,446,5156,632.0,0.632
179,1785,551,5747,514.0,0.514
179,1785,615,6624,418.0,0.418
179,1785,618,6714,780.0,0.78
180,1786,222,2146,995.0,0.995
180,1786,296,3065,998.0,0.998
180,1786,297,3066,997.0,0.997
180,1786,404,4609,406.0,0.406
180,1786,439,5111,966.0,0.966
180,1786,562,5914,627.0,0.627
180,1786,566,5925,457.0,0.457
180,1786,568,5928,670.0,0.67
180,1786,625,6774,885.0,0.885
180,1786,631,6792,675.0,0.675
180,1786,654,7157,984.0,0.984
180,1786,658,7182,758.0,0.758
180,1786,674,7403,631.0,0.631
180,1786,697,7874,993.0,0.993
180,1786,713,8361,685.0,0.685
180,1786,800,9611,825.0,0.825
180,1786,864,10919,990.0,0.99
180,1786,876,11176,810.0,0.81
180,1786,887,11335,631.0,0.631
180,1786,896,23028,988.0,0.988
180,1786,915,23411,741.0,0.741
180,1786,918,23476,457.0,0.457
180,1786,1056,79723,494.0,0.494
180,1786,1058,79813,759.0,0.759
180,1786,1068,80854,753.0,0.753
180,1786,1082,84456,514.0,0.514
181,1794,342,3654,611.0,0.611
181,1794,559,5879,852.0,0.852
182,1813,318,3350,414.0,0.414
182,1813,319,3356,724.0,0.724
182,1813,472,5305,431.0,0.431
182,1813,604,6531,925.0,0.925
182,1813,623,6755,654.0,0.654
183,1843,186,1956,443.0,0.443
183,1843,296,3065,609.0,0.609
183,1843,515,5594,708.0,0.708
183,1843,516,5595,705.0,0.705
183,1843,520,5599,665.0,0.665
183,1843,521,5600,458.0,0.458
183,1843,590,6300,457.0,0.457
183,1843,940,26986,520.0,0.52
184,1859,197,2033,457.0,0.457
184,1859,255,2339,457.0,0.457
184,1859,256,2342,530.0,0.53
184,1859,289,2932,728.0,0.728
184,1859,495,5566,514.0,0.514
184,1859,496,5567,514.0,0.514
184,1859,566,5925,457.0,0.457
184,1859,580,6098,432.0,0.432
184,1859,688,7529,457.0,0.457
184,1859,690,7533,420.0,0.42
184,1859,874,11140,435.0,0.435
184,1859,1110,140735,457.0,0.457
185,1909,379,4170,443.0,0.443
186,1956,187,1969,839.0,0.839
186,1956,195,2023,846.0,0.846
186,1956,207,2050,555.0,0.555
186,1956,211,2064,999.0,0.999
186,1956,212,2065,999.0,0.999
186,1956,213,2066,991.0,0.991
186,1956,216,2099,850.0,0.85
186,1956,230,2185,677.0,0.677
186,1956,238,2241,541.0,0.541
186,1956,240,2247,645.0,0.645
186,1956,245,2268,564.0,0.564
186,1956,257,2346,437.0,0.437
186,1956,261,2444,523.0,0.523
186,1956,264,2534,727.0,0.727
186,1956,268,2597,528.0,0.528
186,1956,276,2773,457.0,0.457
186,1956,278,2810,523.0,0.523
186,1956,285,2885,999.0,0.999
186,1956,286,2908,752.0,0.752
186,1956,291,2950,470.0,0.47
186,1956,295,3055,523.0,0.523
186,1956,296,3065,566.0,0.566
186,1956,307,3265,648.0,0.648
186,1956,311,3309,629.0,0.629
186,1956,312,3312,659.0,0.659
186,1956,313,3313,400.0,0.4
186,1956,314,3315,615.0,0.615
186,1956,315,3320,993.0,0.993
186,1956,316,3326,989.0,0.989
186,1956,328,3480,974.0,0.974
186,1956,331,3553,678.0,0.678
186,1956,332,3569,806.0,0.806
186,1956,339,3636,514.0,0.514
186,1956,344,3702,523.0,0.523
186,1956,346,3716,832.0,0.832
186,1956,347,3717,828.0,0.828
186,1956,348,3718,699.0,0.699
186,1956,351,3752,403.0,0.403
186,1956,354,3791,657.0,0.657
186,1956,358,3845,457.0,0.457
186,1956,362,3956,422.0,0.422
186,1956,369,4067,523.0,0.523
186,1956,378,4145,630.0,0.63
186,1956,385,4215,523.0,0.523
186,1956,388,4233,980.0,0.98
186,1956,395,4323,506.0,0.506
186,1956,401,4486,699.0,0.699
186,1956,420,4790,523.0,0.523
186,1956,425,4915,782.0,0.782
186,1956,434,5052,541.0,0.541
186,1956,435,5058,523.0,0.523
186,1956,446,5156,960.0,0.96
186,1956,447,5159,997.0,0.997
186,1956,459,5287,660.0,0.66
186,1956,462,5290,899.0,0.899
186,1956,463,5291,650.0,0.65
186,1956,464,5292,523.0,0.523
186,1956,467,5295,944.0,0.944
186,1956,468,5296,696.0,0.696
186,1956,481,5468,622.0,0.622
186,1956,495,5566,457.0,0.457
186,1956,500,5578,815.0,0.815
186,1956,503,5581,523.0,0.523
186,1956,511,5590,545.0,0.545
186,1956,512,5591,882.0,0.882
186,1956,520,5599,687.0,0.687
186,1956,522,5601,523.0,0.523
186,1956,526,5605,403.0,0.403
186,1956,551,5747,982.0,0.982
186,1956,552,5753,981.0,0.981
186,1956,561,5894,644.0,0.644
186,1956,572,5979,523.0,0.523
186,1956,601,6510,456.0,0.456
186,1956,614,6622,523.0,0.523
186,1956,617,6654,948.0,0.948
186,1956,618,6714,991.0,0.991
186,1956,625,6774,968.0,0.968
186,1956,626,6776,920.0,0.92
186,1956,650,7124,653.0,0.653
186,1956,659,7184,457.0,0.457
186,1956,662,7276,478.0,0.478
186,1956,665,7295,509.0,0.509
186,1956,667,7297,724.0,0.724
186,1956,679,7430,766.0,0.766
186,1956,687,7525,739.0,0.739
186,1956,688,7529,523.0,0.523
186,1956,691,7534,609.0,0.609
186,1956,692,7535,726.0,0.726
186,1956,694,7846,523.0,0.523
186,1956,747,8737,604.0,0.604
186,1956,787,9368,793.0,0.793
186,1956,818,10013,674.0,0.674
186,1956,830,10188,541.0,0.541
186,1956,843,10454,541.0,0.541
186,1956,867,10971,523.0,0.523
186,1956,874,11140,763.0,0.763
186,1956,879,11184,523.0,0.523
186,1956,926,23678,439.0,0.439
186,1956,977,51564,564.0,0.564
186,1956,1071,83732,541.0,0.541
186,1956,1101,120892,499.0,0.499
186,1956,1132,253260,408.0,0.408
187,1969,198,2041,974.0,0.974
187,1969,199,2042,512.0,0.512
187,1969,200,2043,789.0,0.789
187,1969,201,2044,649.0,0.649
187,1969,202,2045,730.0,0.73
187,1969,203,2046,477.0,0.477
187,1969,204,2047,606.0,0.606
187,1969,205,2048,771.0,0.771
187,1969,206,2049,639.0,0.639
187,1969,207,2050,772.0,0.772
187,1969,208,2051,674.0,0.674
187,1969,211,2064,720.0,0.72
187,1969,285,2885,863.0,0.863
187,1969,296,3065,424.0,0.424
187,1969,328,3480,403.0,0.403
187,1969,339,3636,998.0,0.998
187,1969,369,4067,752.0,0.752
187,1969,467,5295,420.0,0.42
187,1969,527,5606,430.0,0.43
187,1969,551,5747,559.0,0.559
187,1969,559,5879,543.0,0.543
187,1969,618,6714,589.0,0.589
187,1969,1139,285220,822.0,0.822
188,1973,189,1974,988.0,0.988
188,1973,190,1977,999.0,0.999
188,1973,191,1981,999.0,0.999
188,1973,422,4869,437.0,0.437
188,1973,638,6897,400.0,0.4
188,1973,681,7458,991.0,0.991
188,1973,736,8569,668.0,0.668
188,1973,916,23435,468.0,0.468
188,1973,918,23476,457.0,0.457
188,1973,940,26986,995.0,0.995
189,1974,190,1977,997.0,0.997
189,1974,191,1981,999.0,0.999
189,1974,681,7458,973.0,0.973
189,1974,736,8569,668.0,0.668
189,1974,940,26986,993.0,0.993
190,1977,191,1981,999.0,0.999
190,1977,300,3091,456.0,0.456
190,1977,584,6198,729.0,0.729
190,1977,638,6897,458.0,0.458
190,1977,681,7458,960.0,0.96
190,1977,736,8569,461.0,0.461
190,1977,746,8731,900.0,0.9
190,1977,940,26986,998.0,0.998
191,1981,193,1994,578.0,0.578
191,1981,283,2872,570.0,0.57
191,1981,312,3312,871.0,0.871
191,1981,314,3315,986.0,0.986
191,1981,487,5520,499.0,0.499
191,1981,546,5696,429.0,0.429
191,1981,586,6240,687.0,0.687
191,1981,681,7458,973.0,0.973
191,1981,704,8087,586.0,0.586
191,1981,736,8569,938.0,0.938
191,1981,770,9100,457.0,0.457
191,1981,917,23450,420.0,0.42
191,1981,918,23476,460.0,0.46
191,1981,940,26986,998.0,0.998
191,1981,1014,55737,577.0,0.577
192,1991,304,3146,744.0,0.744
192,1991,398,4353,984.0,0.984
193,1994,306,3178,677.0,0.677
193,1994,377,4144,416.0,0.416
193,1994,379,4170,633.0,0.633
193,1994,382,4193,404.0,0.404
193,1994,500,5578,457.0,0.457
193,1994,502,5580,457.0,0.457
193,1994,650,7124,458.0,0.458
193,1994,651,7150,422.0,0.422
193,1994,654,7157,632.0,0.632
193,1994,686,7514,822.0,0.822
193,1994,818,10013,420.0,0.42
193,1994,867,10971,555.0,0.555
193,1994,940,26986,806.0,0.806
194,2011,307,3265,412.0,0.412
194,2011,358,3845,564.0,0.564
194,2011,374,4139,675.0,0.675
194,2011,375,4140,647.0,0.647
194,2011,506,5584,647.0,0.647
194,2011,633,6794,575.0,0.575
194,2011,688,7529,457.0,0.457
194,2011,689,7532,457.0,0.457
194,2011,690,7533,457.0,0.457
194,2011,691,7534,457.0,0.457
194,2011,867,10971,457.0,0.457
194,2011,1036,57551,530.0,0.53
195,2023,264,2534,457.0,0.457
195,2023,268,2597,902.0,0.902
195,2023,312,3312,474.0,0.474
195,2023,315,3320,462.0,0.462
195,2023,316,3326,463.0,0.463
195,2023,453,5230,855.0,0.855
195,2023,474,5315,461.0,0.461
195,2023,478,5340,987.0,0.987
195,2023,484,5478,679.0,0.679
195,2023,618,6714,457.0,0.457
195,2023,649,7099,552.0,0.552
195,2023,656,7167,748.0,0.748
195,2023,663,7277,499.0,0.499
195,2023,676,7415,499.0,0.499
195,2023,691,7534,490.0,0.49
195,2023,694,7846,553.0,0.553
195,2023,979,51574,457.0,0.457
197,2033,216,2099,941.0,0.941
197,2033,217,2100,483.0,0.483
197,2033,220,2115,478.0,0.478
197,2033,221,2130,457.0,0.457
197,2033,222,2146,712.0,0.712
197,2033,237,2237,626.0,0.626
197,2033,268,2597,527.0,0.527
197,2033,286,2908,666.0,0.666
197,2033,296,3065,981.0,0.981
197,2033,297,3066,649.0,0.649
197,2033,300,3091,999.0,0.999
197,2033,308,3276,974.0,0.974
197,2033,311,3309,457.0,0.457
197,2033,379,4170,457.0,0.457
197,2033,382,4193,987.0,0.987
197,2033,404,4609,988.0,0.988
197,2033,419,4780,873.0,0.873
197,2033,420,4790,982.0,0.982
197,2033,422,4869,463.0,0.463
197,2033,439,5111,457.0,0.457
197,2033,454,5241,630.0,0.63
197,2033,481,5468,968.0,0.968
197,2033,482,5469,813.0,0.813
197,2033,500,5578,457.0,0.457
197,2033,515,5594,547.0,0.547
197,2033,562,5914,653.0,0.653
197,2033,566,5925,457.0,0.457
197,2033,569,5929,645.0,0.645
197,2033,571,5970,993.0,0.993
197,2033,574,6046,499.0,0.499
197,2033,577,6095,926.0,0.926
197,2033,587,6256,835.0,0.835
197,2033,588,6257,650.0,0.65
197,2033,589,6258,650.0,0.65
197,2033,612,6597,915.0,0.915
197,2033,618,6714,919.0,0.919
197,2033,625,6774,989.0,0.989
197,2033,626,6776,637.0,0.637
197,2033,644,7046,534.0,0.534
197,2033,654,7157,999.0,0.999
197,2033,670,7329,457.0,0.457
197,2033,672,7376,541.0,0.541
197,2033,683,7468,428.0,0.428
197,2033,695,7862,499.0,0.499
197,2033,708,8294,926.0,0.926
197,2033,711,8359,900.0,0.9
197,2033,712,8360,900.0,0.9
197,2033,713,8361,970.0,0.97
197,2033,714,8364,900.0,0.9
197,2033,715,8365,900.0,0.9
197,2033,716,8366,900.0,0.9
197,2033,717,8367,900.0,0.9
197,2033,718,8368,900.0,0.9
197,2033,755,8841,593.0,0.593
197,2033,757,8850,998.0,0.998
197,2033,760,8877,457.0,0.457
197,2033,768,9070,630.0,0.63
197,2033,776,9149,446.0,0.446
197,2033,780,9252,414.0,0.414
197,2033,790,9439,517.0,0.517
197,2033,806,9734,843.0,0.843
197,2033,808,9759,453.0,0.453
197,2033,818,10013,900.0,0.9
197,2033,824,10062,675.0,0.675
197,2033,841,10419,499.0,0.499
197,2033,848,10498,990.0,0.99
197,2033,849,10521,732.0,0.732
197,2033,863,10856,549.0,0.549
197,2033,872,11091,817.0,0.817
197,2033,891,22933,486.0,0.486
197,2033,896,23028,419.0,0.419
197,2033,900,23067,499.0,0.499
197,2033,902,23097,499.0,0.499
197,2033,904,23135,438.0,0.438
197,2033,915,23411,635.0,0.635
197,2033,918,23476,941.0,0.941
197,2033,929,23774,499.0,0.499
197,2033,933,25885,499.0,0.499
197,2033,943,27154,499.0,0.499
197,2033,950,28996,622.0,0.622
197,2033,955,29117,898.0,0.898
197,2033,977,51564,768.0,0.768
197,2033,1102,121504,900.0,0.9
198,2041,199,2042,510.0,0.51
198,2041,200,2043,645.0,0.645
198,2041,201,2044,460.0,0.46
198,2041,202,2045,493.0,0.493
198,2041,203,2046,400.0,0.4
198,2041,204,2047,552.0,0.552
198,2041,205,2048,499.0,0.499
198,2041,206,2049,499.0,0.499
198,2041,207,2050,499.0,0.499
198,2041,208,2051,499.0,0.499
198,2041,211,2064,596.0,0.596
198,2041,264,2534,511.0,0.511
198,2041,339,3636,422.0,0.422
198,2041,359,3932,416.0,0.416
198,2041,425,4915,525.0,0.525
198,2041,1139,285220,513.0,0.513
199,2042,200,2043,827.0,0.827
199,2042,201,2044,874.0,0.874
199,2042,202,2045,853.0,0.853
199,2042,203,2046,465.0,0.465
199,2042,204,2047,499.0,0.499
199,2042,205,2048,659.0,0.659
199,2042,206,2049,499.0,0.499
199,2042,207,2050,556.0,0.556
199,2042,208,2051,499.0,0.499
199,2042,211,2064,596.0,0.596
199,2042,354,3791,432.0,0.432
199,2042,1139,285220,650.0,0.65
200,2043,201,2044,739.0,0.739
200,2043,202,2045,691.0,0.691
200,2043,203,2046,466.0,0.466
200,2043,204,2047,728.0,0.728
200,2043,205,2048,908.0,0.908
200,2043,206,2049,499.0,0.499
200,2043,207,2050,499.0,0.499
200,2043,208,2051,499.0,0.499
200,2043,211,2064,596.0,0.596
200,2043,241,2260,792.0,0.792
200,2043,242,2261,501.0,0.501
200,2043,244,2264,466.0,0.466
200,2043,384,4214,439.0,0.439
200,2043,1139,285220,532.0,0.532
201,2044,202,2045,638.0,0.638
201,2044,203,2046,450.0,0.45
201,2044,204,2047,541.0,0.541
201,2044,205,2048,648.0,0.648
201,2044,206,2049,637.0,0.637
201,2044,207,2050,715.0,0.715
201,2044,208,2051,499.0,0.499
201,2044,211,2064,596.0,0.596
201,2044,1139,285220,573.0,0.573
202,2045,203,2046,573.0,0.573
202,2045,204,2047,499.0,0.499
202,2045,205,2048,593.0,0.593
202,2045,206,2049,499.0,0.499
202,2045,207,2050,593.0,0.593
202,2045,208,2051,499.0,0.499
202,2045,425,4915,407.0,0.407
202,2045,1139,285220,400.0,0.4
203,2046,204,2047,499.0,0.499
203,2046,205,2048,499.0,0.499
203,2046,206,2049,499.0,0.499
203,2046,207,2050,542.0,0.542
203,2046,208,2051,499.0,0.499
203,2046,295,3055,414.0,0.414
203,2046,612,6597,411.0,0.411
203,2046,1139,285220,605.0,0.605
204,2047,205,2048,459.0,0.459
204,2047,206,2049,400.0,0.4
204,2047,207,2050,623.0,0.623
204,2047,208,2051,853.0,0.853
204,2047,211,2064,596.0,0.596
204,2047,264,2534,499.0,0.499
204,2047,285,2885,568.0,0.568
204,2047,435,5058,499.0,0.499
204,2047,436,5062,499.0,0.499
204,2047,437,5063,499.0,0.499
204,2047,559,5879,515.0,0.515
204,2047,618,6714,647.0,0.647
204,2047,1139,285220,704.0,0.704
205,2048,206,2049,642.0,0.642
205,2048,207,2050,800.0,0.8
205,2048,208,2051,636.0,0.636
205,2048,211,2064,596.0,0.596
205,2048,264,2534,552.0,0.552
205,2048,435,5058,499.0,0.499
205,2048,436,5062,499.0,0.499
205,2048,437,5063,499.0,0.499
205,2048,559,5879,515.0,0.515
205,2048,618,6714,787.0,0.787
205,2048,1139,285220,531.0,0.531
206,2049,207,2050,565.0,0.565
206,2049,208,2051,402.0,0.402
206,2049,211,2064,596.0,0.596
206,2049,264,2534,772.0,0.772
206,2049,435,5058,499.0,0.499
206,2049,436,5062,499.0,0.499
206,2049,437,5063,499.0,0.499
206,2049,559,5879,515.0,0.515
206,2049,618,6714,499.0,0.499
206,2049,1139,285220,499.0,0.499
207,2050,208,2051,788.0,0.788
207,2050,264,2534,499.0,0.499
207,2050,296,3065,422.0,0.422
207,2050,435,5058,499.0,0.499
207,2050,436,5062,499.0,0.499
207,2050,437,5063,499.0,0.499
207,2050,551,5747,491.0,0.491
207,2050,559,5879,557.0,0.557
207,2050,618,6714,499.0,0.499
207,2050,1139,285220,593.0,0.593
208,2051,211,2064,596.0,0.596
208,2051,264,2534,499.0,0.499
208,2051,435,5058,499.0,0.499
208,2051,436,5062,499.0,0.499
208,2051,437,5063,499.0,0.499
208,2051,559,5879,499.0,0.499
208,2051,618,6714,499.0,0.499
208,2051,1139,285220,499.0,0.499
210,2058,226,2159,796.0,0.796
210,2058,268,2597,998.0,0.998
210,2058,325,3376,999.0,0.999
210,2058,349,3735,997.0,0.997
210,2058,376,4141,999.0,0.999
210,2058,387,4217,539.0,0.539
210,2058,556,5859,996.0,0.996
210,2058,565,5917,996.0,0.996
210,2058,698,7965,998.0,0.998
210,2058,713,8361,457.0,0.457
210,2058,734,8565,814.0,0.814
210,2058,975,51520,998.0,0.998
210,2058,979,51574,457.0,0.457
210,2058,1101,120892,457.0,0.457
211,2064,212,2065,999.0,0.999
211,2064,213,2066,999.0,0.999
211,2064,230,2185,551.0,0.551
211,2064,241,2260,596.0,0.596
211,2064,242,2261,607.0,0.607
211,2064,243,2263,596.0,0.596
211,2064,244,2264,732.0,0.732
211,2064,253,2322,596.0,0.596
211,2064,254,2324,596.0,0.596
211,2064,264,2534,472.0,0.472
211,2064,268,2597,422.0,0.422
211,2064,285,2885,997.0,0.997
211,2064,303,3105,521.0,0.521
211,2064,311,3309,538.0,0.538
211,2064,315,3320,986.0,0.986
211,2064,316,3326,967.0,0.967
211,2064,328,3480,988.0,0.988
211,2064,340,3643,803.0,0.803
211,2064,341,3645,617.0,0.617
211,2064,378,4145,832.0,0.832
211,2064,388,4233,730.0,0.73
211,2064,395,4323,457.0,0.457
211,2064,401,4486,596.0,0.596
211,2064,424,4914,596.0,0.596
211,2064,425,4915,596.0,0.596
211,2064,426,4916,596.0,0.596
211,2064,446,5156,625.0,0.625
211,2064,447,5159,766.0,0.766
211,2064,462,5290,446.0,0.446
211,2064,467,5295,805.0,0.805
211,2064,468,5296,677.0,0.677
211,2064,551,5747,705.0,0.705
211,2064,552,5753,716.0,0.716
211,2064,572,5979,596.0,0.596
211,2064,617,6654,545.0,0.545
211,2064,618,6714,984.0,0.984
211,2064,625,6774,532.0,0.532
211,2064,659,7184,457.0,0.457
211,2064,669,7301,601.0,0.601
211,2064,679,7430,698.0,0.698
211,2064,691,7534,708.0,0.708
211,2064,844,10461,623.0,0.623
211,2064,874,11140,816.0,0.816
211,2064,933,25885,626.0,0.626
212,2065,213,2066,998.0,0.998
212,2065,238,2241,534.0,0.534
212,2065,240,2247,484.0,0.484
212,2065,285,2885,991.0,0.991
212,2065,303,3105,451.0,0.451
212,2065,311,3309,458.0,0.458
212,2065,315,3320,683.0,0.683
212,2065,316,3326,684.0,0.684
212,2065,328,3480,892.0,0.892
212,2065,378,4145,578.0,0.578
212,2065,388,4233,954.0,0.954
212,2065,462,5290,810.0,0.81
212,2065,466,5294,449.0,0.449
212,2065,467,5295,899.0,0.899
212,2065,468,5296,819.0,0.819
212,2065,552,5753,716.0,0.716
212,2065,572,5979,407.0,0.407
212,2065,617,6654,400.0,0.4
212,2065,618,6714,449.0,0.449
212,2065,625,6774,771.0,0.771
212,2065,635,6850,613.0,0.613
212,2065,787,9368,627.0,0.627
213,2066,216,2099,881.0,0.881
213,2066,240,2247,451.0,0.451
213,2066,266,2554,506.0,0.506
213,2066,285,2885,985.0,0.985
213,2066,315,3320,420.0,0.42
213,2066,378,4145,578.0,0.578
213,2066,425,4915,591.0,0.591
213,2066,462,5290,400.0,0.4
213,2066,467,5295,478.0,0.478
213,2066,468,5296,642.0,0.642
213,2066,552,5753,565.0,0.565
213,2066,617,6654,400.0,0.4
213,2066,618,6714,861.0,0.861
213,2066,626,6776,968.0,0.968
213,2066,800,9611,785.0,0.785
214,2078,222,2146,420.0,0.42
214,2078,312,3312,457.0,0.457
214,2078,353,3757,422.0,0.422
214,2078,706,8239,457.0,0.457
215,2081,293,3028,720.0,0.72
215,2081,311,3309,999.0,0.999
215,2081,315,3320,717.0,0.717
215,2081,316,3326,619.0,0.619
215,2081,330,3551,402.0,0.402
215,2081,345,3708,449.0,0.449
215,2081,354,3791,416.0,0.416
215,2081,387,4217,997.0,0.997
215,2081,650,7124,789.0,0.789
216,2099,217,2100,996.0,0.996
216,2099,218,2101,728.0,0.728
216,2099,219,2104,442.0,0.442
216,2099,222,2146,796.0,0.796
216,2099,232,2194,435.0,0.435
216,2099,243,2263,479.0,0.479
216,2099,249,2288,836.0,0.836
216,2099,250,2289,796.0,0.796
216,2099,276,2773,617.0,0.617
216,2099,278,2810,976.0,0.976
216,2099,285,2885,692.0,0.692
216,2099,286,2908,722.0,0.722
216,2099,296,3065,983.0,0.983
216,2099,297,3066,731.0,0.731
216,2099,300,3091,766.0,0.766
216,2099,308,3276,650.0,0.65
216,2099,312,3312,690.0,0.69
216,2099,314,3315,558.0,0.558
216,2099,315,3320,990.0,0.99
216,2099,316,3326,982.0,0.982
216,2099,328,3480,994.0,0.994
216,2099,331,3553,569.0,0.569
216,2099,382,4193,660.0,0.66
216,2099,396,4331,571.0,0.571
216,2099,404,4609,709.0,0.709
216,2099,420,4790,883.0,0.883
216,2099,422,4869,561.0,0.561
216,2099,424,4914,430.0,0.43
216,2099,435,5058,457.0,0.457
216,2099,454,5241,899.0,0.899
216,2099,462,5290,707.0,0.707
216,2099,467,5295,980.0,0.98
216,2099,468,5296,557.0,0.557
216,2099,481,5468,684.0,0.684
216,2099,482,5469,993.0,0.993
216,2099,512,5591,561.0,0.561
216,2099,515,5594,553.0,0.553
216,2099,551,5747,719.0,0.719
216,2099,562,5914,579.0,0.579
216,2099,569,5929,457.0,0.457
216,2099,571,5970,894.0,0.894
216,2099,583,6197,496.0,0.496
216,2099,587,6256,570.0,0.57
216,2099,599,6469,424.0,0.424
216,2099,611,6595,516.0,0.516
216,2099,612,6597,532.0,0.532
216,2099,618,6714,993.0,0.993
216,2099,625,6774,781.0,0.781
216,2099,626,6776,485.0,0.485
216,2099,630,6790,424.0,0.424
216,2099,654,7157,841.0,0.841
216,2099,658,7182,559.0,0.559
216,2099,666,7296,483.0,0.483
216,2099,670,7329,457.0,0.457
216,2099,688,7529,942.0,0.942
216,2099,690,7533,420.0,0.42
216,2099,691,7534,436.0,0.436
216,2099,713,8361,499.0,0.499
216,2099,752,8805,804.0,0.804
216,2099,755,8841,412.0,0.412
216,2099,757,8850,541.0,0.541
216,2099,768,9070,457.0,0.457
216,2099,800,9611,998.0,0.998
216,2099,801,9612,966.0,0.966
216,2099,803,9656,481.0,0.481
216,2099,808,9759,457.0,0.457
216,2099,815,9971,537.0,0.537
216,2099,836,10376,477.0,0.477
216,2099,848,10498,943.0,0.943
216,2099,849,10521,981.0,0.981
216,2099,860,10765,601.0,0.601
216,2099,872,11091,457.0,0.457
216,2099,896,23028,876.0,0.876
216,2099,897,23030,863.0,0.863
216,2099,904,23135,445.0,0.445
216,2099,922,23613,578.0,0.578
216,2099,951,29028,951.0,0.951
216,2099,977,51564,605.0,0.605
216,2099,1012,55611,630.0,0.63
216,2099,1068,80854,678.0,0.678
216,2099,1089,85366,443.0,0.443
217,2100,249,2288,499.0,0.499
217,2100,250,2289,499.0,0.499
217,2100,276,2773,513.0,0.513
217,2100,315,3320,767.0,0.767
217,2100,316,3326,659.0,0.659
217,2100,328,3480,614.0,0.614
217,2100,462,5290,400.0,0.4
217,2100,467,5295,400.0,0.4
217,2100,468,5296,400.0,0.4
217,2100,482,5469,973.0,0.973
217,2100,571,5970,465.0,0.465
217,2100,618,6714,912.0,0.912
217,2100,633,6794,440.0,0.44
217,2100,654,7157,497.0,0.497
217,2100,690,7533,408.0,0.408
217,2100,800,9611,939.0,0.939
217,2100,801,9612,833.0,0.833
217,2100,848,10498,900.0,0.9
218,2101,219,2104,841.0,0.841
218,2101,481,5468,866.0,0.866
218,2101,482,5469,499.0,0.499
218,2101,587,6256,523.0,0.523
218,2101,800,9611,617.0,0.617
218,2101,801,9612,568.0,0.568
218,2101,915,23411,480.0,0.48
218,2101,1130,225689,459.0,0.459
219,2104,482,5469,499.0,0.499
219,2104,800,9611,589.0,0.589
219,2104,801,9612,707.0,0.707
221,2130,230,2185,524.0,0.524
221,2130,251,2313,443.0,0.443
221,2130,297,3066,488.0,0.488
221,2130,306,3178,601.0,0.601
221,2130,308,3276,457.0,0.457
221,2130,654,7157,469.0,0.469
221,2130,704,8087,439.0,0.439
221,2130,803,9656,439.0,0.439
221,2130,849,10521,597.0,0.597
221,2130,896,23028,711.0,0.711
222,2146,296,3065,993.0,0.993
222,2146,297,3066,998.0,0.998
222,2146,308,3276,551.0,0.551
222,2146,315,3320,524.0,0.524
222,2146,382,4193,869.0,0.869
222,2146,404,4609,884.0,0.884
222,2146,562,5914,769.0,0.769
222,2146,563,5915,499.0,0.499
222,2146,564,5916,499.0,0.499
222,2146,566,5925,712.0,0.712
222,2146,567,5927,545.0,0.545
222,2146,568,5928,999.0,0.999
222,2146,571,5970,857.0,0.857
222,2146,587,6256,499.0,0.499
222,2146,612,6597,555.0,0.555
222,2146,625,6774,932.0,0.932
222,2146,626,6776,834.0,0.834
222,2146,697,7874,618.0,0.618
222,2146,708,8294,802.0,0.802
222,2146,711,8359,802.0,0.802
222,2146,712,8360,802.0,0.802
222,2146,713,8361,941.0,0.941
222,2146,714,8364,802.0,0.802
222,2146,715,8365,802.0,0.802
222,2146,716,8366,802.0,0.802
222,2146,717,8367,802.0,0.802
222,2146,718,8368,802.0,0.802
222,2146,755,8841,979.0,0.979
222,2146,800,9611,499.0,0.499
222,2146,808,9759,410.0,0.41
222,2146,816,9978,434.0,0.434
222,2146,831,10196,412.0,0.412
222,2146,841,10419,655.0,0.655
222,2146,848,10498,412.0,0.412
222,2146,860,10765,585.0,0.585
222,2146,864,10919,920.0,0.92
222,2146,872,11091,470.0,0.47
222,2146,876,11176,435.0,0.435
222,2146,896,23028,970.0,0.97
222,2146,906,23186,551.0,0.551
222,2146,915,23411,774.0,0.774
222,2146,918,23476,457.0,0.457
222,2146,1021,55869,661.0,0.661
222,2146,1084,84678,585.0,0.585
222,2146,1102,121504,802.0,0.802
223,2147,224,2152,558.0,0.558
223,2147,225,2155,859.0,0.859
223,2147,226,2159,998.0,0.998
223,2147,227,2160,540.0,0.54
223,2147,228,2161,540.0,0.54
223,2147,475,5327,518.0,0.518
223,2147,476,5328,554.0,0.554
224,2152,225,2155,999.0,0.999
224,2152,226,2159,986.0,0.986
224,2152,227,2160,540.0,0.54
224,2152,228,2161,540.0,0.54
224,2152,476,5328,543.0,0.543
225,2155,226,2159,899.0,0.899
225,2155,227,2160,540.0,0.54
225,2155,228,2161,540.0,0.54
225,2155,476,5328,540.0,0.54
226,2159,227,2160,540.0,0.54
226,2159,228,2161,540.0,0.54
226,2159,476,5328,540.0,0.54
226,2159,759,8856,566.0,0.566
227,2160,228,2161,565.0,0.565
227,2160,476,5328,540.0,0.54
227,2160,915,23411,407.0,0.407
228,2161,476,5328,540.0,0.54
230,2185,264,2534,727.0,0.727
230,2185,285,2885,848.0,0.848
230,2185,333,3611,578.0,0.578
230,2185,343,3690,793.0,0.793
230,2185,346,3716,572.0,0.572
230,2185,347,3717,445.0,0.445
230,2185,348,3718,929.0,0.929
230,2185,354,3791,499.0,0.499
230,2185,359,3932,586.0,0.586
230,2185,369,4067,872.0,0.872
230,2185,378,4145,712.0,0.712
230,2185,449,5170,401.0,0.401
230,2185,462,5290,421.0,0.421
230,2185,502,5580,565.0,0.565
230,2185,551,5747,982.0,0.982
230,2185,602,6513,438.0,0.438
230,2185,618,6714,990.0,0.99
230,2185,635,6850,574.0,0.574
230,2185,792,9448,402.0,0.402
230,2185,1121,200576,447.0,0.447
230,2185,1132,253260,443.0,0.443
231,2186,568,5928,985.0,0.985
231,2186,612,6597,499.0,0.499
231,2186,708,8294,487.0,0.487
231,2186,713,8361,830.0,0.83
231,2186,800,9611,599.0,0.599
231,2186,877,11177,900.0,0.9
231,2186,918,23476,414.0,0.414
231,2186,947,27443,900.0,0.9
232,2194,846,10493,411.0,0.411
232,2194,918,23476,457.0,0.457
233,2203,271,2645,403.0,0.403
233,2203,300,3091,502.0,0.502
234,2222,1135,282974,400.0,0.4
235,2224,794,9453,927.0,0.927
237,2237,306,3178,756.0,0.756
237,2237,399,4361,789.0,0.789
237,2237,439,5111,992.0,0.992
237,2237,570,5965,622.0,0.622
237,2237,684,7486,955.0,0.955
237,2237,821,10038,612.0,0.612
238,2241,355,3815,499.0,0.499
239,2242,264,2534,499.0,0.499
239,2242,315,3320,622.0,0.622
239,2242,316,3326,466.0,0.466
239,2242,355,3815,557.0,0.557
239,2242,435,5058,499.0,0.499
239,2242,436,5062,499.0,0.499
239,2242,437,5063,499.0,0.499
239,2242,559,5879,499.0,0.499
239,2242,679,7430,752.0,0.752
240,2247,241,2260,997.0,0.997
240,2247,242,2261,996.0,0.996
240,2247,243,2263,999.0,0.999
240,2247,244,2264,994.0,0.994
240,2247,252,2321,903.0,0.903
240,2247,285,2885,400.0,0.4
240,2247,333,3611,536.0,0.536
240,2247,354,3791,968.0,0.968
240,2247,424,4914,750.0,0.75
240,2247,425,4915,523.0,0.523
240,2247,446,5156,836.0,0.836
240,2247,461,5289,499.0,0.499
240,2247,462,5290,408.0,0.408
240,2247,463,5291,400.0,0.4
240,2247,467,5295,400.0,0.4
240,2247,468,5296,400.0,0.4
240,2247,593,6383,757.0,0.757
240,2247,617,6654,400.0,0.4
240,2247,641,7010,438.0,0.438
241,2260,242,2261,742.0,0.742
241,2260,243,2263,580.0,0.58
241,2260,244,2264,944.0,0.944
241,2260,285,2885,720.0,0.72
241,2260,315,3320,587.0,0.587
241,2260,316,3326,425.0,0.425
241,2260,318,3350,929.0,0.929
241,2260,328,3480,505.0,0.505
241,2260,343,3690,438.0,0.438
241,2260,354,3791,578.0,0.578
241,2260,360,3939,748.0,0.748
241,2260,446,5156,577.0,0.577
241,2260,461,5289,499.0,0.499
241,2260,462,5290,426.0,0.426
241,2260,463,5291,426.0,0.426
241,2260,467,5295,799.0,0.799
241,2260,468,5296,569.0,0.569
241,2260,474,5315,868.0,0.868
241,2260,551,5747,418.0,0.418
241,2260,581,6195,807.0,0.807
241,2260,582,6196,645.0,0.645
241,2260,583,6197,778.0,0.778
241,2260,617,6654,880.0,0.88
241,2260,618,6714,575.0,0.575
241,2260,641,7010,485.0,0.485
241,2260,1091,89780,404.0,0.404
242,2261,243,2263,980.0,0.98
242,2261,244,2264,632.0,0.632
242,2261,285,2885,882.0,0.882
242,2261,315,3320,420.0,0.42
242,2261,316,3326,420.0,0.42
242,2261,461,5289,499.0,0.499
242,2261,462,5290,491.0,0.491
242,2261,463,5291,426.0,0.426
242,2261,467,5295,453.0,0.453
242,2261,468,5296,400.0,0.4
242,2261,617,6654,450.0,0.45
242,2261,874,11140,560.0,0.56
243,2263,285,2885,945.0,0.945
243,2263,454,5241,745.0,0.745
243,2263,461,5289,499.0,0.499
243,2263,462,5290,426.0,0.426
243,2263,463,5291,426.0,0.426
243,2263,467,5295,700.0,0.7
243,2263,468,5296,455.0,0.455
243,2263,583,6197,628.0,0.628
243,2263,617,6654,446.0,0.446
243,2263,625,6774,734.0,0.734
243,2263,626,6776,727.0,0.727
244,2264,262,2475,406.0,0.406
244,2264,285,2885,721.0,0.721
244,2264,461,5289,499.0,0.499
244,2264,462,5290,448.0,0.448
244,2264,463,5291,426.0,0.426
244,2264,467,5295,475.0,0.475
244,2264,468,5296,453.0,0.453
244,2264,527,5606,437.0,0.437
244,2264,617,6654,446.0,0.446
244,2264,618,6714,430.0,0.43
244,2264,625,6774,424.0,0.424
245,2268,315,3320,640.0,0.64
245,2268,316,3326,498.0,0.498
245,2268,369,4067,542.0,0.542
245,2268,451,5218,424.0,0.424
245,2268,618,6714,422.0,0.422
245,2268,635,6850,631.0,0.631
245,2268,687,7525,639.0,0.639
246,2280,247,2281,613.0,0.613
246,2280,262,2475,999.0,0.999
246,2280,301,3094,420.0,0.42
246,2280,345,3708,457.0,0.457
246,2280,444,5142,540.0,0.54
246,2280,471,5300,430.0,0.43
246,2280,511,5590,499.0,0.499
246,2280,644,7046,999.0,0.999
246,2280,870,11035,548.0,0.548
246,2280,1042,64223,974.0,0.974
246,2280,1132,253260,493.0,0.493
247,2281,471,5300,471.0,0.471
247,2281,644,7046,431.0,0.431
248,2287,262,2475,926.0,0.926
248,2287,296,3065,895.0,0.895
248,2287,297,3066,844.0,0.844
248,2287,382,4193,703.0,0.703
249,2288,250,2289,970.0,0.97
249,2288,262,2475,934.0,0.934
249,2288,286,2908,975.0,0.975
249,2288,310,3297,716.0,0.716
249,2288,312,3312,838.0,0.838
249,2288,315,3320,995.0,0.995
249,2288,316,3326,995.0,0.995
249,2288,420,4790,406.0,0.406
249,2288,454,5241,926.0,0.926
249,2288,637,6885,467.0,0.467
249,2288,802,9641,414.0,0.414
250,2289,262,2475,934.0,0.934
250,2289,286,2908,981.0,0.981
250,2289,312,3312,796.0,0.796
250,2289,315,3320,999.0,0.999
250,2289,316,3326,997.0,0.997
250,2289,330,3551,625.0,0.625
250,2289,454,5241,857.0,0.857
250,2289,553,5834,430.0,0.43
250,2289,633,6794,541.0,0.541
250,2289,637,6885,536.0,0.536
250,2289,658,7182,545.0,0.545
250,2289,754,8814,476.0,0.476
250,2289,802,9641,657.0,0.657
250,2289,828,10131,414.0,0.414
250,2289,874,11140,479.0,0.479
250,2289,1046,65061,451.0,0.451
251,2313,588,6257,405.0,0.405
251,2313,757,8850,457.0,0.457
252,2321,254,2324,899.0,0.899
252,2321,264,2534,497.0,0.497
252,2321,285,2885,867.0,0.867
252,2321,295,3055,442.0,0.442
252,2321,353,3757,827.0,0.827
252,2321,354,3791,989.0,0.989
252,2321,394,4313,414.0,0.414
252,2321,467,5295,508.0,0.508
253,2322,264,2534,491.0,0.491
253,2322,285,2885,912.0,0.912
253,2322,295,3055,630.0,0.63
253,2322,359,3932,640.0,0.64
253,2322,461,5289,499.0,0.499
253,2322,462,5290,400.0,0.4
253,2322,467,5295,557.0,0.557
253,2322,617,6654,400.0,0.4
253,2322,618,6714,417.0,0.417
253,2322,626,6776,411.0,0.411
253,2322,635,6850,698.0,0.698
254,2324,285,2885,968.0,0.968
254,2324,315,3320,456.0,0.456
254,2324,316,3326,456.0,0.456
254,2324,328,3480,420.0,0.42
254,2324,354,3791,989.0,0.989
254,2324,618,6714,620.0,0.62
255,2339,256,2342,999.0,0.999
261,2444,264,2534,409.0,0.409
262,2475,315,3320,841.0,0.841
262,2475,316,3326,829.0,0.829
262,2475,330,3551,457.0,0.457
262,2475,358,3845,431.0,0.431
262,2475,448,5163,457.0,0.457
262,2475,512,5591,431.0,0.431
262,2475,584,6198,944.0,0.944
262,2475,598,6446,467.0,0.467
262,2475,625,6774,457.0,0.457
262,2475,642,7015,459.0,0.459
262,2475,654,7157,457.0,0.457
262,2475,688,7529,575.0,0.575
262,2475,691,7534,457.0,0.457
262,2475,721,8408,945.0,0.945
262,2475,739,8607,563.0,0.563
262,2475,836,10376,734.0,0.734
262,2475,863,10856,495.0,0.495
262,2475,899,23049,540.0,0.54
262,2475,915,23411,634.0,0.634
262,2475,954,29110,497.0,0.497
262,2475,1042,64223,999.0,0.999
262,2475,1053,79109,999.0,0.999
262,2475,1124,203068,734.0,0.734
262,2475,1132,253260,999.0,0.999
263,2516,482,5469,499.0,0.499
263,2516,670,7329,570.0,0.57
263,2516,800,9611,499.0,0.499
263,2516,801,9612,499.0,0.499
264,2534,285,2885,971.0,0.971
264,2534,295,3055,781.0,0.781
264,2534,307,3265,471.0,0.471
264,2534,315,3320,475.0,0.475
264,2534,317,3329,554.0,0.554
264,2534,323,3362,552.0,0.552
264,2534,338,3635,499.0,0.499
264,2534,339,3636,800.0,0.8
264,2534,344,3702,608.0,0.608
264,2534,346,3716,484.0,0.484
264,2534,347,3717,717.0,0.717
264,2534,350,3741,714.0,0.714
264,2534,354,3791,742.0,0.742
264,2534,355,3815,695.0,0.695
264,2534,359,3932,998.0,0.998
264,2534,369,4067,992.0,0.992
264,2534,425,4915,764.0,0.764
264,2534,435,5058,513.0,0.513
264,2534,436,5062,632.0,0.632
264,2534,437,5063,513.0,0.513
264,2534,447,5159,706.0,0.706
264,2534,449,5170,400.0,0.4
264,2534,462,5290,446.0,0.446
264,2534,463,5291,553.0,0.553
264,2534,465,5293,400.0,0.4
264,2534,466,5294,510.0,0.51
264,2534,467,5295,776.0,0.776
264,2534,468,5296,557.0,0.557
264,2534,502,5580,708.0,0.708
264,2534,510,5588,752.0,0.752
264,2534,520,5599,562.0,0.562
264,2534,551,5747,986.0,0.986
264,2534,559,5879,452.0,0.452
264,2534,583,6197,459.0,0.459
264,2534,614,6622,457.0,0.457
264,2534,617,6654,644.0,0.644
264,2534,618,6714,998.0,0.998
264,2534,625,6774,687.0,0.687
264,2534,626,6776,569.0,0.569
264,2534,633,6794,734.0,0.734
264,2534,635,6850,974.0,0.974
264,2534,687,7525,986.0,0.986
264,2534,692,7535,895.0,0.895
264,2534,758,8851,499.0,0.499
264,2534,760,8877,410.0,0.41
264,2534,964,50507,421.0,0.421
264,2534,969,51206,991.0,0.991
264,2534,1025,56848,416.0,0.416
265,2539,314,3315,769.0,0.769
265,2539,452,5226,536.0,0.536
265,2539,479,5347,414.0,0.414
265,2539,654,7157,761.0,0.761
265,2539,834,10298,553.0,0.553
267,2580,312,3312,760.0,0.76
267,2580,889,22848,543.0,0.543
267,2580,1011,55589,428.0,0.428
267,2580,1047,65125,422.0,0.422
267,2580,1101,120892,902.0,0.902
268,2597,287,2923,702.0,0.702
268,2597,312,3312,906.0,0.906
268,2597,315,3320,481.0,0.481
268,2597,422,4869,457.0,0.457
268,2597,434,5052,430.0,0.43
268,2597,453,5230,979.0,0.979
268,2597,474,5315,661.0,0.661
268,2597,478,5340,981.0,0.981
268,2597,506,5584,487.0,0.487
268,2597,656,7167,868.0,0.868
268,2597,828,10131,456.0,0.456
268,2597,915,23411,421.0,0.421
268,2597,937,26227,540.0,0.54
268,2597,954,29110,459.0,0.459
269,2618,402,4522,919.0,0.919
269,2618,854,10606,568.0,0.568
270,2639,636,6872,420.0,0.42
270,2639,929,23774,420.0,0.42
270,2639,980,51592,420.0,0.42
271,2645,302,3098,912.0,0.912
274,2744,286,2908,420.0,0.42
274,2744,311,3309,437.0,0.437
274,2744,828,10131,483.0,0.483
276,2773,307,3265,540.0,0.54
276,2773,617,6654,540.0,0.54
276,2773,618,6714,516.0,0.516
278,2810,382,4193,973.0,0.973
278,2810,383,4194,949.0,0.949
278,2810,471,5300,900.0,0.9
278,2810,561,5894,652.0,0.652
278,2810,571,5970,900.0,0.9
278,2810,617,6654,900.0,0.9
278,2810,654,7157,983.0,0.983
278,2810,688,7529,578.0,0.578
278,2810,689,7532,800.0,0.8
278,2810,690,7533,575.0,0.575
278,2810,691,7534,810.0,0.81
278,2810,807,9748,459.0,0.459
278,2810,808,9759,457.0,0.457
278,2810,867,10971,832.0,0.832
278,2810,1101,120892,960.0,0.96
280,2868,282,2870,402.0,0.402
281,2869,315,3320,442.0,0.442
281,2869,316,3326,442.0,0.442
281,2869,621,6732,458.0,0.458
281,2869,818,10013,479.0,0.479
282,2870,315,3320,599.0,0.599
282,2870,316,3326,599.0,0.599
283,2872,515,5594,583.0,0.583
283,2872,736,8569,941.0,0.941
285,2885,295,3055,571.0,0.571
285,2885,307,3265,710.0,0.71
285,2885,312,3312,525.0,0.525
285,2885,315,3320,599.0,0.599
285,2885,328,3480,867.0,0.867
285,2885,338,3635,957.0,0.957
285,2885,339,3636,875.0,0.875
285,2885,340,3643,857.0,0.857
285,2885,343,3690,499.0,0.499
285,2885,344,3702,960.0,0.96
285,2885,346,3716,806.0,0.806
285,2885,347,3717,953.0,0.953
285,2885,348,3718,400.0,0.4
285,2885,354,3791,942.0,0.942
285,2885,355,3815,945.0,0.945
285,2885,358,3845,665.0,0.665
285,2885,359,3932,964.0,0.964
285,2885,369,4067,790.0,0.79
285,2885,384,4214,642.0,0.642
285,2885,388,4233,989.0,0.989
285,2885,401,4486,457.0,0.457
285,2885,422,4869,896.0,0.896
285,2885,424,4914,981.0,0.981
285,2885,425,4915,950.0,0.95
285,2885,426,4916,908.0,0.908
285,2885,435,5058,856.0,0.856
285,2885,436,5062,522.0,0.522
285,2885,446,5156,807.0,0.807
285,2885,447,5159,985.0,0.985
285,2885,459,5287,457.0,0.457
285,2885,461,5289,499.0,0.499
285,2885,462,5290,702.0,0.702
285,2885,463,5291,638.0,0.638
285,2885,465,5293,400.0,0.4
285,2885,466,5294,499.0,0.499
285,2885,467,5295,979.0,0.979
285,2885,468,5296,669.0,0.669
285,2885,475,5327,405.0,0.405
285,2885,477,5339,489.0,0.489
285,2885,484,5478,567.0,0.567
285,2885,500,5578,439.0,0.439
285,2885,522,5601,457.0,0.457
285,2885,534,5663,919.0,0.919
285,2885,551,5747,999.0,0.999
285,2885,559,5879,502.0,0.502
285,2885,566,5925,533.0,0.533
285,2885,572,5979,831.0,0.831
285,2885,617,6654,999.0,0.999
285,2885,618,6714,993.0,0.993
285,2885,625,6774,630.0,0.63
285,2885,626,6776,694.0,0.694
285,2885,635,6850,889.0,0.889
285,2885,640,7006,602.0,0.602
285,2885,641,7010,771.0,0.771
285,2885,644,7046,749.0,0.749
285,2885,645,7048,673.0,0.673
285,2885,654,7157,536.0,0.536
285,2885,664,7294,748.0,0.748
285,2885,667,7297,709.0,0.709
285,2885,679,7430,687.0,0.687
285,2885,687,7525,759.0,0.759
285,2885,688,7529,494.0,0.494
285,2885,689,7532,502.0,0.502
285,2885,692,7535,986.0,0.986
285,2885,727,8491,611.0,0.611
285,2885,825,10097,543.0,0.543
285,2885,830,10188,881.0,0.881
285,2885,844,10461,412.0,0.412
285,2885,874,11140,499.0,0.499
285,2885,878,11183,784.0,0.784
285,2885,879,11184,826.0,0.826
285,2885,1059,79834,422.0,0.422
286,2908,296,3065,677.0,0.677
286,2908,300,3091,467.0,0.467
286,2908,315,3320,999.0,0.999
286,2908,316,3326,994.0,0.994
286,2908,317,3329,457.0,0.457
286,2908,420,4790,712.0,0.712
286,2908,425,4915,837.0,0.837
286,2908,454,5241,529.0,0.529
286,2908,467,5295,467.0,0.467
286,2908,481,5468,513.0,0.513
286,2908,482,5469,716.0,0.716
286,2908,495,5566,504.0,0.504
286,2908,496,5567,503.0,0.503
286,2908,497,5568,504.0,0.504
286,2908,571,5970,498.0,0.498
286,2908,588,6257,574.0,0.574
286,2908,611,6595,422.0,0.422
286,2908,612,6597,457.0,0.457
286,2908,625,6774,930.0,0.93
286,2908,626,6776,635.0,0.635
286,2908,654,7157,782.0,0.782
286,2908,665,7295,457.0,0.457
286,2908,690,7533,556.0,0.556
286,2908,752,8805,420.0,0.42
286,2908,800,9611,981.0,0.981
286,2908,801,9612,800.0,0.8
286,2908,818,10013,732.0,0.732
287,2923,303,3105,988.0,0.988
287,2923,304,3146,457.0,0.457
287,2923,311,3309,974.0,0.974
287,2923,312,3312,749.0,0.749
287,2923,315,3320,418.0,0.418
287,2923,316,3326,650.0,0.65
287,2923,404,4609,700.0,0.7
287,2923,433,5034,488.0,0.488
287,2923,524,5603,487.0,0.487
287,2923,625,6774,805.0,0.805
287,2923,659,7184,567.0,0.567
287,2923,788,9373,503.0,0.503
287,2923,907,23193,447.0,0.447
287,2923,960,30001,412.0,0.412
288,2931,289,2932,963.0,0.963
288,2931,495,5566,617.0,0.617
288,2931,496,5567,415.0,0.415
288,2931,1055,79668,429.0,0.429
289,2932,310,3297,457.0,0.457
289,2932,315,3320,867.0,0.867
289,2932,316,3326,814.0,0.814
289,2932,333,3611,700.0,0.7
289,2932,404,4609,457.0,0.457
289,2932,405,4627,457.0,0.457
289,2932,419,4780,457.0,0.457
289,2932,486,5499,460.0,0.46
289,2932,495,5566,981.0,0.981
289,2932,496,5567,972.0,0.972
289,2932,497,5568,968.0,0.968
289,2932,500,5578,458.0,0.458
289,2932,530,5609,717.0,0.717
289,2932,534,5663,724.0,0.724
289,2932,581,6195,442.0,0.442
289,2932,618,6714,612.0,0.612
289,2932,630,6790,690.0,0.69
289,2932,633,6794,593.0,0.593
289,2932,654,7157,963.0,0.963
289,2932,688,7529,512.0,0.512
289,2932,691,7534,776.0,0.776
289,2932,724,8445,574.0,0.574
289,2932,793,9451,414.0,0.414
289,2932,816,9978,499.0,0.499
289,2932,817,10000,457.0,0.457
289,2932,926,23678,420.0,0.42
289,2932,954,29110,911.0,0.911
289,2932,1091,89780,499.0,0.499
289,2932,1101,120892,841.0,0.841
289,2932,1132,253260,457.0,0.457
290,2936,702,8050,514.0,0.514
291,2950,387,4217,545.0,0.545
291,2950,520,5599,913.0,0.913
291,2950,522,5601,426.0,0.426
291,2950,791,9446,584.0,0.584
291,2950,1144,373156,404.0,0.404
292,3005,297,3066,439.0,0.439
292,3005,708,8294,816.0,0.816
292,3005,711,8359,816.0,0.816
292,3005,712,8360,816.0,0.816
292,3005,713,8361,894.0,0.894
292,3005,714,8364,816.0,0.816
292,3005,715,8365,816.0,0.816
292,3005,716,8366,816.0,0.816
292,3005,717,8367,816.0,0.816
292,3005,718,8368,816.0,0.816
292,3005,915,23411,453.0,0.453
292,3005,918,23476,457.0,0.457
292,3005,1102,121504,816.0,0.816
293,3028,309,3295,428.0,0.428
293,3028,828,10131,487.0,0.487
294,3043,312,3312,562.0,0.562
294,3043,315,3320,499.0,0.499
294,3043,316,3326,499.0,0.499
295,3055,315,3320,495.0,0.495
295,3055,338,3635,574.0,0.574
295,3055,339,3636,499.0,0.499
295,3055,346,3716,499.0,0.499
295,3055,347,3717,800.0,0.8
295,3055,359,3932,862.0,0.862
295,3055,369,4067,978.0,0.978
295,3055,378,4145,503.0,0.503
295,3055,462,5290,499.0,0.499
295,3055,463,5291,789.0,0.789
295,3055,465,5293,499.0,0.499
295,3055,466,5294,499.0,0.499
295,3055,467,5295,661.0,0.661
295,3055,468,5296,574.0,0.574
295,3055,551,5747,417.0,0.417
295,3055,617,6654,790.0,0.79
295,3055,618,6714,806.0,0.806
295,3055,625,6774,843.0,0.843
295,3055,626,6776,524.0,0.524
295,3055,635,6850,877.0,0.877
295,3055,639,6921,499.0,0.499
295,3055,667,7297,800.0,0.8
295,3055,687,7525,589.0,0.589
295,3055,692,7535,470.0,0.47
295,3055,830,10188,793.0,0.793
295,3055,874,11140,425.0,0.425
296,3065,297,3066,999.0,0.999
296,3065,300,3091,912.0,0.912
296,3065,308,3276,652.0,0.652
296,3065,310,3297,505.0,0.505
296,3065,382,4193,785.0,0.785
296,3065,404,4609,928.0,0.928
296,3065,407,4661,519.0,0.519
296,3065,420,4790,975.0,0.975
296,3065,439,5111,457.0,0.457
296,3065,481,5468,457.0,0.457
296,3065,486,5499,484.0,0.484
296,3065,495,5566,457.0,0.457
296,3065,562,5914,794.0,0.794
296,3065,566,5925,997.0,0.997
296,3065,567,5927,778.0,0.778
296,3065,568,5928,999.0,0.999
296,3065,571,5970,983.0,0.983
296,3065,587,6256,650.0,0.65
296,3065,588,6257,650.0,0.65
296,3065,589,6258,650.0,0.65
296,3065,611,6595,603.0,0.603
296,3065,612,6597,857.0,0.857
296,3065,625,6774,874.0,0.874
296,3065,652,7153,676.0,0.676
296,3065,653,7155,502.0,0.502
296,3065,654,7157,988.0,0.988
296,3065,658,7182,480.0,0.48
296,3065,670,7329,581.0,0.581
296,3065,683,7468,516.0,0.516
296,3065,697,7874,877.0,0.877
296,3065,701,8030,457.0,0.457
296,3065,707,8242,941.0,0.941
296,3065,713,8361,717.0,0.717
296,3065,725,8473,540.0,0.54
296,3065,755,8841,900.0,0.9
296,3065,757,8850,787.0,0.787
296,3065,800,9611,997.0,0.997
296,3065,801,9612,998.0,0.998
296,3065,804,9682,539.0,0.539
296,3065,806,9734,942.0,0.942
296,3065,808,9759,428.0,0.428
296,3065,833,10280,447.0,0.447
296,3065,849,10521,865.0,0.865
296,3065,860,10765,956.0,0.956
296,3065,863,10856,861.0,0.861
296,3065,864,10919,994.0,0.994
296,3065,872,11091,634.0,0.634
296,3065,876,11176,951.0,0.951
296,3065,887,11335,846.0,0.846
296,3065,896,23028,994.0,0.994
296,3065,906,23186,998.0,0.998
296,3065,915,23411,939.0,0.939
296,3065,918,23476,714.0,0.714
296,3065,919,23569,537.0,0.537
296,3065,922,23613,457.0,0.457
296,3065,977,51564,445.0,0.445
296,3065,998,54790,769.0,0.769
296,3065,1025,56848,812.0,0.812
296,3065,1058,79813,876.0,0.876
296,3065,1065,80312,897.0,0.897
297,3066,300,3091,547.0,0.547
297,3066,310,3297,509.0,0.509
297,3066,404,4609,496.0,0.496
297,3066,420,4790,632.0,0.632
297,3066,422,4869,765.0,0.765
297,3066,491,5562,425.0,0.425
297,3066,562,5914,457.0,0.457
297,3066,566,5925,954.0,0.954
297,3066,567,5927,739.0,0.739
297,3066,568,5928,999.0,0.999
297,3066,571,5970,923.0,0.923
297,3066,587,6256,650.0,0.65
297,3066,588,6257,650.0,0.65
297,3066,589,6258,650.0,0.65
297,3066,611,6595,457.0,0.457
297,3066,612,6597,988.0,0.988
297,3066,625,6774,543.0,0.543
297,3066,653,7155,415.0,0.415
297,3066,654,7157,874.0,0.874
297,3066,683,7468,478.0,0.478
297,3066,707,8242,716.0,0.716
297,3066,713,8361,458.0,0.458
297,3066,725,8473,540.0,0.54
297,3066,755,8841,900.0,0.9
297,3066,757,8850,613.0,0.613
297,3066,800,9611,982.0,0.982
297,3066,801,9612,979.0,0.979
297,3066,808,9759,588.0,0.588
297,3066,841,10419,493.0,0.493
297,3066,849,10521,714.0,0.714
297,3066,864,10919,905.0,0.905
297,3066,872,11091,458.0,0.458
297,3066,876,11176,506.0,0.506
297,3066,887,11335,442.0,0.442
297,3066,896,23028,994.0,0.994
297,3066,906,23186,998.0,0.998
297,3066,918,23476,457.0,0.457
297,3066,919,23569,548.0,0.548
297,3066,978,51567,487.0,0.487
297,3066,994,54625,571.0,0.571
297,3066,998,54790,981.0,0.981
297,3066,1025,56848,789.0,0.789
297,3066,1058,79813,752.0,0.752
297,3066,1065,80312,713.0,0.713
297,3066,1073,83933,500.0,0.5
298,3073,299,3074,996.0,0.996
300,3091,312,3312,787.0,0.787
300,3091,315,3320,991.0,0.991
300,3091,316,3326,992.0,0.992
300,3091,347,3717,481.0,0.481
300,3091,360,3939,457.0,0.457
300,3091,382,4193,902.0,0.902
300,3091,404,4609,951.0,0.951
300,3091,454,5241,400.0,0.4
300,3091,474,5315,983.0,0.983
300,3091,481,5468,536.0,0.536
300,3091,512,5591,553.0,0.553
300,3091,515,5594,494.0,0.494
300,3091,537,5685,457.0,0.457
300,3091,540,5688,649.0,0.649
300,3091,552,5753,457.0,0.457
300,3091,571,5970,974.0,0.974
300,3091,576,6093,440.0,0.44
300,3091,612,6597,569.0,0.569
300,3091,618,6714,457.0,0.457
300,3091,625,6774,801.0,0.801
300,3091,639,6921,996.0,0.996
300,3091,654,7157,981.0,0.981
300,3091,670,7329,515.0,0.515
300,3091,676,7415,497.0,0.497
300,3091,685,7494,977.0,0.977
300,3091,697,7874,457.0,0.457
300,3091,755,8841,671.0,0.671
300,3091,757,8850,457.0,0.457
300,3091,806,9734,645.0,0.645
300,3091,808,9759,798.0,0.798
300,3091,816,9978,790.0,0.79
300,3091,818,10013,523.0,0.523
300,3091,863,10856,678.0,0.678
300,3091,897,23030,607.0,0.607
300,3091,901,23081,929.0,0.929
300,3091,915,23411,685.0,0.685
300,3091,976,51548,581.0,0.581
300,3091,977,51564,873.0,0.873
300,3091,993,54583,933.0,0.933
300,3091,1018,55818,775.0,0.775
301,3094,863,10856,558.0,0.558
301,3094,908,23210,438.0,0.438
302,3098,358,3845,600.0,0.6
302,3098,495,5566,420.0,0.42
302,3098,691,7534,449.0,0.449
303,3105,311,3309,499.0,0.499
303,3105,654,7157,601.0,0.601
303,3105,801,9612,487.0,0.487
304,3146,312,3312,567.0,0.567
304,3146,331,3553,862.0,0.862
304,3146,343,3690,720.0,0.72
304,3146,398,4353,474.0,0.474
304,3146,454,5241,410.0,0.41
304,3146,478,5340,884.0,0.884
304,3146,515,5594,612.0,0.612
304,3146,516,5595,499.0,0.499
304,3146,649,7099,996.0,0.996
304,3146,654,7157,989.0,0.989
304,3146,808,9759,491.0,0.491
306,3178,308,3276,457.0,0.457
306,3178,382,4193,470.0,0.47
306,3178,484,5478,457.0,0.457
306,3178,597,6431,513.0,0.513
306,3178,651,7150,422.0,0.422
306,3178,655,7158,420.0,0.42
306,3178,849,10521,407.0,0.407
306,3178,895,23020,442.0,0.442
306,3178,916,23435,980.0,0.98
306,3178,940,26986,816.0,0.816
306,3178,979,51574,457.0,0.457
307,3265,343,3690,600.0,0.6
307,3265,358,3845,991.0,0.991
307,3265,362,3956,677.0,0.677
307,3265,375,4140,624.0,0.624
307,3265,445,5147,501.0,0.501
307,3265,449,5170,499.0,0.499
307,3265,462,5290,731.0,0.731
307,3265,463,5291,631.0,0.631
307,3265,465,5293,486.0,0.486
307,3265,466,5294,953.0,0.953
307,3265,467,5295,852.0,0.852
307,3265,468,5296,499.0,0.499
307,3265,511,5590,505.0,0.505
307,3265,515,5594,733.0,0.733
307,3265,516,5595,776.0,0.776
307,3265,520,5599,731.0,0.731
307,3265,525,5604,661.0,0.661
307,3265,526,5605,523.0,0.523
307,3265,561,5894,998.0,0.998
307,3265,617,6654,997.0,0.997
307,3265,618,6714,900.0,0.9
307,3265,630,6790,606.0,0.606
307,3265,688,7529,499.0,0.499
307,3265,756,8844,499.0,0.499
307,3265,938,26524,420.0,0.42
307,3265,1053,79109,932.0,0.932
307,3265,1137,283455,499.0,0.499
308,3276,420,4790,441.0,0.441
308,3276,569,5929,499.0,0.499
308,3276,618,6714,577.0,0.577
308,3276,654,7157,889.0,0.889
308,3276,697,7874,416.0,0.416
308,3276,713,8361,565.0,0.565
308,3276,757,8850,501.0,0.501
308,3276,768,9070,630.0,0.63
308,3276,831,10196,825.0,0.825
308,3276,841,10419,902.0,0.902
308,3276,848,10498,972.0,0.972
308,3276,872,11091,499.0,0.499
308,3276,900,23067,499.0,0.499
308,3276,901,23081,471.0,0.471
310,3297,312,3312,770.0,0.77
310,3297,314,3315,581.0,0.581
310,3297,315,3320,967.0,0.967
310,3297,316,3326,960.0,0.96
310,3297,479,5347,429.0,0.429
310,3297,520,5599,457.0,0.457
310,3297,612,6597,511.0,0.511
310,3297,676,7415,852.0,0.852
310,3297,739,8607,540.0,0.54
310,3297,818,10013,800.0,0.8
310,3297,863,10856,540.0,0.54
310,3297,874,11140,720.0,0.72
310,3297,885,11315,499.0,0.499
310,3297,915,23411,630.0,0.63
311,3309,312,3312,963.0,0.963
311,3309,313,3313,823.0,0.823
311,3309,315,3320,788.0,0.788
311,3309,316,3326,851.0,0.851
311,3309,317,3329,625.0,0.625
311,3309,328,3480,520.0,0.52
311,3309,345,3708,506.0,0.506
311,3309,433,5034,792.0,0.792
311,3309,449,5170,626.0,0.626
311,3309,461,5289,797.0,0.797
311,3309,475,5327,422.0,0.422
311,3309,561,5894,513.0,0.513
311,3309,571,5970,457.0,0.457
311,3309,654,7157,457.0,0.457
311,3309,655,7158,414.0,0.414
311,3309,659,7184,982.0,0.982
311,3309,666,7296,520.0,0.52
311,3309,677,7417,554.0,0.554
311,3309,793,9451,998.0,0.998
311,3309,828,10131,510.0,0.51
311,3309,833,10280,981.0,0.981
311,3309,907,23193,612.0,0.612
312,3312,313,3313,913.0,0.913
312,3312,314,3315,956.0,0.956
312,3312,315,3320,997.0,0.997
312,3312,316,3326,997.0,0.997
312,3312,317,3329,692.0,0.692
312,3312,353,3757,457.0,0.457
312,3312,379,4170,568.0,0.568
312,3312,382,4193,435.0,0.435
312,3312,404,4609,468.0,0.468
312,3312,434,5052,509.0,0.509
312,3312,453,5230,450.0,0.45
312,3312,455,5243,404.0,0.404
312,3312,484,5478,443.0,0.443
312,3312,492,5563,499.0,0.499
312,3312,525,5604,608.0,0.608
312,3312,561,5894,457.0,0.457
312,3312,566,5925,582.0,0.582
312,3312,569,5929,438.0,0.438
312,3312,571,5970,414.0,0.414
312,3312,614,6622,928.0,0.928
312,3312,654,7157,920.0,0.92
312,3312,676,7415,751.0,0.751
312,3312,690,7533,551.0,0.551
312,3312,694,7846,705.0,0.705
312,3312,713,8361,457.0,0.457
312,3312,739,8607,632.0,0.632
312,3312,797,9520,431.0,0.431
312,3312,818,10013,599.0,0.599
312,3312,836,10376,564.0,0.564
312,3312,837,10381,564.0,0.564
312,3312,838,10383,584.0,0.584
312,3312,841,10419,564.0,0.564
312,3312,863,10856,582.0,0.582
312,3312,872,11091,419.0,0.419
312,3312,874,11140,786.0,0.786
312,3312,885,11315,535.0,0.535
312,3312,915,23411,499.0,0.499
312,3312,940,26986,921.0,0.921
312,3312,941,27102,420.0,0.42
312,3312,979,51574,457.0,0.457
312,3312,1101,120892,553.0,0.553
312,3312,1124,203068,755.0,0.755
313,3313,314,3315,664.0,0.664
313,3313,315,3320,781.0,0.781
313,3313,316,3326,768.0,0.768
313,3313,317,3329,907.0,0.907
313,3313,345,3708,985.0,0.985
313,3313,595,6390,570.0,0.57
313,3313,614,6622,508.0,0.508
313,3313,654,7157,989.0,0.989
313,3313,659,7184,851.0,0.851
313,3313,665,7295,464.0,0.464
313,3313,688,7529,438.0,0.438
313,3313,828,10131,428.0,0.428
313,3313,885,11315,978.0,0.978
313,3313,1101,120892,457.0,0.457
314,3315,315,3320,605.0,0.605
314,3315,316,3326,520.0,0.52
314,3315,330,3551,820.0,0.82
314,3315,477,5339,909.0,0.909
314,3315,614,6622,651.0,0.651
314,3315,625,6774,570.0,0.57
314,3315,654,7157,832.0,0.832
314,3315,670,7329,745.0,0.745
314,3315,691,7534,670.0,0.67
314,3315,696,7867,548.0,0.548
314,3315,732,8550,701.0,0.701
314,3315,781,9261,791.0,0.791
314,3315,843,10454,428.0,0.428
314,3315,917,23450,670.0,0.67
314,3315,940,26986,806.0,0.806
314,3315,1101,120892,457.0,0.457
315,3320,316,3326,965.0,0.965
315,3320,317,3329,620.0,0.62
315,3320,328,3480,455.0,0.455
315,3320,330,3551,945.0,0.945
315,3320,331,3553,482.0,0.482
315,3320,333,3611,467.0,0.467
315,3320,347,3717,468.0,0.468
315,3320,353,3757,809.0,0.809
315,3320,354,3791,918.0,0.918
315,3320,355,3815,478.0,0.478
315,3320,359,3932,462.0,0.462
315,3320,364,3984,822.0,0.822
315,3320,365,3985,453.0,0.453
315,3320,369,4067,700.0,0.7
315,3320,382,4193,740.0,0.74
315,3320,385,4215,426.0,0.426
315,3320,388,4233,462.0,0.462
315,3320,392,4296,497.0,0.497
315,3320,394,4313,703.0,0.703
315,3320,404,4609,911.0,0.911
315,3320,405,4627,420.0,0.42
315,3320,422,4869,424.0,0.424
315,3320,424,4914,423.0,0.423
315,3320,442,5129,401.0,0.401
315,3320,447,5159,427.0,0.427
315,3320,449,5170,571.0,0.571
315,3320,454,5241,957.0,0.957
315,3320,462,5290,714.0,0.714
315,3320,464,5292,457.0,0.457
315,3320,467,5295,637.0,0.637
315,3320,479,5347,572.0,0.572
315,3320,491,5562,457.0,0.457
315,3320,492,5563,436.0,0.436
315,3320,495,5566,514.0,0.514
315,3320,496,5567,459.0,0.459
315,3320,502,5580,710.0,0.71
315,3320,503,5581,466.0,0.466
315,3320,512,5591,405.0,0.405
315,3320,515,5594,793.0,0.793
315,3320,525,5604,538.0,0.538
315,3320,551,5747,560.0,0.56
315,3320,561,5894,678.0,0.678
315,3320,581,6195,528.0,0.528
315,3320,584,6198,627.0,0.627
315,3320,585,6199,477.0,0.477
315,3320,614,6622,457.0,0.457
315,3320,617,6654,499.0,0.499
315,3320,618,6714,997.0,0.997
315,3320,621,6732,542.0,0.542
315,3320,625,6774,856.0,0.856
315,3320,633,6794,658.0,0.658
315,3320,637,6885,566.0,0.566
315,3320,642,7015,989.0,0.989
315,3320,644,7046,801.0,0.801
315,3320,645,7048,932.0,0.932
315,3320,649,7099,973.0,0.973
315,3320,654,7157,992.0,0.992
315,3320,659,7184,917.0,0.917
315,3320,674,7403,403.0,0.403
315,3320,676,7415,803.0,0.803
315,3320,679,7430,930.0,0.93
315,3320,691,7534,464.0,0.464
315,3320,694,7846,457.0,0.457
315,3320,713,8361,573.0,0.573
315,3320,730,8536,480.0,0.48
315,3320,739,8607,833.0,0.833
315,3320,747,8737,796.0,0.796
315,3320,756,8844,697.0,0.697
315,3320,779,9212,693.0,0.693
315,3320,787,9368,790.0,0.79
315,3320,793,9451,722.0,0.722
315,3320,800,9611,845.0,0.845
315,3320,808,9759,956.0,0.956
315,3320,814,9970,462.0,0.462
315,3320,818,10013,994.0,0.994
315,3320,826,10110,549.0,0.549
315,3320,828,10131,455.0,0.455
315,3320,830,10188,576.0,0.576
315,3320,840,10392,689.0,0.689
315,3320,843,10454,528.0,0.528
315,3320,863,10856,699.0,0.699
315,3320,867,10971,419.0,0.419
315,3320,870,11035,615.0,0.615
315,3320,874,11140,999.0,0.999
315,3320,885,11315,499.0,0.499
315,3320,904,23135,403.0,0.403
315,3320,915,23411,453.0,0.453
315,3320,916,23435,457.0,0.457
315,3320,918,23476,457.0,0.457
315,3320,941,27102,420.0,0.42
315,3320,942,27148,457.0,0.457
315,3320,954,29110,768.0,0.768
315,3320,956,29904,400.0,0.4
315,3320,968,51185,457.0,0.457
315,3320,993,54583,550.0,0.55
315,3320,1021,55869,719.0,0.719
315,3320,1031,57118,480.0,0.48
315,3320,1041,64127,422.0,0.422
315,3320,1046,65061,494.0,0.494
315,3320,1075,83983,457.0,0.457
315,3320,1101,120892,769.0,0.769
315,3320,1111,140901,485.0,0.485
315,3320,1119,197259,505.0,0.505
315,3320,1155,728642,427.0,0.427
316,3326,317,3329,681.0,0.681
316,3326,330,3551,943.0,0.943
316,3326,333,3611,468.0,0.468
316,3326,353,3757,578.0,0.578
316,3326,354,3791,790.0,0.79
316,3326,364,3984,822.0,0.822
316,3326,365,3985,453.0,0.453
316,3326,369,4067,557.0,0.557
316,3326,394,4313,591.0,0.591
316,3326,404,4609,697.0,0.697
316,3326,405,4627,651.0,0.651
316,3326,420,4790,619.0,0.619
316,3326,434,5052,554.0,0.554
316,3326,442,5129,401.0,0.401
316,3326,449,5170,572.0,0.572
316,3326,454,5241,927.0,0.927
316,3326,479,5347,728.0,0.728
316,3326,496,5567,420.0,0.42
316,3326,502,5580,430.0,0.43
316,3326,503,5581,466.0,0.466
316,3326,512,5591,407.0,0.407
316,3326,525,5604,452.0,0.452
316,3326,561,5894,966.0,0.966
316,3326,576,6093,498.0,0.498
316,3326,585,6199,407.0,0.407
316,3326,618,6714,985.0,0.985
316,3326,621,6732,543.0,0.543
316,3326,625,6774,707.0,0.707
316,3326,633,6794,469.0,0.469
316,3326,642,7015,979.0,0.979
316,3326,644,7046,649.0,0.649
316,3326,645,7048,881.0,0.881
316,3326,649,7099,974.0,0.974
316,3326,654,7157,983.0,0.983
316,3326,659,7184,919.0,0.919
316,3326,674,7403,403.0,0.403
316,3326,676,7415,732.0,0.732
316,3326,679,7430,887.0,0.887
316,3326,682,7465,580.0,0.58
316,3326,691,7534,597.0,0.597
316,3326,713,8361,763.0,0.763
316,3326,730,8536,480.0,0.48
316,3326,739,8607,920.0,0.92
316,3326,747,8737,508.0,0.508
316,3326,756,8844,697.0,0.697
316,3326,771,9113,477.0,0.477
316,3326,779,9212,693.0,0.693
316,3326,787,9368,790.0,0.79
316,3326,793,9451,626.0,0.626
316,3326,800,9611,845.0,0.845
316,3326,802,9641,491.0,0.491
316,3326,808,9759,933.0,0.933
316,3326,816,9978,440.0,0.44
316,3326,818,10013,993.0,0.993
316,3326,826,10110,594.0,0.594
316,3326,828,10131,457.0,0.457
316,3326,830,10188,548.0,0.548
316,3326,840,10392,506.0,0.506
316,3326,863,10856,831.0,0.831
316,3326,867,10971,419.0,0.419
316,3326,874,11140,999.0,0.999
316,3326,885,11315,499.0,0.499
316,3326,904,23135,403.0,0.403
316,3326,954,29110,672.0,0.672
316,3326,956,29904,400.0,0.4
316,3326,979,51574,457.0,0.457
316,3326,993,54583,550.0,0.55
316,3326,1021,55869,620.0,0.62
316,3326,1031,57118,480.0,0.48
316,3326,1041,64127,422.0,0.422
316,3326,1046,65061,410.0,0.41
316,3326,1075,83983,532.0,0.532
316,3326,1078,84293,437.0,0.437
316,3326,1101,120892,769.0,0.769
316,3326,1111,140901,573.0,0.573
317,3329,453,5230,479.0,0.479
317,3329,477,5339,663.0,0.663
317,3329,478,5340,698.0,0.698
317,3329,484,5478,516.0,0.516
317,3329,649,7099,996.0,0.996
317,3329,660,7263,465.0,0.465
317,3329,779,9212,408.0,0.408
317,3329,786,9361,401.0,0.401
317,3329,914,23410,457.0,0.457
317,3329,915,23411,455.0,0.455
318,3350,319,3356,883.0,0.883
318,3350,324,3363,651.0,0.651
318,3350,605,6532,715.0,0.715
319,3356,320,3357,948.0,0.948
319,3356,321,3358,989.0,0.989
319,3356,605,6532,436.0,0.436
320,3357,321,3358,975.0,0.975
323,3362,324,3363,901.0,0.901
325,3376,349,3735,999.0,0.999
325,3376,376,4141,999.0,0.999
325,3376,556,5859,999.0,0.999
325,3376,565,5917,997.0,0.997
325,3376,698,7965,971.0,0.971
325,3376,734,8565,417.0,0.417
325,3376,975,51520,999.0,0.999
326,3417,327,3418,959.0,0.959
326,3417,381,4191,491.0,0.491
327,3418,381,4191,653.0,0.653
327,3418,913,23408,521.0,0.521
327,3418,914,23410,621.0,0.621
328,3480,340,3643,997.0,0.997
328,3480,341,3645,958.0,0.958
328,3480,343,3690,900.0,0.9
328,3480,346,3716,565.0,0.565
328,3480,347,3717,771.0,0.771
328,3480,382,4193,698.0,0.698
328,3480,439,5111,457.0,0.457
328,3480,447,5159,432.0,0.432
328,3480,454,5241,580.0,0.58
328,3480,467,5295,646.0,0.646
328,3480,525,5604,496.0,0.496
328,3480,551,5747,723.0,0.723
328,3480,572,5979,473.0,0.473
328,3480,618,6714,961.0,0.961
328,3480,625,6774,753.0,0.753
328,3480,688,7529,460.0,0.46
329,3550,651,7150,420.0,0.42
329,3550,762,8899,837.0,0.837
329,3550,773,9128,979.0,0.979
329,3550,845,10465,800.0,0.8
329,3550,895,23020,979.0,0.979
329,3550,917,23450,989.0,0.989
329,3550,918,23476,457.0,0.457
330,3551,342,3654,843.0,0.843
330,3551,384,4214,620.0,0.62
330,3551,420,4790,919.0,0.919
330,3551,486,5499,457.0,0.457
330,3551,501,5579,596.0,0.596
330,3551,510,5588,492.0,0.492
330,3551,531,5610,470.0,0.47
330,3551,571,5970,829.0,0.829
330,3551,618,6714,788.0,0.788
330,3551,637,6885,815.0,0.815
330,3551,644,7046,650.0,0.65
330,3551,649,7099,499.0,0.499
330,3551,650,7124,931.0,0.931
330,3551,654,7157,616.0,0.616
330,3551,747,8737,886.0,0.886
330,3551,802,9641,723.0,0.723
330,3551,843,10454,817.0,0.817
330,3551,874,11140,820.0,0.82
330,3551,927,23683,482.0,0.482
330,3551,954,29110,909.0,0.909
330,3551,1124,203068,595.0,0.595
330,3551,1132,253260,572.0,0.572
331,3553,342,3654,920.0,0.92
331,3553,369,4067,489.0,0.489
331,3553,571,5970,507.0,0.507
331,3553,649,7099,633.0,0.633
332,3569,346,3716,871.0,0.871
332,3569,347,3717,834.0,0.834
332,3569,358,3845,579.0,0.579
332,3569,388,4233,669.0,0.669
332,3569,515,5594,657.0,0.657
332,3569,520,5599,742.0,0.742
332,3569,571,5970,432.0,0.432
332,3569,625,6774,527.0,0.527
332,3569,667,7297,959.0,0.959
333,3611,343,3690,835.0,0.835
333,3611,515,5594,613.0,0.613
333,3611,516,5595,574.0,0.574
333,3611,551,5747,408.0,0.408
333,3611,561,5894,435.0,0.435
333,3611,739,8607,682.0,0.682
333,3611,1132,253260,956.0,0.956
334,3614,335,3615,959.0,0.959
335,3615,803,9656,439.0,0.439
336,3619,630,6790,936.0,0.936
336,3619,634,6795,996.0,0.996
336,3619,779,9212,999.0,0.999
336,3619,796,9493,513.0,0.513
338,3635,339,3636,912.0,0.912
338,3635,346,3716,499.0,0.499
338,3635,347,3717,499.0,0.499
338,3635,348,3718,499.0,0.499
338,3635,369,4067,950.0,0.95
338,3635,462,5290,499.0,0.499
338,3635,463,5291,499.0,0.499
338,3635,466,5294,499.0,0.499
338,3635,467,5295,716.0,0.716
338,3635,618,6714,670.0,0.67
338,3635,625,6774,697.0,0.697
338,3635,687,7525,519.0,0.519
338,3635,881,11213,408.0,0.408
339,3636,340,3643,457.0,0.457
339,3636,346,3716,499.0,0.499
339,3636,347,3717,499.0,0.499
339,3636,348,3718,499.0,0.499
339,3636,369,4067,543.0,0.543
339,3636,462,5290,499.0,0.499
339,3636,463,5291,708.0,0.708
339,3636,466,5294,499.0,0.499
339,3636,467,5295,799.0,0.799
339,3636,502,5580,414.0,0.414
339,3636,618,6714,841.0,0.841
339,3636,625,6774,699.0,0.699
339,3636,687,7525,804.0,0.804
340,3643,341,3645,980.0,0.98
340,3643,347,3717,742.0,0.742
340,3643,467,5295,648.0,0.648
340,3643,502,5580,457.0,0.457
340,3643,515,5594,519.0,0.519
340,3643,654,7157,471.0,0.471
340,3643,829,10135,408.0,0.408
342,3654,506,5584,499.0,0.499
342,3654,636,6872,420.0,0.42
342,3654,637,6885,808.0,0.808
342,3654,649,7099,981.0,0.981
342,3654,748,8767,499.0,0.499
342,3654,840,10392,499.0,0.499
342,3654,843,10454,897.0,0.897
342,3654,881,11213,990.0,0.99
342,3654,1041,64127,499.0,0.499
343,3690,354,3791,963.0,0.963
343,3690,358,3845,499.0,0.499
343,3690,369,4067,494.0,0.494
343,3690,375,4140,400.0,0.4
343,3690,446,5156,443.0,0.443
343,3690,447,5159,557.0,0.557
343,3690,500,5578,651.0,0.651
343,3690,501,5579,742.0,0.742
343,3690,504,5582,651.0,0.651
343,3690,515,5594,571.0,0.571
343,3690,516,5595,630.0,0.63
343,3690,525,5604,499.0,0.499
343,3690,526,5605,499.0,0.499
343,3690,551,5747,933.0,0.933
343,3690,561,5894,503.0,0.503
343,3690,617,6654,499.0,0.499
343,3690,618,6714,955.0,0.955
343,3690,635,6850,792.0,0.792
343,3690,645,7048,563.0,0.563
343,3690,688,7529,499.0,0.499
343,3690,756,8844,403.0,0.403
343,3690,834,10298,449.0,0.449
344,3702,359,3932,784.0,0.784
344,3702,369,4067,499.0,0.499
344,3702,484,5478,487.0,0.487
344,3702,617,6654,499.0,0.499
344,3702,635,6850,525.0,0.525
344,3702,640,7006,900.0,0.9
344,3702,664,7294,900.0,0.9
344,3702,692,7535,694.0,0.694
345,3708,379,4170,648.0,0.648
345,3708,513,5592,591.0,0.591
345,3708,514,5593,408.0,0.408
345,3708,625,6774,407.0,0.407
345,3708,677,7417,629.0,0.629
345,3708,808,9759,439.0,0.439
345,3708,820,10017,458.0,0.458
345,3708,833,10280,826.0,0.826
345,3708,885,11315,665.0,0.665
346,3716,347,3717,998.0,0.998
346,3716,348,3718,998.0,0.998
346,3716,369,4067,800.0,0.8
346,3716,382,4193,457.0,0.457
346,3716,446,5156,650.0,0.65
346,3716,447,5159,650.0,0.65
346,3716,462,5290,671.0,0.671
346,3716,463,5291,400.0,0.4
346,3716,465,5293,445.0,0.445
346,3716,467,5295,400.0,0.4
346,3716,468,5296,400.0,0.4
346,3716,515,5594,412.0,0.412
346,3716,617,6654,400.0,0.4
346,3716,625,6774,994.0,0.994
346,3716,626,6776,949.0,0.949
346,3716,635,6850,499.0,0.499
346,3716,639,6921,499.0,0.499
346,3716,644,7046,447.0,0.447
346,3716,650,7124,482.0,0.482
346,3716,667,7297,998.0,0.998
346,3716,793,9451,521.0,0.521
347,3717,348,3718,973.0,0.973
347,3717,355,3815,557.0,0.557
347,3717,359,3932,499.0,0.499
347,3717,369,4067,907.0,0.907
347,3717,446,5156,650.0,0.65
347,3717,447,5159,738.0,0.738
347,3717,462,5290,609.0,0.609
347,3717,463,5291,400.0,0.4
347,3717,465,5293,400.0,0.4
347,3717,466,5294,499.0,0.499
347,3717,467,5295,773.0,0.773
347,3717,468,5296,400.0,0.4
347,3717,474,5315,470.0,0.47
347,3717,551,5747,457.0,0.457
347,3717,561,5894,589.0,0.589
347,3717,617,6654,400.0,0.4
347,3717,618,6714,877.0,0.877
347,3717,625,6774,992.0,0.992
347,3717,626,6776,988.0,0.988
347,3717,635,6850,800.0,0.8
347,3717,639,6921,499.0,0.499
347,3717,640,7006,457.0,0.457
347,3717,667,7297,996.0,0.996
347,3717,679,7430,497.0,0.497
347,3717,687,7525,502.0,0.502
347,3717,691,7534,503.0,0.503
347,3717,816,9978,499.0,0.499
347,3717,841,10419,457.0,0.457
347,3717,1014,55737,426.0,0.426
348,3718,359,3932,678.0,0.678
348,3718,446,5156,650.0,0.65
348,3718,447,5159,650.0,0.65
348,3718,462,5290,431.0,0.431
348,3718,463,5291,400.0,0.4
348,3718,465,5293,400.0,0.4
348,3718,467,5295,400.0,0.4
348,3718,468,5296,455.0,0.455
348,3718,617,6654,400.0,0.4
348,3718,625,6774,907.0,0.907
348,3718,626,6776,923.0,0.923
348,3718,635,6850,499.0,0.499
348,3718,667,7297,885.0,0.885
349,3735,376,4141,998.0,0.998
349,3735,556,5859,999.0,0.999
349,3735,565,5917,999.0,0.999
349,3735,698,7965,998.0,0.998
349,3735,734,8565,465.0,0.465
349,3735,975,51520,999.0,0.999
350,3741,351,3752,540.0,0.54
350,3741,618,6714,616.0,0.616
352,3753,353,3757,631.0,0.631
353,3757,833,10280,523.0,0.523
354,3791,388,4233,768.0,0.768
354,3791,436,5062,499.0,0.499
354,3791,447,5159,978.0,0.978
354,3791,462,5290,631.0,0.631
354,3791,463,5291,499.0,0.499
354,3791,467,5295,499.0,0.499
354,3791,468,5296,499.0,0.499
354,3791,551,5747,672.0,0.672
354,3791,618,6714,975.0,0.975
355,3815,359,3932,609.0,0.609
355,3815,369,4067,879.0,0.879
355,3815,378,4145,457.0,0.457
355,3815,459,5287,440.0,0.44
355,3815,462,5290,616.0,0.616
355,3815,466,5294,711.0,0.711
355,3815,467,5295,835.0,0.835
355,3815,468,5296,660.0,0.66
355,3815,500,5578,900.0,0.9
355,3815,617,6654,400.0,0.4
355,3815,618,6714,620.0,0.62
355,3815,625,6774,499.0,0.499
355,3815,626,6776,499.0,0.499
355,3815,635,6850,415.0,0.415
355,3815,640,7006,716.0,0.716
355,3815,664,7294,443.0,0.443
355,3815,687,7525,668.0,0.668
356,3832,796,9493,669.0,0.669
356,3832,836,10376,950.0,0.95
356,3832,838,10383,479.0,0.479
356,3832,868,11004,600.0,0.6
357,3838,404,4609,500.0,0.5
357,3838,420,4790,567.0,0.567
357,3838,520,5599,505.0,0.505
357,3838,571,5970,536.0,0.536
357,3838,583,6197,400.0,0.4
357,3838,612,6597,579.0,0.579
357,3838,739,8607,409.0,0.409
357,3838,880,11200,457.0,0.457
357,3838,887,11335,410.0,0.41
357,3838,916,23435,400.0,0.4
357,3838,937,26227,459.0,0.459
357,3838,955,29117,448.0,0.448
357,3838,979,51574,457.0,0.457
358,3845,369,4067,484.0,0.484
358,3845,375,4140,624.0,0.624
358,3845,445,5147,695.0,0.695
358,3845,449,5170,499.0,0.499
358,3845,462,5290,713.0,0.713
358,3845,463,5291,680.0,0.68
358,3845,465,5293,458.0,0.458
358,3845,467,5295,528.0,0.528
358,3845,468,5296,532.0,0.532
358,3845,484,5478,418.0,0.418
358,3845,511,5590,505.0,0.505
358,3845,515,5594,837.0,0.837
358,3845,516,5595,702.0,0.702
358,3845,525,5604,789.0,0.789
358,3845,526,5605,523.0,0.523
358,3845,561,5894,981.0,0.981
358,3845,617,6654,986.0,0.986
358,3845,618,6714,687.0,0.687
358,3845,688,7529,602.0,0.602
358,3845,719,8394,555.0,0.555
358,3845,756,8844,499.0,0.499
358,3845,1053,79109,967.0,0.967
358,3845,1137,283455,499.0,0.499
359,3932,369,4067,882.0,0.882
359,3932,462,5290,660.0,0.66
359,3932,463,5291,400.0,0.4
359,3932,467,5295,826.0,0.826
359,3932,468,5296,434.0,0.434
359,3932,503,5581,400.0,0.4
359,3932,510,5588,793.0,0.793
359,3932,515,5594,457.0,0.457
359,3932,617,6654,667.0,0.667
359,3932,618,6714,867.0,0.867
359,3932,625,6774,906.0,0.906
359,3932,626,6776,518.0,0.518
359,3932,635,6850,963.0,0.963
359,3932,687,7525,700.0,0.7
359,3932,692,7535,993.0,0.993
359,3932,908,23210,404.0,0.404
360,3939,404,4609,441.0,0.441
360,3939,474,5315,422.0,0.422
360,3939,1101,120892,457.0,0.457
363,3980,399,4361,515.0,0.515
363,3980,512,5591,428.0,0.428
363,3980,713,8361,457.0,0.457
363,3980,796,9493,686.0,0.686
363,3980,803,9656,439.0,0.439
363,3980,821,10038,928.0,0.928
363,3980,918,23476,457.0,0.457
363,3980,1016,55775,606.0,0.606
364,3984,365,3985,943.0,0.943
364,3984,435,5058,555.0,0.555
364,3984,691,7534,711.0,0.711
364,3984,771,9113,583.0,0.583
364,3984,834,10298,537.0,0.537
365,3985,576,6093,457.0,0.457
365,3985,874,11140,425.0,0.425
368,4058,467,5295,457.0,0.457
368,4058,830,10188,540.0,0.54
369,4067,378,4145,509.0,0.509
369,4067,446,5156,536.0,0.536
369,4067,462,5290,544.0,0.544
369,4067,463,5291,637.0,0.637
369,4067,465,5293,499.0,0.499
369,4067,466,5294,808.0,0.808
369,4067,467,5295,654.0,0.654
369,4067,468,5296,540.0,0.54
369,4067,502,5580,405.0,0.405
369,4067,512,5591,521.0,0.521
369,4067,516,5595,457.0,0.457
369,4067,547,5698,418.0,0.418
369,4067,551,5747,494.0,0.494
369,4067,617,6654,496.0,0.496
369,4067,618,6714,983.0,0.983
369,4067,625,6774,841.0,0.841
369,4067,626,6776,542.0,0.542
369,4067,635,6850,991.0,0.991
369,4067,639,6921,499.0,0.499
369,4067,640,7006,635.0,0.635
369,4067,664,7294,631.0,0.631
369,4067,667,7297,763.0,0.763
369,4067,687,7525,796.0,0.796
369,4067,692,7535,702.0,0.702
369,4067,859,10746,732.0,0.732
369,4067,969,51206,988.0,0.988
372,4128,373,4129,948.0,0.948
374,4139,691,7534,457.0,0.457
375,4140,464,5292,457.0,0.457
375,4140,487,5520,404.0,0.404
375,4140,515,5594,499.0,0.499
375,4140,516,5595,499.0,0.499
375,4140,525,5604,499.0,0.499
375,4140,526,5605,499.0,0.499
375,4140,561,5894,400.0,0.4
375,4140,618,6714,400.0,0.4
375,4140,688,7529,716.0,0.716
375,4140,689,7532,547.0,0.547
375,4140,690,7533,457.0,0.457
375,4140,691,7534,661.0,0.661
375,4140,756,8844,943.0,0.943
375,4140,867,10971,457.0,0.457
375,4140,1039,57787,538.0,0.538
375,4140,1137,283455,400.0,0.4
376,4141,556,5859,998.0,0.998
376,4141,565,5917,992.0,0.992
376,4141,698,7965,997.0,0.997
376,4141,734,8565,882.0,0.882
376,4141,975,51520,998.0,0.998
377,4144,918,23476,457.0,0.457
378,4145,424,4914,926.0,0.926
378,4145,425,4915,900.0,0.9
378,4145,426,4916,900.0,0.9
378,4145,618,6714,497.0,0.497
379,4170,491,5562,558.0,0.558
379,4170,493,5564,580.0,0.58
379,4170,494,5565,558.0,0.558
379,4170,498,5571,554.0,0.554
379,4170,515,5594,446.0,0.446
379,4170,654,7157,638.0,0.638
379,4170,688,7529,447.0,0.447
379,4170,706,8239,457.0,0.457
379,4170,743,8658,703.0,0.703
379,4170,968,51185,471.0,0.471
379,4170,1067,80351,948.0,0.948
382,4193,383,4194,999.0,0.999
382,4193,422,4869,844.0,0.844
382,4193,439,5111,457.0,0.457
382,4193,464,5292,457.0,0.457
382,4193,467,5295,422.0,0.422
382,4193,474,5315,569.0,0.569
382,4193,479,5347,531.0,0.531
382,4193,481,5468,457.0,0.457
382,4193,486,5499,457.0,0.457
382,4193,536,5684,457.0,0.457
382,4193,540,5688,457.0,0.457
382,4193,566,5925,904.0,0.904
382,4193,571,5970,465.0,0.465
382,4193,586,6240,503.0,0.503
382,4193,618,6714,473.0,0.473
382,4193,633,6794,454.0,0.454
382,4193,636,6872,457.0,0.457
382,4193,642,7015,457.0,0.457
382,4193,654,7157,999.0,0.999
382,4193,670,7329,638.0,0.638
382,4193,688,7529,410.0,0.41
382,4193,697,7874,996.0,0.996
382,4193,728,8493,500.0,0.5
382,4193,757,8850,457.0,0.457
382,4193,781,9261,457.0,0.457
382,4193,803,9656,406.0,0.406
382,4193,867,10971,509.0,0.509
382,4193,880,11200,671.0,0.671
382,4193,938,26524,914.0,0.914
382,4193,950,28996,457.0,0.457
382,4193,976,51548,457.0,0.457
382,4193,1026,56924,457.0,0.457
383,4194,566,5925,457.0,0.457
383,4194,654,7157,999.0,0.999
383,4194,688,7529,457.0,0.457
383,4194,689,7532,457.0,0.457
383,4194,690,7533,659.0,0.659
383,4194,691,7534,457.0,0.457
383,4194,697,7874,881.0,0.881
383,4194,867,10971,457.0,0.457
383,4194,1103,122011,435.0,0.435
384,4214,386,4216,426.0,0.426
384,4214,515,5594,509.0,0.509
384,4214,516,5595,690.0,0.69
384,4214,520,5599,745.0,0.745
384,4214,522,5601,457.0,0.457
384,4214,525,5604,630.0,0.63
384,4214,530,5609,626.0,0.626
384,4214,558,5871,663.0,0.663
384,4214,596,6416,720.0,0.72
384,4214,618,6714,450.0,0.45
384,4214,654,7157,575.0,0.575
384,4214,670,7329,457.0,0.457
384,4214,688,7529,412.0,0.412
384,4214,689,7532,565.0,0.565
384,4214,691,7534,503.0,0.503
384,4214,792,9448,557.0,0.557
384,4214,843,10454,624.0,0.624
385,4215,527,5606,458.0,0.458
385,4215,528,5607,991.0,0.991
385,4215,596,6416,457.0,0.457
385,4215,637,6885,581.0,0.581
385,4215,688,7529,457.0,0.457
385,4215,859,10746,943.0,0.943
386,4216,524,5603,427.0,0.427
386,4216,525,5604,407.0,0.407
386,4216,527,5606,703.0,0.703
386,4216,529,5608,657.0,0.657
386,4216,596,6416,509.0,0.509
387,4217,434,5052,674.0,0.674
387,4217,520,5599,700.0,0.7
387,4217,527,5606,644.0,0.644
387,4217,529,5608,680.0,0.68
387,4217,530,5609,457.0,0.457
387,4217,556,5859,752.0,0.752
387,4217,561,5894,422.0,0.422
387,4217,596,6416,943.0,0.943
387,4217,625,6774,655.0,0.655
387,4217,637,6885,476.0,0.476
387,4217,665,7295,999.0,0.999
387,4217,688,7529,494.0,0.494
387,4217,689,7532,462.0,0.462
387,4217,690,7533,462.0,0.462
387,4217,691,7534,844.0,0.844
387,4217,767,9064,644.0,0.644
387,4217,816,9978,414.0,0.414
387,4217,867,10971,462.0,0.462
387,4217,885,11315,772.0,0.772
387,4217,938,26524,435.0,0.435
388,4233,424,4914,456.0,0.456
388,4233,462,5290,400.0,0.4
388,4233,467,5295,650.0,0.65
388,4233,476,5328,450.0,0.45
388,4233,551,5747,448.0,0.448
388,4233,559,5879,530.0,0.53
388,4233,617,6654,809.0,0.809
388,4233,618,6714,909.0,0.909
388,4233,625,6774,942.0,0.942
389,4282,438,5110,422.0,0.422
389,4282,654,7157,457.0,0.457
389,4282,702,8050,610.0,0.61
389,4282,885,11315,566.0,0.566
391,4294,1081,84451,545.0,0.545
392,4296,530,5609,724.0,0.724
392,4296,559,5879,595.0,0.595
392,4296,596,6416,695.0,0.695
392,4296,874,11140,532.0,0.532
392,4296,879,11184,457.0,0.457
393,4298,639,6921,900.0,0.9
393,4298,713,8361,457.0,0.457
393,4298,725,8473,540.0,0.54
393,4298,739,8607,661.0,0.661
393,4298,740,8621,540.0,0.54
393,4298,753,8812,586.0,0.586
393,4298,863,10856,629.0,0.629
393,4298,872,11091,816.0,0.816
393,4298,983,51755,540.0,0.54
393,4298,999,54799,540.0,0.54
393,4298,1079,84444,968.0,0.968
394,4313,395,4323,994.0,0.994
394,4313,924,23621,400.0,0.4
396,4331,439,5111,900.0,0.9
396,4331,482,5469,800.0,0.8
396,4331,636,6872,800.0,0.8
396,4331,654,7157,457.0,0.457
396,4331,655,7158,439.0,0.439
396,4331,708,8294,808.0,0.808
396,4331,711,8359,808.0,0.808
396,4331,712,8360,808.0,0.808
396,4331,713,8361,808.0,0.808
396,4331,714,8364,808.0,0.808
396,4331,715,8365,808.0,0.808
396,4331,716,8366,808.0,0.808
396,4331,717,8367,808.0,0.808
396,4331,718,8368,808.0,0.808
396,4331,740,8621,720.0,0.72
396,4331,746,8731,499.0,0.499
396,4331,753,8812,540.0,0.54
396,4331,790,9439,800.0,0.8
396,4331,816,9978,499.0,0.499
396,4331,821,10038,499.0,0.499
396,4331,933,25885,499.0,0.499
396,4331,983,51755,720.0,0.72
396,4331,1102,121504,808.0,0.808
398,4353,480,5444,480.0,0.48
399,4361,520,5599,576.0,0.576
399,4361,560,5888,764.0,0.764
399,4361,654,7157,457.0,0.457
399,4361,655,7158,650.0,0.65
399,4361,683,7468,499.0,0.499
399,4361,684,7486,507.0,0.507
399,4361,713,8361,716.0,0.716
399,4361,803,9656,784.0,0.784
399,4361,804,9682,499.0,0.499
399,4361,821,10038,499.0,0.499
399,4361,897,23030,499.0,0.499
399,4361,1076,84126,630.0,0.63
401,4486,867,10971,479.0,0.479
402,4522,918,23476,880.0,0.88
404,4609,419,4780,505.0,0.505
404,4609,420,4790,440.0,0.44
404,4609,422,4869,618.0,0.618
404,4609,434,5052,666.0,0.666
404,4609,436,5062,457.0,0.457
404,4609,464,5292,457.0,0.457
404,4609,471,5300,746.0,0.746
404,4609,479,5347,457.0,0.457
404,4609,482,5469,457.0,0.457
404,4609,515,5594,457.0,0.457
404,4609,516,5595,596.0,0.596
404,4609,527,5606,483.0,0.483
404,4609,561,5894,442.0,0.442
404,4609,566,5925,600.0,0.6
404,4609,571,5970,457.0,0.457
404,4609,576,6093,545.0,0.545
404,4609,611,6595,420.0,0.42
404,4609,612,6597,877.0,0.877
404,4609,625,6774,521.0,0.521
404,4609,630,6790,778.0,0.778
404,4609,633,6794,410.0,0.41
404,4609,642,7015,478.0,0.478
404,4609,654,7157,958.0,0.958
404,4609,655,7158,518.0,0.518
404,4609,670,7329,503.0,0.503
404,4609,697,7874,457.0,0.457
404,4609,700,8019,414.0,0.414
404,4609,713,8361,638.0,0.638
404,4609,739,8607,900.0,0.9
404,4609,755,8841,793.0,0.793
404,4609,757,8850,955.0,0.955
404,4609,801,9612,705.0,0.705
404,4609,816,9978,680.0,0.68
404,4609,848,10498,457.0,0.457
404,4609,860,10765,941.0,0.941
404,4609,863,10856,820.0,0.82
404,4609,872,11091,930.0,0.93
404,4609,896,23028,810.0,0.81
404,4609,915,23411,471.0,0.471
404,4609,918,23476,538.0,0.538
404,4609,952,29072,405.0,0.405
404,4609,1001,54904,422.0,0.422
404,4609,1038,57646,830.0,0.83
404,4609,1079,84444,743.0,0.743
404,4609,1086,84864,421.0,0.421
404,4609,1087,84875,915.0,0.915
404,4609,1124,203068,420.0,0.42
405,4627,679,7430,803.0,0.803
405,4627,737,8573,499.0,0.499
405,4627,825,10097,588.0,0.588
405,4627,918,23476,457.0,0.457
405,4627,988,53904,499.0,0.499
405,4627,1108,140469,499.0,0.499
407,4661,906,23186,455.0,0.455
408,4697,409,4698,975.0,0.975
408,4697,410,4716,955.0,0.955
408,4697,411,4719,955.0,0.955
408,4697,412,4720,960.0,0.96
408,4697,413,4722,961.0,0.961
408,4697,414,4729,966.0,0.966
408,4697,885,11315,570.0,0.57
408,4697,965,51079,962.0,0.962
408,4697,1145,374291,950.0,0.95
409,4698,410,4716,998.0,0.998
409,4698,411,4719,998.0,0.998
409,4698,412,4720,999.0,0.999
409,4698,413,4722,999.0,0.999
409,4698,414,4729,998.0,0.998
409,4698,933,25885,422.0,0.422
409,4698,953,29078,955.0,0.955
409,4698,965,51079,998.0,0.998
409,4698,1145,374291,999.0,0.999
410,4716,411,4719,999.0,0.999
410,4716,412,4720,999.0,0.999
410,4716,413,4722,998.0,0.998
410,4716,414,4729,999.0,0.999
410,4716,953,29078,867.0,0.867
410,4716,965,51079,999.0,0.999
410,4716,1145,374291,997.0,0.997
411,4719,412,4720,999.0,0.999
411,4719,413,4722,999.0,0.999
411,4719,414,4729,999.0,0.999
411,4719,595,6390,454.0,0.454
411,4719,965,51079,999.0,0.999
411,4719,1145,374291,999.0,0.999
412,4720,413,4722,999.0,0.999
412,4720,414,4729,999.0,0.999
412,4720,953,29078,951.0,0.951
412,4720,965,51079,999.0,0.999
412,4720,1145,374291,999.0,0.999
413,4722,414,4729,999.0,0.999
413,4722,953,29078,953.0,0.953
413,4722,965,51079,999.0,0.999
413,4722,1145,374291,999.0,0.999
414,4729,595,6390,547.0,0.547
414,4729,965,51079,998.0,0.998
414,4729,1145,374291,999.0,0.999
415,4738,535,5682,630.0,0.63
415,4738,536,5684,630.0,0.63
415,4738,537,5685,630.0,0.63
415,4738,538,5686,630.0,0.63
415,4738,539,5687,716.0,0.716
415,4738,540,5688,630.0,0.63
415,4738,541,5689,499.0,0.499
415,4738,542,5690,499.0,0.499
415,4738,543,5693,499.0,0.499
415,4738,544,5694,523.0,0.523
415,4738,545,5695,499.0,0.499
415,4738,546,5696,499.0,0.499
415,4738,547,5698,519.0,0.519
415,4738,548,5699,499.0,0.499
415,4738,549,5704,515.0,0.515
415,4738,550,5717,544.0,0.544
415,4738,639,6921,995.0,0.995
415,4738,654,7157,547.0,0.547
415,4738,761,8883,998.0,0.998
415,4738,766,9039,999.0,0.999
415,4738,816,9978,998.0,0.998
415,4738,818,10013,457.0,0.457
415,4738,918,23476,457.0,0.457
415,4738,968,51185,626.0,0.626
415,4738,1012,55611,507.0,0.507
416,4750,690,7533,420.0,0.42
417,4751,515,5594,568.0,0.568
419,4780,481,5468,569.0,0.569
419,4780,520,5599,457.0,0.457
419,4780,676,7415,499.0,0.499
419,4780,816,9978,499.0,0.499
420,4790,481,5468,688.0,0.688
420,4790,500,5578,493.0,0.493
420,4790,512,5591,416.0,0.416
420,4790,571,5970,999.0,0.999
420,4790,615,6624,551.0,0.551
420,4790,625,6774,781.0,0.781
420,4790,630,6790,432.0,0.432
420,4790,650,7124,846.0,0.846
420,4790,654,7157,921.0,0.921
420,4790,665,7295,957.0,0.957
420,4790,755,8841,615.0,0.615
420,4790,800,9611,671.0,0.671
420,4790,801,9612,426.0,0.426
420,4790,816,9978,499.0,0.499
420,4790,860,10765,482.0,0.482
420,4790,863,10856,646.0,0.646
420,4790,864,10919,402.0,0.402
420,4790,915,23411,448.0,0.448
422,4869,462,5290,499.0,0.499
422,4869,467,5295,708.0,0.708
422,4869,531,5610,457.0,0.457
422,4869,562,5914,584.0,0.584
422,4869,566,5925,630.0,0.63
422,4869,568,5928,933.0,0.933
422,4869,571,5970,457.0,0.457
422,4869,612,6597,473.0,0.473
422,4869,625,6774,499.0,0.499
422,4869,634,6795,403.0,0.403
422,4869,654,7157,944.0,0.944
422,4869,686,7514,545.0,0.545
422,4869,691,7534,447.0,0.447
422,4869,700,8019,489.0,0.489
422,4869,713,8361,925.0,0.925
422,4869,739,8607,800.0,0.8
422,4869,779,9212,457.0,0.457
422,4869,793,9451,400.0,0.4
422,4869,795,9475,744.0,0.744
422,4869,800,9611,502.0,0.502
422,4869,816,9978,546.0,0.546
422,4869,821,10038,649.0,0.649
422,4869,922,23613,420.0,0.42
422,4869,946,27436,400.0,0.4
422,4869,979,51574,457.0,0.457
422,4869,1101,120892,457.0,0.457
424,4914,425,4915,976.0,0.976
424,4914,426,4916,784.0,0.784
424,4914,462,5290,509.0,0.509
424,4914,463,5291,509.0,0.509
424,4914,467,5295,698.0,0.698
424,4914,468,5296,547.0,0.547
424,4914,516,5595,529.0,0.529
424,4914,650,7124,410.0,0.41
424,4914,688,7529,512.0,0.512
424,4914,819,10014,444.0,0.444
425,4915,426,4916,957.0,0.957
425,4915,462,5290,499.0,0.499
425,4915,467,5295,647.0,0.647
425,4915,572,5979,407.0,0.407
425,4915,617,6654,692.0,0.692
425,4915,758,8851,499.0,0.499
426,4916,462,5290,499.0,0.499
426,4916,467,5295,544.0,0.544
426,4916,617,6654,499.0,0.499
426,4916,618,6714,499.0,0.499
429,5023,430,5025,973.0,0.973
429,5023,431,5027,985.0,0.985
430,5025,431,5027,993.0,0.993
432,5033,433,5034,917.0,0.917
433,5034,599,6469,499.0,0.499
433,5034,659,7184,897.0,0.897
433,5034,688,7529,498.0,0.498
433,5034,907,23193,640.0,0.64
433,5034,960,30001,669.0,0.669
433,5034,996,54658,571.0,0.571
434,5052,649,7099,562.0,0.562
434,5052,665,7295,609.0,0.609
434,5052,802,9641,464.0,0.464
434,5052,954,29110,437.0,0.437
434,5052,972,51377,457.0,0.457
435,5058,436,5062,941.0,0.941
435,5058,437,5063,957.0,0.957
435,5058,559,5879,872.0,0.872
435,5058,561,5894,457.0,0.457
435,5058,617,6654,499.0,0.499
435,5058,618,6714,513.0,0.513
436,5062,437,5063,918.0,0.918
436,5062,559,5879,866.0,0.866
436,5062,561,5894,524.0,0.524
436,5062,617,6654,499.0,0.499
436,5062,618,6714,612.0,0.612
437,5063,559,5879,872.0,0.872
437,5063,618,6714,513.0,0.513
438,5110,698,7965,422.0,0.422
438,5110,724,8445,420.0,0.42
439,5111,512,5591,465.0,0.465
439,5111,560,5888,565.0,0.565
439,5111,651,7150,422.0,0.422
439,5111,654,7157,457.0,0.457
439,5111,670,7329,554.0,0.554
439,5111,673,7398,716.0,0.716
439,5111,676,7415,544.0,0.544
439,5111,684,7486,483.0,0.483
439,5111,710,8318,451.0,0.451
439,5111,770,9100,716.0,0.716
439,5111,816,9978,499.0,0.499
439,5111,835,10309,605.0,0.605
439,5111,863,10856,465.0,0.465
439,5111,1012,55611,457.0,0.457
439,5111,1037,57599,630.0,0.63
439,5111,1101,120892,457.0,0.457
439,5111,1147,387893,462.0,0.462
440,5127,441,5128,483.0,0.483
440,5127,688,7529,512.0,0.512
440,5127,689,7532,457.0,0.457
440,5127,690,7533,420.0,0.42
440,5127,691,7534,457.0,0.457
440,5127,1127,219771,844.0,0.844
441,5128,442,5129,591.0,0.591
441,5128,451,5218,611.0,0.611
442,5129,867,10971,420.0,0.42
442,5129,1046,65061,646.0,0.646
443,5139,466,5294,408.0,0.408
443,5139,477,5339,574.0,0.574
444,5142,466,5294,536.0,0.536
446,5156,447,5159,969.0,0.969
446,5156,462,5290,648.0,0.648
446,5156,463,5291,603.0,0.603
446,5156,467,5295,851.0,0.851
446,5156,468,5296,455.0,0.455
446,5156,527,5606,430.0,0.43
446,5156,617,6654,400.0,0.4
446,5156,618,6714,638.0,0.638
446,5156,625,6774,911.0,0.911
446,5156,626,6776,499.0,0.499
446,5156,667,7297,650.0,0.65
447,5159,462,5290,670.0,0.67
447,5159,463,5291,617.0,0.617
447,5159,467,5295,956.0,0.956
447,5159,468,5296,732.0,0.732
447,5159,561,5894,612.0,0.612
447,5159,585,6199,500.0,0.5
447,5159,617,6654,400.0,0.4
447,5159,618,6714,986.0,0.986
447,5159,625,6774,719.0,0.719
447,5159,626,6776,766.0,0.766
447,5159,667,7297,773.0,0.773
447,5159,787,9368,733.0,0.733
447,5159,830,10188,457.0,0.457
448,5163,508,5586,457.0,0.457
448,5163,584,6198,457.0,0.457
448,5163,702,8050,782.0,0.782
449,5170,462,5290,418.0,0.418
449,5170,501,5579,424.0,0.424
449,5170,506,5584,407.0,0.407
449,5170,507,5585,630.0,0.63
449,5170,508,5586,970.0,0.97
449,5170,510,5588,403.0,0.403
449,5170,511,5590,881.0,0.881
449,5170,559,5879,499.0,0.499
449,5170,583,6197,545.0,0.545
449,5170,584,6198,640.0,0.64
449,5170,598,6446,522.0,0.522
449,5170,618,6714,605.0,0.605
449,5170,637,6885,630.0,0.63
449,5170,817,10000,499.0,0.499
449,5170,867,10971,457.0,0.457
449,5170,872,11091,976.0,0.976
449,5170,957,29941,499.0,0.499
449,5170,1121,200576,450.0,0.45
451,5218,566,5925,457.0,0.457
451,5218,690,7533,420.0,0.42
451,5218,817,10000,581.0,0.581
451,5218,1127,219771,997.0,0.997
453,5230,477,5339,433.0,0.433
453,5230,478,5340,658.0,0.658
453,5230,656,7167,788.0,0.788
453,5230,676,7415,483.0,0.483
454,5241,482,5469,499.0,0.499
454,5241,500,5578,436.0,0.436
454,5241,515,5594,414.0,0.414
454,5241,571,5970,616.0,0.616
454,5241,618,6714,793.0,0.793
454,5241,625,6774,650.0,0.65
454,5241,626,6776,819.0,0.819
454,5241,757,8850,457.0,0.457
454,5241,780,9252,406.0,0.406
454,5241,800,9611,988.0,0.988
454,5241,801,9612,977.0,0.977
455,5243,625,6774,613.0,0.613
455,5243,837,10381,471.0,0.471
456,5260,457,5261,729.0,0.729
457,5261,491,5562,603.0,0.603
457,5261,493,5564,577.0,0.577
457,5261,494,5565,573.0,0.573
457,5261,498,5571,582.0,0.582
458,5286,459,5287,925.0,0.925
458,5286,460,5288,939.0,0.939
458,5286,461,5289,540.0,0.54
458,5286,462,5290,636.0,0.636
458,5286,463,5291,670.0,0.67
458,5286,465,5293,614.0,0.614
458,5286,466,5294,540.0,0.54
458,5286,467,5295,900.0,0.9
458,5286,468,5296,900.0,0.9
458,5286,1000,54861,406.0,0.406
459,5287,460,5288,963.0,0.963
459,5287,461,5289,540.0,0.54
459,5287,462,5290,715.0,0.715
459,5287,463,5291,645.0,0.645
459,5287,465,5293,540.0,0.54
459,5287,466,5294,540.0,0.54
459,5287,467,5295,910.0,0.91
459,5287,468,5296,900.0,0.9
459,5287,617,6654,576.0,0.576
460,5288,461,5289,540.0,0.54
460,5288,462,5290,636.0,0.636
460,5288,463,5291,549.0,0.549
460,5288,465,5293,540.0,0.54
460,5288,466,5294,540.0,0.54
460,5288,467,5295,900.0,0.9
460,5288,468,5296,900.0,0.9
461,5289,462,5290,596.0,0.596
461,5289,463,5291,751.0,0.751
461,5289,465,5293,596.0,0.596
461,5289,466,5294,596.0,0.596
461,5289,467,5295,900.0,0.9
461,5289,468,5296,900.0,0.9
461,5289,721,8408,658.0,0.658
461,5289,1014,55737,638.0,0.638
461,5289,1110,140735,499.0,0.499
462,5290,463,5291,998.0,0.998
462,5290,465,5293,998.0,0.998
462,5290,466,5294,996.0,0.996
462,5290,467,5295,999.0,0.999
462,5290,468,5296,999.0,0.999
462,5290,551,5747,734.0,0.734
462,5290,559,5879,591.0,0.591
462,5290,572,5979,499.0,0.499
462,5290,617,6654,538.0,0.538
462,5290,618,6714,547.0,0.547
462,5290,625,6774,571.0,0.571
462,5290,635,6850,499.0,0.499
462,5290,641,7010,499.0,0.499
462,5290,687,7525,520.0,0.52
462,5290,691,7534,683.0,0.683
462,5290,752,8805,499.0,0.499
462,5290,874,11140,499.0,0.499
462,5290,946,27436,499.0,0.499
463,5291,465,5293,998.0,0.998
463,5291,466,5294,996.0,0.996
463,5291,467,5295,999.0,0.999
463,5291,468,5296,999.0,0.999
463,5291,502,5580,571.0,0.571
463,5291,572,5979,499.0,0.499
463,5291,617,6654,499.0,0.499
463,5291,618,6714,482.0,0.482
463,5291,625,6774,499.0,0.499
463,5291,635,6850,499.0,0.499
463,5291,641,7010,499.0,0.499
463,5291,645,7048,451.0,0.451
463,5291,687,7525,499.0,0.499
463,5291,691,7534,499.0,0.499
464,5292,871,11040,900.0,0.9
465,5293,466,5294,992.0,0.992
465,5293,467,5295,999.0,0.999
465,5293,468,5296,999.0,0.999
465,5293,572,5979,499.0,0.499
465,5293,635,6850,612.0,0.612
465,5293,687,7525,499.0,0.499
465,5293,691,7534,499.0,0.499
466,5294,467,5295,996.0,0.996
466,5294,468,5296,997.0,0.997
466,5294,618,6714,499.0,0.499
466,5294,625,6774,499.0,0.499
466,5294,635,6850,427.0,0.427
466,5294,687,7525,499.0,0.499
467,5295,468,5296,998.0,0.998
467,5295,520,5599,457.0,0.457
467,5295,551,5747,720.0,0.72
467,5295,559,5879,660.0,0.66
467,5295,562,5914,488.0,0.488
467,5295,565,5917,443.0,0.443
467,5295,572,5979,833.0,0.833
467,5295,617,6654,824.0,0.824
467,5295,618,6714,862.0,0.862
467,5295,625,6774,847.0,0.847
467,5295,635,6850,744.0,0.744
467,5295,641,7010,562.0,0.562
467,5295,644,7046,683.0,0.683
467,5295,645,7048,481.0,0.481
467,5295,654,7157,603.0,0.603
467,5295,685,7494,555.0,0.555
467,5295,687,7525,630.0,0.63
467,5295,691,7534,934.0,0.934
467,5295,752,8805,499.0,0.499
467,5295,834,10298,636.0,0.636
467,5295,874,11140,499.0,0.499
467,5295,946,27436,499.0,0.499
467,5295,955,29117,802.0,0.802
468,5296,551,5747,630.0,0.63
468,5296,559,5879,452.0,0.452
468,5296,572,5979,719.0,0.719
468,5296,617,6654,499.0,0.499
468,5296,618,6714,557.0,0.557
468,5296,625,6774,480.0,0.48
468,5296,635,6850,763.0,0.763
468,5296,641,7010,499.0,0.499
468,5296,645,7048,540.0,0.54
468,5296,685,7494,806.0,0.806
468,5296,687,7525,499.0,0.499
468,5296,691,7534,575.0,0.575
468,5296,692,7535,408.0,0.408
468,5296,955,29117,565.0,0.565
469,5297,470,5298,900.0,0.9
470,5298,688,7529,530.0,0.53
470,5298,689,7532,733.0,0.733
470,5298,867,10971,459.0,0.459
471,5300,472,5305,580.0,0.58
471,5300,474,5315,420.0,0.42
471,5300,479,5347,661.0,0.661
471,5300,561,5894,457.0,0.457
471,5300,654,7157,830.0,0.83
471,5300,720,8396,499.0,0.499
471,5300,733,8558,568.0,0.568
471,5300,801,9612,644.0,0.644
471,5300,950,28996,953.0,0.953
471,5300,1060,79837,499.0,0.499
472,5305,574,6046,564.0,0.564
472,5305,700,8019,564.0,0.564
472,5305,720,8396,958.0,0.958
472,5305,918,23476,564.0,0.564
472,5305,1060,79837,954.0,0.954
473,5311,495,5566,429.0,0.429
473,5311,496,5567,429.0,0.429
473,5311,497,5568,429.0,0.429
474,5315,612,6597,749.0,0.749
474,5315,654,7157,457.0,0.457
474,5315,697,7874,457.0,0.457
474,5315,818,10013,422.0,0.422
474,5315,1101,120892,457.0,0.457
475,5327,476,5328,706.0,0.706
475,5327,478,5340,996.0,0.996
476,5328,478,5340,857.0,0.857
477,5339,556,5859,473.0,0.473
477,5339,615,6624,412.0,0.412
477,5339,676,7415,470.0,0.47
477,5339,1101,120892,457.0,0.457
478,5340,656,7167,628.0,0.628
478,5340,858,10733,868.0,0.868
479,5347,480,5444,487.0,0.487
479,5347,487,5520,410.0,0.41
479,5347,560,5888,457.0,0.457
479,5347,571,5970,487.0,0.487
479,5347,628,6788,420.0,0.42
479,5347,630,6790,879.0,0.879
479,5347,652,7153,578.0,0.578
479,5347,654,7157,877.0,0.877
479,5347,655,7158,457.0,0.457
479,5347,682,7465,922.0,0.922
479,5347,713,8361,499.0,0.499
479,5347,757,8850,420.0,0.42
479,5347,769,9088,632.0,0.632
479,5347,774,9133,542.0,0.542
479,5347,796,9493,654.0,0.654
479,5347,858,10733,496.0,0.496
479,5347,868,11004,486.0,0.486
479,5347,880,11200,614.0,0.614
481,5468,482,5469,996.0,0.996
481,5468,500,5578,686.0,0.686
481,5468,515,5594,457.0,0.457
481,5468,525,5604,568.0,0.568
481,5468,562,5914,812.0,0.812
481,5468,569,5929,457.0,0.457
481,5468,571,5970,974.0,0.974
481,5468,587,6256,999.0,0.999
481,5468,588,6257,965.0,0.965
481,5468,589,6258,948.0,0.948
481,5468,611,6595,900.0,0.9
481,5468,612,6597,953.0,0.953
481,5468,618,6714,434.0,0.434
481,5468,625,6774,476.0,0.476
481,5468,626,6776,550.0,0.55
481,5468,635,6850,400.0,0.4
481,5468,654,7157,497.0,0.497
481,5468,670,7329,483.0,0.483
481,5468,672,7376,405.0,0.405
481,5468,755,8841,826.0,0.826
481,5468,768,9070,457.0,0.457
481,5468,790,9439,499.0,0.499
481,5468,800,9611,998.0,0.998
481,5468,801,9612,994.0,0.994
481,5468,808,9759,623.0,0.623
481,5468,824,10062,807.0,0.807
481,5468,833,10280,448.0,0.448
481,5468,834,10298,525.0,0.525
481,5468,902,23097,516.0,0.516
481,5468,915,23411,940.0,0.94
481,5468,986,51780,900.0,0.9
481,5468,1018,55818,972.0,0.972
481,5468,1065,80312,798.0,0.798
482,5469,562,5914,880.0,0.88
482,5469,563,5915,708.0,0.708
482,5469,564,5916,524.0,0.524
482,5469,565,5917,400.0,0.4
482,5469,574,6046,586.0,0.586
482,5469,577,6095,499.0,0.499
482,5469,578,6096,499.0,0.499
482,5469,579,6097,499.0,0.499
482,5469,587,6256,929.0,0.929
482,5469,588,6257,698.0,0.698
482,5469,589,6258,698.0,0.698
482,5469,618,6714,900.0,0.9
482,5469,636,6872,800.0,0.8
482,5469,654,7157,746.0,0.746
482,5469,655,7158,439.0,0.439
482,5469,658,7182,499.0,0.499
482,5469,672,7376,765.0,0.765
482,5469,699,8013,499.0,0.499
482,5469,708,8294,800.0,0.8
482,5469,711,8359,800.0,0.8
482,5469,712,8360,800.0,0.8
482,5469,713,8361,886.0,0.886
482,5469,714,8364,800.0,0.8
482,5469,715,8365,800.0,0.8
482,5469,716,8366,800.0,0.8
482,5469,717,8367,800.0,0.8
482,5469,718,8368,800.0,0.8
482,5469,759,8856,499.0,0.499
482,5469,790,9439,993.0,0.993
482,5469,814,9970,784.0,0.784
482,5469,815,9971,636.0,0.636
482,5469,824,10062,742.0,0.742
482,5469,848,10498,900.0,0.9
482,5469,902,23097,944.0,0.944
482,5469,918,23476,457.0,0.457
482,5469,1102,121504,800.0,0.8
484,5478,665,7295,425.0,0.425
485,5496,655,7158,439.0,0.439
485,5496,697,7874,457.0,0.457
485,5496,880,11200,420.0,0.42
485,5496,979,51574,658.0,0.658
486,5499,525,5604,448.0,0.448
486,5499,566,5925,577.0,0.577
486,5499,644,7046,499.0,0.499
486,5499,645,7048,499.0,0.499
486,5499,725,8473,614.0,0.614
486,5499,739,8607,457.0,0.457
486,5499,771,9113,457.0,0.457
486,5499,863,10856,483.0,0.483
486,5499,1059,79834,483.0,0.483
486,5499,1099,114783,465.0,0.465
487,5520,488,5537,454.0,0.454
487,5520,584,6198,457.0,0.457
487,5520,808,9759,543.0,0.543
487,5520,918,23476,457.0,0.457
487,5520,940,26986,499.0,0.499
487,5520,1101,120892,457.0,0.457
488,5537,512,5591,457.0,0.457
488,5537,637,6885,457.0,0.457
488,5537,779,9212,408.0,0.408
488,5537,1152,440275,627.0,0.627
489,5538,691,7534,403.0,0.403
491,5562,492,5563,984.0,0.984
491,5562,493,5564,995.0,0.995
491,5562,494,5565,994.0,0.994
491,5562,495,5566,559.0,0.559
491,5562,498,5571,988.0,0.988
491,5562,499,5576,614.0,0.614
491,5562,633,6794,544.0,0.544
491,5562,637,6885,457.0,0.457
491,5562,721,8408,716.0,0.716
491,5562,770,9100,457.0,0.457
491,5562,968,51185,457.0,0.457
491,5562,973,51422,990.0,0.99
492,5563,493,5564,999.0,0.999
492,5563,494,5565,999.0,0.999
492,5563,495,5566,551.0,0.551
492,5563,498,5571,998.0,0.998
492,5563,499,5576,540.0,0.54
492,5563,633,6794,585.0,0.585
492,5563,721,8408,716.0,0.716
492,5563,973,51422,990.0,0.99
493,5564,494,5565,993.0,0.993
493,5564,495,5566,540.0,0.54
493,5564,498,5571,999.0,0.999
493,5564,499,5576,562.0,0.562
493,5564,721,8408,716.0,0.716
493,5564,973,51422,986.0,0.986
494,5565,495,5566,720.0,0.72
494,5565,498,5571,999.0,0.999
494,5565,499,5576,733.0,0.733
494,5565,721,8408,551.0,0.551
494,5565,973,51422,994.0,0.994
495,5566,496,5567,964.0,0.964
495,5566,497,5568,965.0,0.965
495,5566,498,5571,540.0,0.54
495,5566,499,5576,987.0,0.987
495,5566,519,5598,469.0,0.469
495,5566,532,5613,540.0,0.54
495,5566,534,5663,900.0,0.9
495,5566,571,5970,771.0,0.771
495,5566,679,7430,967.0,0.967
495,5566,691,7534,414.0,0.414
495,5566,787,9368,429.0,0.429
495,5566,833,10280,430.0,0.43
495,5566,874,11140,475.0,0.475
495,5566,911,23387,424.0,0.424
495,5566,973,51422,720.0,0.72
495,5566,1101,120892,459.0,0.459
495,5566,1103,122011,900.0,0.9
496,5567,497,5568,959.0,0.959
496,5567,499,5576,985.0,0.985
496,5567,532,5613,540.0,0.54
496,5567,534,5663,900.0,0.9
496,5567,679,7430,967.0,0.967
496,5567,787,9368,429.0,0.429
496,5567,833,10280,410.0,0.41
496,5567,1103,122011,900.0,0.9
497,5568,499,5576,982.0,0.982
497,5568,534,5663,900.0,0.9
497,5568,679,7430,967.0,0.967
497,5568,787,9368,429.0,0.429
497,5568,833,10280,410.0,0.41
497,5568,1103,122011,900.0,0.9
498,5571,499,5576,540.0,0.54
498,5571,721,8408,716.0,0.716
498,5571,973,51422,971.0,0.971
499,5576,532,5613,686.0,0.686
499,5576,973,51422,720.0,0.72
500,5578,501,5579,957.0,0.957
500,5578,502,5580,948.0,0.948
500,5578,503,5581,659.0,0.659
500,5578,504,5582,959.0,0.959
500,5578,519,5598,420.0,0.42
500,5578,572,5979,499.0,0.499
500,5578,618,6714,822.0,0.822
500,5578,818,10013,457.0,0.457
500,5578,1053,79109,457.0,0.457
500,5578,1132,253260,496.0,0.496
501,5579,502,5580,957.0,0.957
501,5579,504,5582,942.0,0.942
501,5579,510,5588,900.0,0.9
502,5580,503,5581,900.0,0.9
502,5580,510,5588,933.0,0.933
502,5580,511,5590,487.0,0.487
502,5580,618,6714,746.0,0.746
502,5580,625,6774,758.0,0.758
502,5580,635,6850,594.0,0.594
502,5580,654,7157,457.0,0.457
502,5580,676,7415,452.0,0.452
502,5580,704,8087,400.0,0.4
503,5581,509,5587,571.0,0.571
503,5581,510,5588,900.0,0.9
503,5581,583,6197,400.0,0.4
503,5581,585,6199,559.0,0.559
503,5581,691,7534,960.0,0.96
504,5582,584,6198,439.0,0.439
504,5582,585,6199,405.0,0.405
506,5584,511,5590,969.0,0.969
506,5584,559,5879,408.0,0.408
506,5584,654,7157,494.0,0.494
507,5585,508,5586,919.0,0.919
507,5585,527,5606,961.0,0.961
507,5585,559,5879,580.0,0.58
507,5585,713,8361,499.0,0.499
507,5585,896,23028,630.0,0.63
507,5585,901,23081,499.0,0.499
507,5585,957,29941,900.0,0.9
507,5585,985,51776,945.0,0.945
508,5586,559,5879,743.0,0.743
508,5586,581,6195,719.0,0.719
508,5586,957,29941,900.0,0.9
509,5587,691,7534,457.0,0.457
509,5587,782,9262,412.0,0.412
509,5587,819,10014,457.0,0.457
509,5587,867,10971,457.0,0.457
509,5587,927,23683,965.0,0.965
509,5587,932,25865,971.0,0.971
510,5588,514,5593,700.0,0.7
510,5588,637,6885,716.0,0.716
510,5588,692,7535,526.0,0.526
510,5588,843,10454,499.0,0.499
510,5588,867,10971,443.0,0.443
511,5590,528,5607,693.0,0.693
511,5590,571,5970,457.0,0.457
511,5590,644,7046,499.0,0.499
511,5590,645,7048,499.0,0.499
511,5590,691,7534,460.0,0.46
511,5590,747,8737,473.0,0.473
511,5590,817,10000,548.0,0.548
512,5591,522,5601,457.0,0.457
512,5591,571,5970,429.0,0.429
512,5591,651,7150,618.0,0.618
512,5591,652,7153,614.0,0.614
512,5591,654,7157,617.0,0.617
512,5591,684,7486,900.0,0.9
512,5591,713,8361,457.0,0.457
512,5591,803,9656,678.0,0.678
512,5591,817,10000,663.0,0.663
512,5591,822,10039,443.0,0.443
512,5591,863,10856,687.0,0.687
512,5591,880,11200,717.0,0.717
512,5591,896,23028,900.0,0.9
512,5591,906,23186,900.0,0.9
512,5591,918,23476,457.0,0.457
512,5591,1042,64223,566.0,0.566
512,5591,1053,79109,665.0,0.665
512,5591,1076,84126,853.0,0.853
512,5591,1101,120892,457.0,0.457
512,5591,1132,253260,593.0,0.593
513,5592,514,5593,900.0,0.9
515,5594,516,5595,983.0,0.983
515,5594,519,5598,562.0,0.562
515,5594,520,5599,519.0,0.519
515,5594,525,5604,980.0,0.98
515,5594,526,5605,999.0,0.999
515,5594,527,5606,538.0,0.538
515,5594,529,5608,493.0,0.493
515,5594,530,5609,471.0,0.471
515,5594,561,5894,813.0,0.813
515,5594,581,6195,991.0,0.991
515,5594,582,6196,604.0,0.604
515,5594,583,6197,596.0,0.596
515,5594,614,6622,457.0,0.457
515,5594,618,6714,891.0,0.891
515,5594,625,6774,984.0,0.984
515,5594,626,6776,547.0,0.547
515,5594,654,7157,893.0,0.893
515,5594,688,7529,647.0,0.647
515,5594,732,8550,516.0,0.516
515,5594,736,8569,977.0,0.977
515,5594,756,8844,499.0,0.499
515,5594,763,8986,457.0,0.457
515,5594,781,9261,625.0,0.625
515,5594,818,10013,480.0,0.48
515,5594,825,10097,420.0,0.42
515,5594,874,11140,400.0,0.4
515,5594,880,11200,603.0,0.603
515,5594,1137,283455,499.0,0.499
516,5595,519,5598,499.0,0.499
516,5595,525,5604,997.0,0.997
516,5595,526,5605,832.0,0.832
516,5595,527,5606,553.0,0.553
516,5595,561,5894,879.0,0.879
516,5595,581,6195,758.0,0.758
516,5595,582,6196,549.0,0.549
516,5595,583,6197,617.0,0.617
516,5595,618,6714,899.0,0.899
516,5595,654,7157,706.0,0.706
516,5595,688,7529,499.0,0.499
516,5595,736,8569,420.0,0.42
516,5595,756,8844,779.0,0.779
516,5595,781,9261,625.0,0.625
516,5595,818,10013,480.0,0.48
516,5595,880,11200,612.0,0.612
516,5595,1137,283455,499.0,0.499
517,5596,732,8550,904.0,0.904
518,5597,732,8550,991.0,0.991
519,5598,528,5607,987.0,0.987
519,5598,572,5979,499.0,0.499
519,5598,732,8550,493.0,0.493
519,5598,859,10746,623.0,0.623
520,5599,522,5601,986.0,0.986
520,5599,530,5609,623.0,0.623
520,5599,596,6416,954.0,0.954
520,5599,618,6714,420.0,0.42
520,5599,625,6774,560.0,0.56
520,5599,637,6885,457.0,0.457
520,5599,654,7157,775.0,0.775
520,5599,679,7430,448.0,0.448
520,5599,680,7444,439.0,0.439
520,5599,713,8361,499.0,0.499
520,5599,994,54625,491.0,0.491
521,5600,524,5603,525.0,0.525
521,5600,529,5608,934.0,0.934
521,5600,590,6300,677.0,0.677
521,5600,696,7867,933.0,0.933
521,5600,732,8550,763.0,0.763
521,5600,781,9261,986.0,0.986
521,5600,843,10454,482.0,0.482
522,5601,596,6416,745.0,0.745
522,5601,618,6714,420.0,0.42
522,5601,654,7157,457.0,0.457
522,5601,732,8550,403.0,0.403
522,5601,847,10494,418.0,0.418
524,5603,529,5608,932.0,0.932
524,5603,590,6300,767.0,0.767
524,5603,696,7867,613.0,0.613
524,5603,781,9261,937.0,0.937
525,5604,526,5605,991.0,0.991
525,5604,561,5894,990.0,0.99
525,5604,618,6714,536.0,0.536
525,5604,680,7444,457.0,0.457
525,5604,688,7529,793.0,0.793
525,5604,689,7532,420.0,0.42
525,5604,690,7533,435.0,0.435
525,5604,691,7534,709.0,0.709
525,5604,756,8844,983.0,0.983
525,5604,867,10971,601.0,0.601
525,5604,1137,283455,990.0,0.99
526,5605,561,5894,842.0,0.842
526,5605,598,6446,599.0,0.599
526,5605,618,6714,579.0,0.579
526,5605,688,7529,815.0,0.815
526,5605,690,7533,484.0,0.484
526,5605,725,8473,454.0,0.454
526,5605,756,8844,925.0,0.925
526,5605,867,10971,595.0,0.595
526,5605,1137,283455,711.0,0.711
527,5606,529,5608,975.0,0.975
527,5606,596,6416,900.0,0.9
527,5606,630,6790,424.0,0.424
527,5606,633,6794,438.0,0.438
527,5606,784,9344,819.0,0.819
527,5606,985,51776,919.0,0.919
527,5606,1101,120892,457.0,0.457
528,5607,859,10746,972.0,0.972
529,5608,531,5610,559.0,0.559
529,5608,590,6300,953.0,0.953
529,5608,596,6416,926.0,0.926
529,5608,637,6885,629.0,0.629
529,5608,781,9261,926.0,0.926
529,5608,784,9344,657.0,0.657
529,5608,1101,120892,604.0,0.604
530,5609,596,6416,943.0,0.943
530,5609,637,6885,645.0,0.645
530,5609,680,7444,531.0,0.531
530,5609,777,9175,688.0,0.688
530,5609,859,10746,457.0,0.457
530,5609,1101,120892,457.0,0.457
531,5610,581,6195,407.0,0.407
531,5610,582,6196,408.0,0.408
531,5610,583,6197,406.0,0.406
531,5610,625,6774,755.0,0.755
531,5610,654,7157,457.0,0.457
531,5610,747,8737,637.0,0.637
531,5610,918,23476,457.0,0.457
533,5644,614,6622,420.0,0.42
534,5663,973,51422,402.0,0.402
534,5663,1020,55851,999.0,0.999
535,5682,536,5684,999.0,0.999
535,5682,537,5685,998.0,0.998
535,5682,538,5686,998.0,0.998
535,5682,539,5687,996.0,0.996
535,5682,540,5688,998.0,0.998
535,5682,541,5689,999.0,0.999
535,5682,542,5690,996.0,0.996
535,5682,543,5693,997.0,0.997
535,5682,544,5694,999.0,0.999
535,5682,545,5695,997.0,0.997
535,5682,546,5696,993.0,0.993
535,5682,547,5698,994.0,0.994
535,5682,548,5699,993.0,0.993
535,5682,549,5704,955.0,0.955
535,5682,550,5717,956.0,0.956
535,5682,972,51377,912.0,0.912
536,5684,537,5685,999.0,0.999
536,5684,538,5686,997.0,0.997
536,5684,539,5687,999.0,0.999
536,5684,540,5688,997.0,0.997
536,5684,541,5689,999.0,0.999
536,5684,542,5690,999.0,0.999
536,5684,543,5693,997.0,0.997
536,5684,544,5694,998.0,0.998
536,5684,545,5695,997.0,0.997
536,5684,546,5696,989.0,0.989
536,5684,547,5698,996.0,0.996
536,5684,548,5699,991.0,0.991
536,5684,549,5704,968.0,0.968
536,5684,550,5717,969.0,0.969
536,5684,697,7874,408.0,0.408
536,5684,779,9212,588.0,0.588
536,5684,972,51377,868.0,0.868
537,5685,538,5686,998.0,0.998
537,5685,539,5687,998.0,0.998
537,5685,540,5688,998.0,0.998
537,5685,541,5689,997.0,0.997
537,5685,542,5690,999.0,0.999
537,5685,543,5693,998.0,0.998
537,5685,544,5694,998.0,0.998
537,5685,545,5695,997.0,0.997
537,5685,546,5696,993.0,0.993
537,5685,547,5698,994.0,0.994
537,5685,548,5699,969.0,0.969
537,5685,549,5704,964.0,0.964
537,5685,550,5717,960.0,0.96
537,5685,676,7415,408.0,0.408
537,5685,972,51377,868.0,0.868
538,5686,539,5687,999.0,0.999
538,5686,540,5688,998.0,0.998
538,5686,541,5689,999.0,0.999
538,5686,542,5690,998.0,0.998
538,5686,543,5693,998.0,0.998
538,5686,544,5694,996.0,0.996
538,5686,545,5695,998.0,0.998
538,5686,546,5696,993.0,0.993
538,5686,547,5698,990.0,0.99
538,5686,548,5699,987.0,0.987
538,5686,549,5704,969.0,0.969
538,5686,550,5717,957.0,0.957
538,5686,697,7874,408.0,0.408
538,5686,972,51377,868.0,0.868
539,5687,540,5688,997.0,0.997
539,5687,541,5689,996.0,0.996
539,5687,542,5690,996.0,0.996
539,5687,543,5693,997.0,0.997
539,5687,544,5694,999.0,0.999
539,5687,545,5695,999.0,0.999
539,5687,546,5696,992.0,0.992
539,5687,547,5698,995.0,0.995
539,5687,548,5699,986.0,0.986
539,5687,549,5704,980.0,0.98
539,5687,550,5717,959.0,0.959
539,5687,972,51377,868.0,0.868
540,5688,541,5689,997.0,0.997
540,5688,542,5690,999.0,0.999
540,5688,543,5693,998.0,0.998
540,5688,544,5694,998.0,0.998
540,5688,545,5695,997.0,0.997
540,5688,546,5696,994.0,0.994
540,5688,547,5698,992.0,0.992
540,5688,548,5699,970.0,0.97
540,5688,549,5704,960.0,0.96
540,5688,550,5717,957.0,0.957
540,5688,972,51377,868.0,0.868
541,5689,542,5690,998.0,0.998
541,5689,543,5693,999.0,0.999
541,5689,544,5694,998.0,0.998
541,5689,545,5695,999.0,0.999
541,5689,546,5696,997.0,0.997
541,5689,547,5698,991.0,0.991
541,5689,548,5699,991.0,0.991
541,5689,549,5704,962.0,0.962
541,5689,550,5717,953.0,0.953
541,5689,972,51377,868.0,0.868
542,5690,543,5693,999.0,0.999
542,5690,544,5694,998.0,0.998
542,5690,545,5695,996.0,0.996
542,5690,546,5696,996.0,0.996
542,5690,547,5698,995.0,0.995
542,5690,548,5699,979.0,0.979
542,5690,549,5704,965.0,0.965
542,5690,550,5717,960.0,0.96
542,5690,972,51377,868.0,0.868
543,5693,544,5694,999.0,0.999
543,5693,545,5695,999.0,0.999
543,5693,546,5696,907.0,0.907
543,5693,547,5698,946.0,0.946
543,5693,548,5699,939.0,0.939
543,5693,549,5704,964.0,0.964
543,5693,550,5717,948.0,0.948
543,5693,697,7874,408.0,0.408
543,5693,972,51377,807.0,0.807
544,5694,545,5695,999.0,0.999
544,5694,546,5696,958.0,0.958
544,5694,547,5698,897.0,0.897
544,5694,548,5699,941.0,0.941
544,5694,549,5704,951.0,0.951
544,5694,550,5717,945.0,0.945
544,5694,697,7874,408.0,0.408
544,5694,972,51377,771.0,0.771
545,5695,546,5696,969.0,0.969
545,5695,547,5698,955.0,0.955
545,5695,548,5699,793.0,0.793
545,5695,549,5704,958.0,0.958
545,5695,550,5717,950.0,0.95
545,5695,972,51377,868.0,0.868
546,5696,547,5698,999.0,0.999
546,5696,548,5699,999.0,0.999
546,5696,549,5704,764.0,0.764
546,5696,550,5717,638.0,0.638
546,5696,697,7874,408.0,0.408
546,5696,972,51377,737.0,0.737
547,5698,548,5699,999.0,0.999
547,5698,549,5704,729.0,0.729
547,5698,550,5717,726.0,0.726
547,5698,972,51377,674.0,0.674
548,5699,972,51377,525.0,0.525
549,5704,550,5717,998.0,0.998
549,5704,655,7158,439.0,0.439
549,5704,676,7415,422.0,0.422
549,5704,972,51377,945.0,0.945
549,5704,979,51574,457.0,0.457
550,5717,951,29028,402.0,0.402
550,5717,972,51377,861.0,0.861
550,5717,1101,120892,457.0,0.457
551,5747,559,5879,528.0,0.528
551,5747,572,5979,596.0,0.596
551,5747,617,6654,947.0,0.947
551,5747,618,6714,999.0,0.999
551,5747,625,6774,786.0,0.786
551,5747,635,6850,457.0,0.457
551,5747,639,6921,800.0,0.8
551,5747,654,7157,657.0,0.657
551,5747,679,7430,690.0,0.69
551,5747,687,7525,614.0,0.614
551,5747,721,8408,518.0,0.518
551,5747,1091,89780,435.0,0.435
552,5753,625,6774,518.0,0.518
552,5753,1101,120892,918.0,0.918
553,5834,554,5836,965.0,0.965
553,5834,555,5837,959.0,0.959
553,5834,870,11035,430.0,0.43
553,5834,1101,120892,457.0,0.457
554,5836,555,5837,952.0,0.952
554,5836,870,11035,522.0,0.522
554,5836,918,23476,457.0,0.457
555,5837,870,11035,430.0,0.43
556,5859,565,5917,999.0,0.999
556,5859,698,7965,979.0,0.979
556,5859,734,8565,629.0,0.629
556,5859,975,51520,998.0,0.998
557,5870,1110,140735,499.0,0.499
558,5871,771,9113,457.0,0.457
559,5879,601,6510,543.0,0.543
559,5879,617,6654,632.0,0.632
559,5879,618,6714,598.0,0.598
559,5879,625,6774,404.0,0.404
559,5879,679,7430,425.0,0.425
559,5879,680,7444,543.0,0.543
559,5879,726,8476,568.0,0.568
559,5879,825,10097,499.0,0.499
559,5879,834,10298,723.0,0.723
559,5879,873,11113,614.0,0.614
559,5879,957,29941,711.0,0.711
559,5879,964,50507,559.0,0.559
559,5879,971,51347,563.0,0.563
559,5879,977,51564,591.0,0.591
559,5879,1026,56924,845.0,0.845
559,5879,1033,57144,708.0,0.708
559,5879,1101,120892,457.0,0.457
560,5888,654,7157,990.0,0.99
560,5888,655,7158,483.0,0.483
560,5888,670,7329,662.0,0.662
560,5888,676,7415,410.0,0.41
560,5888,684,7486,897.0,0.897
560,5888,713,8361,499.0,0.499
560,5888,803,9656,595.0,0.595
560,5888,1076,84126,497.0,0.497
561,5894,566,5925,457.0,0.457
561,5894,598,6446,716.0,0.716
561,5894,618,6714,926.0,0.926
561,5894,625,6774,489.0,0.489
561,5894,628,6788,457.0,0.457
561,5894,630,6790,400.0,0.4
561,5894,688,7529,966.0,0.966
561,5894,689,7532,574.0,0.574
561,5894,690,7533,820.0,0.82
561,5894,691,7534,999.0,0.999
561,5894,756,8844,998.0,0.998
561,5894,826,10110,499.0,0.499
561,5894,867,10971,611.0,0.611
561,5894,874,11140,963.0,0.963
561,5894,926,23678,499.0,0.499
561,5894,1137,283455,531.0,0.531
562,5914,563,5915,980.0,0.98
562,5914,564,5916,927.0,0.927
562,5914,568,5928,499.0,0.499
562,5914,587,6256,999.0,0.999
562,5914,588,6257,980.0,0.98
562,5914,589,6258,938.0,0.938
562,5914,618,6714,420.0,0.42
562,5914,626,6776,445.0,0.445
562,5914,713,8361,499.0,0.499
562,5914,745,8714,424.0,0.424
562,5914,752,8805,665.0,0.665
562,5914,755,8841,630.0,0.63
562,5914,757,8850,470.0,0.47
562,5914,800,9611,999.0,0.999
562,5914,801,9612,987.0,0.987
562,5914,808,9759,659.0,0.659
562,5914,903,23133,568.0,0.568
563,5915,564,5916,905.0,0.905
563,5915,568,5928,499.0,0.499
563,5915,587,6256,992.0,0.992
563,5915,588,6257,986.0,0.986
563,5915,589,6258,948.0,0.948
563,5915,713,8361,499.0,0.499
563,5915,800,9611,514.0,0.514
563,5915,801,9612,598.0,0.598
564,5916,568,5928,499.0,0.499
564,5916,587,6256,925.0,0.925
564,5916,588,6257,881.0,0.881
564,5916,589,6258,927.0,0.927
564,5916,653,7155,447.0,0.447
564,5916,713,8361,499.0,0.499
564,5916,755,8841,499.0,0.499
564,5916,800,9611,656.0,0.656
564,5916,801,9612,597.0,0.597
565,5917,588,6257,477.0,0.477
565,5917,626,6776,420.0,0.42
565,5917,698,7965,969.0,0.969
565,5917,752,8805,485.0,0.485
565,5917,757,8850,426.0,0.426
565,5917,800,9611,885.0,0.885
565,5917,801,9612,823.0,0.823
565,5917,975,51520,998.0,0.998
565,5917,979,51574,457.0,0.457
566,5925,567,5927,810.0,0.81
566,5925,568,5928,720.0,0.72
566,5925,611,6595,793.0,0.793
566,5925,612,6597,891.0,0.891
566,5925,636,6872,457.0,0.457
566,5925,654,7157,691.0,0.691
566,5925,655,7158,900.0,0.9
566,5925,755,8841,459.0,0.459
566,5925,757,8850,457.0,0.457
566,5925,860,10765,457.0,0.457
566,5925,876,11176,540.0,0.54
566,5925,887,11335,587.0,0.587
566,5925,891,22933,540.0,0.54
566,5925,915,23411,739.0,0.739
566,5925,918,23476,457.0,0.457
566,5925,936,26013,688.0,0.688
566,5925,1005,55193,720.0,0.72
566,5925,1051,65980,720.0,0.72
567,5927,568,5928,509.0,0.509
567,5927,864,10919,427.0,0.427
568,5928,587,6256,499.0,0.499
568,5928,611,6595,409.0,0.409
568,5928,658,7182,457.0,0.457
568,5928,713,8361,994.0,0.994
568,5928,714,8364,510.0,0.51
568,5928,716,8366,416.0,0.416
568,5928,718,8368,426.0,0.426
568,5928,725,8473,540.0,0.54
568,5928,729,8520,785.0,0.785
568,5928,739,8607,810.0,0.81
568,5928,755,8841,961.0,0.961
568,5928,800,9611,809.0,0.809
568,5928,808,9759,560.0,0.56
568,5928,818,10013,437.0,0.437
568,5928,819,10014,427.0,0.427
568,5928,864,10919,537.0,0.537
568,5928,877,11177,919.0,0.919
568,5928,896,23028,965.0,0.965
568,5928,906,23186,705.0,0.705
568,5928,918,23476,457.0,0.457
568,5928,947,27443,900.0,0.9
568,5928,1021,55869,901.0,0.901
568,5928,1065,80312,540.0,0.54
569,5929,636,6872,900.0,0.9
569,5929,654,7157,457.0,0.457
569,5929,674,7403,994.0,0.994
569,5929,708,8294,921.0,0.921
569,5929,711,8359,921.0,0.921
569,5929,712,8360,921.0,0.921
569,5929,713,8361,976.0,0.976
569,5929,714,8364,921.0,0.921
569,5929,715,8365,921.0,0.921
569,5929,716,8366,921.0,0.921
569,5929,717,8367,921.0,0.921
569,5929,718,8368,921.0,0.921
569,5929,725,8473,457.0,0.457
569,5929,739,8607,900.0,0.9
569,5929,757,8850,499.0,0.499
569,5929,768,9070,999.0,0.999
569,5929,816,9978,499.0,0.499
569,5929,863,10856,900.0,0.9
569,5929,868,11004,420.0,0.42
569,5929,872,11091,999.0,0.999
569,5929,900,23067,998.0,0.998
569,5929,904,23135,913.0,0.913
569,5929,952,29072,618.0,0.618
569,5929,1102,121504,921.0,0.921
569,5929,1147,387893,411.0,0.411
570,5965,803,9656,439.0,0.439
571,5970,587,6256,542.0,0.542
571,5970,625,6774,937.0,0.937
571,5970,637,6885,596.0,0.596
571,5970,650,7124,749.0,0.749
571,5970,654,7157,858.0,0.858
571,5970,697,7874,778.0,0.778
571,5970,755,8841,457.0,0.457
571,5970,757,8850,524.0,0.524
571,5970,780,9252,542.0,0.542
571,5970,801,9612,506.0,0.506
571,5970,816,9978,499.0,0.499
571,5970,841,10419,457.0,0.457
571,5970,848,10498,457.0,0.457
571,5970,888,22807,424.0,0.424
571,5970,915,23411,861.0,0.861
571,5970,918,23476,998.0,0.998
571,5970,954,29110,457.0,0.457
571,5970,976,51548,938.0,0.938
571,5970,998,54790,650.0,0.65
571,5970,1058,79813,602.0,0.602
571,5970,1068,80854,457.0,0.457
572,5979,617,6654,557.0,0.557
572,5979,618,6714,820.0,0.82
572,5979,625,6774,657.0,0.657
572,5979,701,8030,900.0,0.9
572,5979,959,29956,425.0,0.425
573,6011,1105,131890,900.0,0.9
574,6046,611,6595,420.0,0.42
574,6046,612,6597,683.0,0.683
574,6046,625,6774,418.0,0.418
574,6046,636,6872,623.0,0.623
574,6046,651,7150,457.0,0.457
574,6046,683,7468,564.0,0.564
574,6046,700,8019,984.0,0.984
574,6046,708,8294,907.0,0.907
574,6046,711,8359,907.0,0.907
574,6046,712,8360,907.0,0.907
574,6046,713,8361,998.0,0.998
574,6046,714,8364,907.0,0.907
574,6046,715,8365,907.0,0.907
574,6046,716,8366,907.0,0.907
574,6046,717,8367,907.0,0.907
574,6046,718,8368,907.0,0.907
574,6046,720,8396,420.0,0.42
574,6046,752,8805,420.0,0.42
574,6046,757,8850,405.0,0.405
574,6046,762,8899,564.0,0.564
574,6046,808,9759,499.0,0.499
574,6046,845,10465,420.0,0.42
574,6046,864,10919,420.0,0.42
574,6046,887,11335,564.0,0.564
574,6046,908,23210,675.0,0.675
574,6046,918,23476,899.0,0.899
574,6046,922,23613,636.0,0.636
574,6046,955,29117,564.0,0.564
574,6046,979,51574,420.0,0.42
574,6046,1001,54904,830.0,0.83
574,6046,1005,55193,564.0,0.564
574,6046,1037,57599,420.0,0.42
574,6046,1051,65980,564.0,0.564
574,6046,1058,79813,420.0,0.42
574,6046,1060,79837,420.0,0.42
574,6046,1062,79885,572.0,0.572
574,6046,1102,121504,907.0,0.907
574,6046,1119,197259,420.0,0.42
574,6046,1129,221656,420.0,0.42
576,6093,795,9475,975.0,0.975
576,6093,818,10013,410.0,0.41
577,6095,578,6096,933.0,0.933
577,6095,579,6097,900.0,0.9
577,6095,800,9611,516.0,0.516
577,6095,801,9612,516.0,0.516
578,6096,579,6097,930.0,0.93
578,6096,800,9611,650.0,0.65
578,6096,801,9612,672.0,0.672
579,6097,800,9611,565.0,0.565
579,6097,801,9612,954.0,0.954
581,6195,582,6196,669.0,0.669
581,6195,583,6197,683.0,0.683
581,6195,793,9451,407.0,0.407
582,6196,583,6197,669.0,0.669
583,6197,787,9368,484.0,0.484
583,6197,795,9475,459.0,0.459
584,6198,585,6199,909.0,0.909
584,6198,633,6794,427.0,0.427
584,6198,642,7015,495.0,0.495
584,6198,954,29110,876.0,0.876
584,6198,956,29904,517.0,0.517
584,6198,1066,80347,405.0,0.405
584,6198,1132,253260,657.0,0.657
585,6199,800,9611,870.0,0.87
587,6256,588,6257,902.0,0.902
587,6256,589,6258,938.0,0.938
587,6256,618,6714,554.0,0.554
587,6256,672,7376,992.0,0.992
587,6256,713,8361,499.0,0.499
587,6256,752,8805,457.0,0.457
587,6256,755,8841,741.0,0.741
587,6256,757,8850,650.0,0.65
587,6256,759,8856,998.0,0.998
587,6256,790,9439,499.0,0.499
587,6256,800,9611,881.0,0.881
587,6256,801,9612,985.0,0.985
587,6256,804,9682,499.0,0.499
587,6256,808,9759,575.0,0.575
587,6256,814,9970,962.0,0.962
587,6256,815,9971,999.0,0.999
587,6256,824,10062,999.0,0.999
587,6256,848,10498,530.0,0.53
587,6256,896,23028,499.0,0.499
587,6256,902,23097,516.0,0.516
587,6256,1018,55818,499.0,0.499
587,6256,1129,221656,499.0,0.499
588,6257,589,6258,924.0,0.924
588,6257,672,7376,983.0,0.983
588,6257,755,8841,650.0,0.65
588,6257,757,8850,650.0,0.65
588,6257,759,8856,464.0,0.464
588,6257,800,9611,800.0,0.8
588,6257,801,9612,551.0,0.551
588,6257,804,9682,499.0,0.499
588,6257,815,9971,699.0,0.699
588,6257,824,10062,996.0,0.996
588,6257,896,23028,499.0,0.499
588,6257,1018,55818,499.0,0.499
588,6257,1129,221656,499.0,0.499
589,6258,672,7376,731.0,0.731
589,6258,755,8841,650.0,0.65
589,6258,757,8850,650.0,0.65
589,6258,800,9611,685.0,0.685
589,6258,801,9612,608.0,0.608
589,6258,815,9971,752.0,0.752
589,6258,824,10062,815.0,0.815
590,6300,732,8550,470.0,0.47
590,6300,781,9261,937.0,0.937
590,6300,1029,57097,472.0,0.472
590,6300,1095,91807,468.0,0.468
591,6319,676,7415,457.0,0.457
592,6331,690,7533,692.0,0.692
593,6383,679,7430,729.0,0.729
593,6383,737,8573,902.0,0.902
594,6389,595,6390,999.0,0.999
594,6389,828,10131,420.0,0.42
594,6389,914,23410,573.0,0.573
595,6390,828,10131,900.0,0.9
596,6416,637,6885,509.0,0.509
596,6416,859,10746,457.0,0.457
596,6416,1094,91754,442.0,0.442
597,6431,622,6733,504.0,0.504
597,6431,979,51574,464.0,0.464
598,6446,826,10110,900.0,0.9
598,6446,926,23678,900.0,0.9
598,6446,1047,65125,457.0,0.457
598,6446,1053,79109,492.0,0.492
599,6469,613,6608,986.0,0.986
599,6469,676,7415,499.0,0.499
600,6472,668,7298,568.0,0.568
602,6513,650,7124,644.0,0.644
602,6513,1091,89780,465.0,0.465
603,6530,614,6622,672.0,0.672
604,6531,614,6622,911.0,0.911
605,6532,614,6622,457.0,0.457
606,6566,772,9123,499.0,0.499
606,6566,968,51185,557.0,0.557
607,6573,741,8644,430.0,0.43
608,6580,959,29956,454.0,0.454
611,6595,612,6597,999.0,0.999
611,6595,639,6921,800.0,0.8
611,6595,653,7155,424.0,0.424
611,6595,800,9611,637.0,0.637
611,6595,841,10419,822.0,0.822
611,6595,877,11177,678.0,0.678
611,6595,955,29117,956.0,0.956
611,6595,986,51780,650.0,0.65
611,6595,1005,55193,995.0,0.995
611,6595,1018,55818,650.0,0.65
611,6595,1051,65980,986.0,0.986
612,6597,633,6794,761.0,0.761
612,6597,636,6872,451.0,0.451
612,6597,639,6921,800.0,0.8
612,6597,642,7015,978.0,0.978
612,6597,651,7150,415.0,0.415
612,6597,653,7155,556.0,0.556
612,6597,654,7157,941.0,0.941
612,6597,674,7403,545.0,0.545
612,6597,689,7532,420.0,0.42
612,6597,690,7533,412.0,0.412
612,6597,691,7534,555.0,0.555
612,6597,706,8239,416.0,0.416
612,6597,708,8294,913.0,0.913
612,6597,711,8359,913.0,0.913
612,6597,712,8360,913.0,0.913
612,6597,713,8361,939.0,0.939
612,6597,714,8364,913.0,0.913
612,6597,715,8365,913.0,0.913
612,6597,716,8366,913.0,0.913
612,6597,717,8367,913.0,0.913
612,6597,718,8368,913.0,0.913
612,6597,757,8850,781.0,0.781
612,6597,780,9252,574.0,0.574
612,6597,800,9611,655.0,0.655
612,6597,803,9656,445.0,0.445
612,6597,804,9682,525.0,0.525
612,6597,806,9734,893.0,0.893
612,6597,808,9759,517.0,0.517
612,6597,841,10419,950.0,0.95
612,6597,848,10498,503.0,0.503
612,6597,864,10919,589.0,0.589
612,6597,872,11091,441.0,0.441
612,6597,877,11177,400.0,0.4
612,6597,887,11335,595.0,0.595
612,6597,896,23028,763.0,0.763
612,6597,897,23030,664.0,0.664
612,6597,904,23135,846.0,0.846
612,6597,906,23186,619.0,0.619
612,6597,915,23411,422.0,0.422
612,6597,918,23476,709.0,0.709
612,6597,955,29117,999.0,0.999
612,6597,978,51567,433.0,0.433
612,6597,981,51701,412.0,0.412
612,6597,986,51780,650.0,0.65
612,6597,1005,55193,999.0,0.999
612,6597,1018,55818,956.0,0.956
612,6597,1051,65980,987.0,0.987
612,6597,1062,79885,420.0,0.42
612,6597,1084,84678,414.0,0.414
612,6597,1102,121504,913.0,0.913
614,6622,649,7099,518.0,0.518
614,6622,690,7533,651.0,0.651
614,6622,706,8239,926.0,0.926
614,6622,818,10013,568.0,0.568
614,6622,836,10376,457.0,0.457
614,6622,861,10769,457.0,0.457
614,6622,867,10971,483.0,0.483
614,6622,885,11315,862.0,0.862
614,6622,916,23435,901.0,0.901
614,6622,1101,120892,772.0,0.772
615,6624,679,7430,416.0,0.416
615,6624,918,23476,457.0,0.457
617,6654,618,6714,845.0,0.845
617,6654,635,6850,473.0,0.473
617,6654,640,7006,499.0,0.499
617,6654,641,7010,400.0,0.4
617,6654,645,7048,543.0,0.543
617,6654,664,7294,499.0,0.499
617,6654,679,7430,410.0,0.41
617,6654,687,7525,516.0,0.516
617,6654,691,7534,923.0,0.923
617,6654,874,11140,499.0,0.499
617,6654,1132,253260,431.0,0.431
618,6714,625,6774,994.0,0.994
618,6714,626,6776,612.0,0.612
618,6714,635,6850,990.0,0.99
618,6714,645,7048,814.0,0.814
618,6714,649,7099,517.0,0.517
618,6714,650,7124,592.0,0.592
618,6714,654,7157,556.0,0.556
618,6714,687,7525,972.0,0.972
618,6714,688,7529,733.0,0.733
618,6714,691,7534,405.0,0.405
618,6714,692,7535,457.0,0.457
618,6714,755,8841,457.0,0.457
618,6714,756,8844,539.0,0.539
618,6714,830,10188,481.0,0.481
618,6714,843,10454,456.0,0.456
618,6714,848,10498,914.0,0.914
618,6714,874,11140,736.0,0.736
618,6714,938,26524,457.0,0.457
618,6714,954,29110,563.0,0.563
618,6714,957,29941,602.0,0.602
618,6714,964,50507,409.0,0.409
621,6732,622,6733,846.0,0.846
621,6732,630,6790,540.0,0.54
621,6732,762,8899,501.0,0.501
621,6732,857,10713,457.0,0.457
621,6732,918,23476,487.0,0.487
621,6732,939,26576,446.0,0.446
622,6733,688,7529,457.0,0.457
622,6733,700,8019,465.0,0.465
622,6733,740,8621,400.0,0.4
622,6733,762,8899,435.0,0.435
625,6774,626,6776,996.0,0.996
625,6774,635,6850,917.0,0.917
625,6774,637,6885,608.0,0.608
625,6774,654,7157,819.0,0.819
625,6774,667,7297,843.0,0.843
625,6774,687,7525,518.0,0.518
625,6774,755,8841,457.0,0.457
625,6774,756,8844,409.0,0.409
625,6774,841,10419,597.0,0.597
625,6774,915,23411,457.0,0.457
625,6774,918,23476,633.0,0.633
625,6774,946,27436,499.0,0.499
625,6774,965,51079,878.0,0.878
625,6774,1021,55869,567.0,0.567
626,6776,635,6850,520.0,0.52
626,6776,654,7157,430.0,0.43
626,6776,667,7297,878.0,0.878
626,6776,687,7525,518.0,0.518
626,6776,702,8050,628.0,0.628
626,6776,801,9612,580.0,0.58
626,6776,817,10000,426.0,0.426
626,6776,896,23028,738.0,0.738
626,6776,998,54790,693.0,0.693
626,6776,1065,80312,400.0,0.4
627,6787,862,10783,403.0,0.403
628,6788,629,6789,957.0,0.957
628,6788,771,9113,457.0,0.457
628,6788,938,26524,457.0,0.457
629,6789,771,9113,635.0,0.635
629,6789,938,26524,654.0,0.654
630,6790,634,6795,712.0,0.712
630,6790,638,6897,561.0,0.561
630,6790,654,7157,963.0,0.963
630,6790,774,9133,769.0,0.769
630,6790,779,9212,742.0,0.742
630,6790,816,9978,499.0,0.499
630,6790,818,10013,717.0,0.717
630,6790,849,10521,497.0,0.497
630,6790,892,22974,999.0,0.999
630,6790,938,26524,609.0,0.609
630,6790,1003,54998,457.0,0.457
630,6790,1038,57646,444.0,0.444
632,6793,748,8767,429.0,0.429
633,6794,654,7157,716.0,0.716
633,6794,689,7532,546.0,0.546
633,6794,690,7533,444.0,0.444
633,6794,691,7534,544.0,0.544
633,6794,811,9891,882.0,0.882
633,6794,855,10645,901.0,0.901
633,6794,874,11140,692.0,0.692
633,6794,915,23411,556.0,0.556
633,6794,972,51377,410.0,0.41
634,6795,779,9212,887.0,0.887
635,6850,639,6921,499.0,0.499
635,6850,640,7006,400.0,0.4
635,6850,649,7099,885.0,0.885
635,6850,664,7294,517.0,0.517
635,6850,667,7297,800.0,0.8
635,6850,692,7535,974.0,0.974
635,6850,787,9368,408.0,0.408
635,6850,969,51206,499.0,0.499
636,6872,654,7157,894.0,0.894
636,6872,695,7862,420.0,0.42
636,6872,700,8019,623.0,0.623
636,6872,708,8294,816.0,0.816
636,6872,711,8359,816.0,0.816
636,6872,712,8360,816.0,0.816
636,6872,713,8361,989.0,0.989
636,6872,714,8364,816.0,0.816
636,6872,715,8365,816.0,0.816
636,6872,716,8366,816.0,0.816
636,6872,717,8367,816.0,0.816
636,6872,718,8368,816.0,0.816
636,6872,739,8607,900.0,0.9
636,6872,768,9070,540.0,0.54
636,6872,790,9439,800.0,0.8
636,6872,863,10856,900.0,0.9
636,6872,872,11091,926.0,0.926
636,6872,906,23186,420.0,0.42
636,6872,918,23476,508.0,0.508
636,6872,943,27154,420.0,0.42
636,6872,1028,56997,420.0,0.42
636,6872,1062,79885,661.0,0.661
636,6872,1102,121504,816.0,0.816
636,6872,1106,138474,931.0,0.931
636,6872,1132,253260,420.0,0.42
637,6885,644,7046,457.0,0.457
637,6885,649,7099,647.0,0.647
637,6885,650,7124,882.0,0.882
637,6885,680,7444,472.0,0.472
637,6885,739,8607,548.0,0.548
637,6885,747,8737,954.0,0.954
637,6885,748,8767,716.0,0.716
637,6885,757,8850,720.0,0.72
637,6885,840,10392,515.0,0.515
637,6885,843,10454,999.0,0.999
637,6885,872,11091,720.0,0.72
637,6885,874,11140,459.0,0.459
637,6885,898,23043,521.0,0.521
637,6885,917,23450,540.0,0.54
637,6885,950,28996,457.0,0.457
637,6885,981,51701,548.0,0.548
637,6885,1041,64127,725.0,0.725
638,6897,918,23476,457.0,0.457
639,6921,654,7157,405.0,0.405
639,6921,667,7297,499.0,0.499
639,6921,710,8318,800.0,0.8
639,6921,740,8621,540.0,0.54
639,6921,747,8737,800.0,0.8
639,6921,753,8812,540.0,0.54
639,6921,816,9978,999.0,0.999
639,6921,872,11091,800.0,0.8
639,6921,918,23476,886.0,0.886
639,6921,983,51755,540.0,0.54
639,6921,993,54583,499.0,0.499
640,7006,664,7294,400.0,0.4
641,7010,647,7075,658.0,0.658
642,7015,708,8294,408.0,0.408
642,7015,713,8361,407.0,0.407
642,7015,739,8607,901.0,0.901
642,7015,863,10856,963.0,0.963
643,7016,688,7529,470.0,0.47
643,7016,1036,57551,404.0,0.404
644,7046,645,7048,999.0,0.999
644,7046,843,10454,842.0,0.842
644,7046,972,51377,499.0,0.499
645,7048,650,7124,627.0,0.627
645,7048,972,51377,499.0,0.499
649,7099,659,7184,971.0,0.971
649,7099,747,8737,869.0,0.869
649,7099,802,9641,627.0,0.627
649,7099,829,10135,400.0,0.4
649,7099,843,10454,499.0,0.499
649,7099,870,11035,499.0,0.499
649,7099,954,29110,853.0,0.853
649,7099,964,50507,988.0,0.988
650,7124,747,8737,956.0,0.956
650,7124,802,9641,874.0,0.874
650,7124,828,10131,506.0,0.506
650,7124,843,10454,870.0,0.87
650,7124,870,11035,734.0,0.734
650,7124,918,23476,575.0,0.575
650,7124,954,29110,867.0,0.867
650,7124,982,51752,571.0,0.571
650,7124,1020,55851,823.0,0.823
650,7124,1119,197259,734.0,0.734
651,7150,652,7153,745.0,0.745
651,7150,653,7155,701.0,0.701
651,7150,654,7157,822.0,0.822
651,7150,655,7158,420.0,0.42
651,7150,684,7486,451.0,0.451
651,7150,803,9656,420.0,0.42
651,7150,849,10521,422.0,0.422
651,7150,895,23020,422.0,0.422
651,7150,918,23476,457.0,0.457
651,7150,940,26986,431.0,0.431
651,7150,955,29117,422.0,0.422
652,7153,653,7155,946.0,0.946
652,7153,654,7157,457.0,0.457
652,7153,713,8361,457.0,0.457
652,7153,796,9493,407.0,0.407
652,7153,918,23476,702.0,0.702
653,7155,654,7157,422.0,0.422
653,7155,918,23476,457.0,0.457
654,7157,655,7158,999.0,0.999
654,7157,665,7295,408.0,0.408
654,7157,670,7329,880.0,0.88
654,7157,683,7468,459.0,0.459
654,7157,684,7486,792.0,0.792
654,7157,686,7514,813.0,0.813
654,7157,688,7529,492.0,0.492
654,7157,689,7532,528.0,0.528
654,7157,691,7534,948.0,0.948
654,7157,695,7862,499.0,0.499
654,7157,697,7874,982.0,0.982
654,7157,698,7965,566.0,0.566
654,7157,699,8013,418.0,0.418
654,7157,708,8294,800.0,0.8
654,7157,711,8359,800.0,0.8
654,7157,712,8360,800.0,0.8
654,7157,713,8361,821.0,0.821
654,7157,714,8364,800.0,0.8
654,7157,715,8365,800.0,0.8
654,7157,716,8366,800.0,0.8
654,7157,717,8367,800.0,0.8
654,7157,718,8368,800.0,0.8
654,7157,728,8493,457.0,0.457
654,7157,752,8805,552.0,0.552
654,7157,757,8850,812.0,0.812
654,7157,768,9070,457.0,0.457
654,7157,770,9100,744.0,0.744
654,7157,779,9212,716.0,0.716
654,7157,800,9611,646.0,0.646
654,7157,801,9612,433.0,0.433
654,7157,804,9682,481.0,0.481
654,7157,811,9891,630.0,0.63
654,7157,816,9978,422.0,0.422
654,7157,827,10114,435.0,0.435
654,7157,838,10383,406.0,0.406
654,7157,841,10419,851.0,0.851
654,7157,848,10498,882.0,0.882
654,7157,849,10521,952.0,0.952
654,7157,872,11091,457.0,0.457
654,7157,880,11200,926.0,0.926
654,7157,885,11315,465.0,0.465
654,7157,891,22933,410.0,0.41
654,7157,896,23028,465.0,0.465
654,7157,904,23135,629.0,0.629
654,7157,910,23358,630.0,0.63
654,7157,915,23411,950.0,0.95
654,7157,918,23476,957.0,0.957
654,7157,919,23569,782.0,0.782
654,7157,929,23774,772.0,0.772
654,7157,936,26013,974.0,0.974
654,7157,943,27154,698.0,0.698
654,7157,950,28996,933.0,0.933
654,7157,952,29072,525.0,0.525
654,7157,955,29117,971.0,0.971
654,7157,1012,55611,716.0,0.716
654,7157,1021,55869,487.0,0.487
654,7157,1022,55872,661.0,0.661
654,7157,1038,57646,475.0,0.475
654,7157,1050,65975,420.0,0.42
654,7157,1058,79813,459.0,0.459
654,7157,1068,80854,619.0,0.619
654,7157,1076,84126,495.0,0.495
654,7157,1097,112858,827.0,0.827
654,7157,1101,120892,457.0,0.457
654,7157,1102,121504,800.0,0.8
654,7157,1124,203068,465.0,0.465
654,7157,1125,204851,778.0,0.778
655,7158,658,7182,439.0,0.439
655,7158,670,7329,587.0,0.587
655,7158,676,7415,587.0,0.587
655,7158,683,7468,499.0,0.499
655,7158,708,8294,900.0,0.9
655,7158,711,8359,900.0,0.9
655,7158,712,8360,900.0,0.9
655,7158,713,8361,998.0,0.998
655,7158,714,8364,900.0,0.9
655,7158,715,8365,900.0,0.9
655,7158,716,8366,900.0,0.9
655,7158,717,8367,900.0,0.9
655,7158,718,8368,900.0,0.9
655,7158,725,8473,420.0,0.42
655,7158,746,8731,420.0,0.42
655,7158,768,9070,566.0,0.566
655,7158,801,9612,420.0,0.42
655,7158,803,9656,995.0,0.995
655,7158,808,9759,818.0,0.818
655,7158,810,9874,420.0,0.42
655,7158,848,10498,439.0,0.439
655,7158,880,11200,743.0,0.743
655,7158,896,23028,527.0,0.527
655,7158,902,23097,439.0,0.439
655,7158,916,23435,432.0,0.432
655,7158,918,23476,535.0,0.535
655,7158,1038,57646,986.0,0.986
655,7158,1076,84126,420.0,0.42
655,7158,1102,121504,900.0,0.9
655,7158,1110,140735,517.0,0.517
658,7182,713,8361,457.0,0.457
658,7182,755,8841,457.0,0.457
658,7182,800,9611,766.0,0.766
658,7182,801,9612,514.0,0.514
658,7182,896,23028,654.0,0.654
659,7184,674,7403,403.0,0.403
659,7184,793,9451,637.0,0.637
659,7184,874,11140,926.0,0.926
659,7184,904,23135,403.0,0.403
659,7184,907,23193,676.0,0.676
659,7184,996,54658,561.0,0.561
663,7277,694,7846,642.0,0.642
663,7277,818,10013,463.0,0.463
663,7277,837,10381,978.0,0.978
663,7277,838,10383,984.0,0.984
663,7277,1085,84790,412.0,0.412
663,7277,1124,203068,984.0,0.984
665,7295,666,7296,986.0,0.986
665,7295,691,7534,442.0,0.442
665,7295,972,51377,421.0,0.421
666,7296,702,8050,514.0,0.514
670,7329,685,7494,562.0,0.562
670,7329,686,7514,567.0,0.567
670,7329,713,8361,457.0,0.457
670,7329,808,9759,659.0,0.659
670,7329,823,10055,885.0,0.885
670,7329,906,23186,613.0,0.613
670,7329,950,28996,787.0,0.787
670,7329,977,51564,542.0,0.542
670,7329,980,51592,457.0,0.457
672,7376,755,8841,499.0,0.499
672,7376,800,9611,790.0,0.79
672,7376,801,9612,758.0,0.758
672,7376,804,9682,499.0,0.499
672,7376,824,10062,910.0,0.91
672,7376,896,23028,630.0,0.63
672,7376,1018,55818,499.0,0.499
672,7376,1129,221656,499.0,0.499
673,7398,872,11091,614.0,0.614
673,7398,1037,57599,999.0,0.999
674,7403,713,8361,687.0,0.687
674,7403,768,9070,980.0,0.98
674,7403,828,10131,403.0,0.403
674,7403,872,11091,996.0,0.996
674,7403,904,23135,540.0,0.54
674,7403,918,23476,457.0,0.457
675,7407,713,8361,416.0,0.416
675,7407,933,25885,515.0,0.515
676,7415,684,7486,489.0,0.489
676,7415,779,9212,498.0,0.498
676,7415,788,9373,912.0,0.912
676,7415,801,9612,457.0,0.457
676,7415,816,9978,499.0,0.499
676,7415,818,10013,988.0,0.988
676,7415,838,10383,414.0,0.414
676,7415,880,11200,457.0,0.457
676,7415,885,11315,580.0,0.58
676,7415,909,23235,457.0,0.457
676,7415,916,23435,412.0,0.412
676,7415,918,23476,457.0,0.457
676,7415,936,26013,457.0,0.457
676,7415,979,51574,457.0,0.457
676,7415,1015,55768,841.0,0.841
679,7430,691,7534,488.0,0.488
679,7430,731,8544,448.0,0.448
679,7430,737,8573,516.0,0.516
679,7430,757,8850,459.0,0.459
679,7430,787,9368,998.0,0.998
679,7430,808,9759,431.0,0.431
679,7430,874,11140,836.0,0.836
679,7430,988,53904,499.0,0.499
679,7430,1108,140469,499.0,0.499
680,7444,756,8844,641.0,0.641
681,7458,1018,55818,422.0,0.422
682,7465,691,7534,435.0,0.435
682,7465,1154,494551,900.0,0.9
683,7468,700,8019,855.0,0.855
683,7468,708,8294,802.0,0.802
683,7468,711,8359,802.0,0.802
683,7468,712,8360,802.0,0.802
683,7468,713,8361,941.0,0.941
683,7468,714,8364,802.0,0.802
683,7468,715,8365,802.0,0.802
683,7468,716,8366,802.0,0.802
683,7468,717,8367,802.0,0.802
683,7468,718,8368,802.0,0.802
683,7468,803,9656,811.0,0.811
683,7468,804,9682,499.0,0.499
683,7468,897,23030,499.0,0.499
683,7468,918,23476,714.0,0.714
683,7468,1102,121504,802.0,0.802
684,7486,803,9656,444.0,0.444
684,7486,915,23411,548.0,0.548
684,7486,976,51548,629.0,0.629
684,7486,1076,84126,499.0,0.499
686,7514,691,7534,825.0,0.825
686,7514,755,8841,457.0,0.457
686,7514,819,10014,419.0,0.419
686,7514,869,11011,470.0,0.47
688,7529,689,7532,887.0,0.887
688,7529,690,7533,941.0,0.941
688,7529,691,7534,980.0,0.98
688,7529,697,7874,436.0,0.436
688,7529,756,8844,658.0,0.658
688,7529,796,9493,479.0,0.479
688,7529,807,9748,480.0,0.48
688,7529,808,9759,457.0,0.457
688,7529,819,10014,457.0,0.457
688,7529,842,10420,420.0,0.42
688,7529,859,10746,575.0,0.575
688,7529,867,10971,943.0,0.943
688,7529,891,22933,438.0,0.438
688,7529,911,23387,422.0,0.422
688,7529,977,51564,457.0,0.457
688,7529,1042,64223,499.0,0.499
688,7529,1101,120892,460.0,0.46
688,7529,1132,253260,477.0,0.477
688,7529,1137,283455,586.0,0.586
689,7532,690,7533,925.0,0.925
689,7532,691,7534,965.0,0.965
689,7532,697,7874,400.0,0.4
689,7532,706,8239,420.0,0.42
689,7532,767,9064,426.0,0.426
689,7532,796,9493,551.0,0.551
689,7532,808,9759,949.0,0.949
689,7532,819,10014,457.0,0.457
689,7532,859,10746,564.0,0.564
689,7532,867,10971,808.0,0.808
689,7532,929,23774,457.0,0.457
689,7532,938,26524,422.0,0.422
689,7532,998,54790,422.0,0.422
689,7532,1101,120892,722.0,0.722
690,7533,691,7534,930.0,0.93
690,7533,697,7874,414.0,0.414
690,7533,706,8239,412.0,0.412
690,7533,767,9064,433.0,0.433
690,7533,796,9493,457.0,0.457
690,7533,808,9759,457.0,0.457
690,7533,819,10014,457.0,0.457
690,7533,867,10971,819.0,0.819
690,7533,911,23387,422.0,0.422
690,7533,932,25865,420.0,0.42
690,7533,977,51564,457.0,0.457
690,7533,998,54790,434.0,0.434
690,7533,1101,120892,460.0,0.46
691,7534,694,7846,507.0,0.507
691,7534,697,7874,430.0,0.43
691,7534,706,8239,402.0,0.402
691,7534,713,8361,457.0,0.457
691,7534,780,9252,671.0,0.671
691,7534,796,9493,457.0,0.457
691,7534,807,9748,420.0,0.42
691,7534,808,9759,457.0,0.457
691,7534,819,10014,457.0,0.457
691,7534,859,10746,474.0,0.474
691,7534,867,10971,976.0,0.976
691,7534,896,23028,607.0,0.607
691,7534,911,23387,457.0,0.457
691,7534,977,51564,457.0,0.457
691,7534,998,54790,420.0,0.42
691,7534,1039,57787,420.0,0.42
691,7534,1101,120892,552.0,0.552
691,7534,1132,253260,477.0,0.477
694,7846,739,8607,457.0,0.457
694,7846,818,10013,711.0,0.711
694,7846,836,10376,922.0,0.922
694,7846,837,10381,997.0,0.997
694,7846,838,10383,997.0,0.997
694,7846,868,11004,900.0,0.9
694,7846,1101,120892,602.0,0.602
694,7846,1124,203068,984.0,0.984
695,7862,713,8361,498.0,0.498
695,7862,929,23774,925.0,0.925
695,7862,943,27154,954.0,0.954
695,7862,955,29117,499.0,0.499
696,7867,781,9261,963.0,0.963
697,7874,701,8030,420.0,0.42
697,7874,706,8239,525.0,0.525
697,7874,713,8361,457.0,0.457
697,7874,803,9656,726.0,0.726
697,7874,818,10013,468.0,0.468
697,7874,891,22933,456.0,0.456
697,7874,896,23028,785.0,0.785
697,7874,904,23135,457.0,0.457
697,7874,918,23476,457.0,0.457
697,7874,1037,57599,432.0,0.432
697,7874,1084,84678,629.0,0.629
698,7965,975,51520,982.0,0.982
699,8013,800,9611,499.0,0.499
699,8013,801,9612,499.0,0.499
700,8019,713,8361,809.0,0.809
700,8019,720,8396,420.0,0.42
700,8019,762,8899,420.0,0.42
700,8019,864,10919,519.0,0.519
700,8019,887,11335,564.0,0.564
700,8019,918,23476,895.0,0.895
700,8019,922,23613,574.0,0.574
700,8019,979,51574,420.0,0.42
700,8019,1001,54904,957.0,0.957
700,8019,1051,65980,564.0,0.564
700,8019,1058,79813,420.0,0.42
700,8019,1060,79837,564.0,0.564
700,8019,1129,221656,519.0,0.519
703,8078,707,8242,470.0,0.47
703,8078,974,51441,485.0,0.485
704,8087,752,8805,499.0,0.499
704,8087,770,9100,420.0,0.42
704,8087,917,23450,835.0,0.835
704,8087,940,26986,434.0,0.434
705,8140,837,10381,416.0,0.416
706,8239,811,9891,742.0,0.742
706,8239,818,10013,469.0,0.469
706,8239,938,26524,457.0,0.457
706,8239,1039,57787,745.0,0.745
706,8239,1132,253260,457.0,0.457
707,8242,864,10919,960.0,0.96
707,8242,887,11335,564.0,0.564
707,8242,906,23186,493.0,0.493
707,8242,918,23476,422.0,0.422
707,8242,922,23613,801.0,0.801
708,8294,711,8359,952.0,0.952
708,8294,712,8360,952.0,0.952
708,8294,713,8361,971.0,0.971
708,8294,714,8364,952.0,0.952
708,8294,715,8365,952.0,0.952
708,8294,716,8366,961.0,0.961
708,8294,717,8367,952.0,0.952
708,8294,718,8368,952.0,0.952
708,8294,729,8520,489.0,0.489
708,8294,739,8607,821.0,0.821
708,8294,752,8805,487.0,0.487
708,8294,768,9070,834.0,0.834
708,8294,790,9439,800.0,0.8
708,8294,804,9682,900.0,0.9
708,8294,841,10419,900.0,0.9
708,8294,863,10856,822.0,0.822
708,8294,872,11091,807.0,0.807
708,8294,936,26013,900.0,0.9
708,8294,951,29028,900.0,0.9
708,8294,952,29072,822.0,0.822
708,8294,955,29117,800.0,0.8
708,8294,1001,54904,802.0,0.802
708,8294,1005,55193,820.0,0.82
708,8294,1079,84444,912.0,0.912
708,8294,1100,115004,800.0,0.8
708,8294,1102,121504,952.0,0.952
708,8294,1147,387893,920.0,0.92
709,8317,710,8318,872.0,0.872
709,8317,865,10926,999.0,0.999
710,8318,816,9978,800.0,0.8
710,8318,865,10926,763.0,0.763
711,8359,712,8360,952.0,0.952
711,8359,713,8361,961.0,0.961
711,8359,714,8364,952.0,0.952
711,8359,715,8365,952.0,0.952
711,8359,716,8366,961.0,0.961
711,8359,717,8367,952.0,0.952
711,8359,718,8368,952.0,0.952
711,8359,739,8607,821.0,0.821
711,8359,768,9070,834.0,0.834
711,8359,790,9439,800.0,0.8
711,8359,804,9682,900.0,0.9
711,8359,841,10419,900.0,0.9
711,8359,863,10856,822.0,0.822
711,8359,872,11091,807.0,0.807
711,8359,936,26013,900.0,0.9
711,8359,951,29028,900.0,0.9
711,8359,952,29072,822.0,0.822
711,8359,955,29117,800.0,0.8
711,8359,1001,54904,802.0,0.802
711,8359,1005,55193,820.0,0.82
711,8359,1079,84444,912.0,0.912
711,8359,1100,115004,800.0,0.8
711,8359,1102,121504,952.0,0.952
711,8359,1147,387893,901.0,0.901
712,8360,713,8361,960.0,0.96
712,8360,714,8364,952.0,0.952
712,8360,715,8365,952.0,0.952
712,8360,716,8366,961.0,0.961
712,8360,717,8367,952.0,0.952
712,8360,718,8368,952.0,0.952
712,8360,739,8607,821.0,0.821
712,8360,752,8805,487.0,0.487
712,8360,768,9070,834.0,0.834
712,8360,790,9439,800.0,0.8
712,8360,804,9682,900.0,0.9
712,8360,841,10419,900.0,0.9
712,8360,863,10856,822.0,0.822
712,8360,872,11091,807.0,0.807
712,8360,936,26013,900.0,0.9
712,8360,951,29028,900.0,0.9
712,8360,952,29072,822.0,0.822
712,8360,955,29117,800.0,0.8
712,8360,1001,54904,802.0,0.802
712,8360,1005,55193,820.0,0.82
712,8360,1079,84444,912.0,0.912
712,8360,1100,115004,800.0,0.8
712,8360,1102,121504,952.0,0.952
712,8360,1147,387893,901.0,0.901
713,8361,714,8364,960.0,0.96
713,8361,715,8365,961.0,0.961
713,8361,716,8366,969.0,0.969
713,8361,717,8367,960.0,0.96
713,8361,718,8368,961.0,0.961
713,8361,729,8520,981.0,0.981
713,8361,739,8607,931.0,0.931
713,8361,752,8805,618.0,0.618
713,8361,755,8841,722.0,0.722
713,8361,757,8850,874.0,0.874
713,8361,762,8899,457.0,0.457
713,8361,768,9070,965.0,0.965
713,8361,790,9439,800.0,0.8
713,8361,796,9493,457.0,0.457
713,8361,800,9611,716.0,0.716
713,8361,801,9612,457.0,0.457
713,8361,803,9656,822.0,0.822
713,8361,804,9682,984.0,0.984
713,8361,808,9759,484.0,0.484
713,8361,816,9978,422.0,0.422
713,8361,819,10014,460.0,0.46
713,8361,821,10038,509.0,0.509
713,8361,838,10383,457.0,0.457
713,8361,841,10419,960.0,0.96
713,8361,863,10856,892.0,0.892
713,8361,872,11091,943.0,0.943
713,8361,876,11176,467.0,0.467
713,8361,877,11177,457.0,0.457
713,8361,887,11335,716.0,0.716
713,8361,896,23028,682.0,0.682
713,8361,897,23030,699.0,0.699
713,8361,901,23081,499.0,0.499
713,8361,903,23133,716.0,0.716
713,8361,915,23411,502.0,0.502
713,8361,918,23476,992.0,0.992
713,8361,922,23613,564.0,0.564
713,8361,936,26013,968.0,0.968
713,8361,951,29028,924.0,0.924
713,8361,952,29072,868.0,0.868
713,8361,955,29117,886.0,0.886
713,8361,972,51377,457.0,0.457
713,8361,976,51548,499.0,0.499
713,8361,979,51574,457.0,0.457
713,8361,999,54799,457.0,0.457
713,8361,1001,54904,887.0,0.887
713,8361,1005,55193,898.0,0.898
713,8361,1021,55869,462.0,0.462
713,8361,1043,64324,698.0,0.698
713,8361,1068,80854,462.0,0.462
713,8361,1079,84444,922.0,0.922
713,8361,1100,115004,800.0,0.8
713,8361,1102,121504,961.0,0.961
713,8361,1106,138474,503.0,0.503
713,8361,1147,387893,988.0,0.988
714,8364,715,8365,952.0,0.952
714,8364,716,8366,961.0,0.961
714,8364,717,8367,952.0,0.952
714,8364,718,8368,952.0,0.952
714,8364,729,8520,609.0,0.609
714,8364,739,8607,821.0,0.821
714,8364,752,8805,487.0,0.487
714,8364,768,9070,834.0,0.834
714,8364,790,9439,800.0,0.8
714,8364,804,9682,900.0,0.9
714,8364,841,10419,900.0,0.9
714,8364,863,10856,822.0,0.822
714,8364,872,11091,807.0,0.807
714,8364,936,26013,900.0,0.9
714,8364,951,29028,900.0,0.9
714,8364,952,29072,822.0,0.822
714,8364,955,29117,800.0,0.8
714,8364,1001,54904,802.0,0.802
714,8364,1005,55193,820.0,0.82
714,8364,1079,84444,912.0,0.912
714,8364,1100,115004,800.0,0.8
714,8364,1102,121504,952.0,0.952
714,8364,1147,387893,901.0,0.901
715,8365,716,8366,961.0,0.961
715,8365,717,8367,952.0,0.952
715,8365,718,8368,952.0,0.952
715,8365,739,8607,821.0,0.821
715,8365,752,8805,487.0,0.487
715,8365,768,9070,834.0,0.834
715,8365,790,9439,800.0,0.8
715,8365,804,9682,900.0,0.9
715,8365,841,10419,900.0,0.9
715,8365,863,10856,822.0,0.822
715,8365,872,11091,807.0,0.807
715,8365,936,26013,900.0,0.9
715,8365,951,29028,900.0,0.9
715,8365,952,29072,822.0,0.822
715,8365,955,29117,800.0,0.8
715,8365,1001,54904,802.0,0.802
715,8365,1005,55193,820.0,0.82
715,8365,1079,84444,912.0,0.912
715,8365,1100,115004,800.0,0.8
715,8365,1102,121504,952.0,0.952
715,8365,1147,387893,901.0,0.901
716,8366,717,8367,961.0,0.961
716,8366,718,8368,961.0,0.961
716,8366,729,8520,604.0,0.604
716,8366,739,8607,821.0,0.821
716,8366,752,8805,487.0,0.487
716,8366,768,9070,834.0,0.834
716,8366,790,9439,800.0,0.8
716,8366,804,9682,900.0,0.9
716,8366,841,10419,900.0,0.9
716,8366,863,10856,822.0,0.822
716,8366,872,11091,807.0,0.807
716,8366,936,26013,900.0,0.9
716,8366,951,29028,900.0,0.9
716,8366,952,29072,822.0,0.822
716,8366,955,29117,800.0,0.8
716,8366,1001,54904,802.0,0.802
716,8366,1005,55193,820.0,0.82
716,8366,1079,84444,912.0,0.912
716,8366,1100,115004,800.0,0.8
716,8366,1102,121504,961.0,0.961
716,8366,1147,387893,901.0,0.901
717,8367,718,8368,952.0,0.952
717,8367,739,8607,821.0,0.821
717,8367,752,8805,487.0,0.487
717,8367,768,9070,834.0,0.834
717,8367,790,9439,800.0,0.8
717,8367,804,9682,900.0,0.9
717,8367,841,10419,900.0,0.9
717,8367,863,10856,822.0,0.822
717,8367,872,11091,807.0,0.807
717,8367,936,26013,900.0,0.9
717,8367,951,29028,900.0,0.9
717,8367,952,29072,822.0,0.822
717,8367,955,29117,800.0,0.8
717,8367,1001,54904,802.0,0.802
717,8367,1005,55193,820.0,0.82
717,8367,1079,84444,912.0,0.912
717,8367,1100,115004,800.0,0.8
717,8367,1102,121504,952.0,0.952
717,8367,1147,387893,901.0,0.901
718,8368,729,8520,590.0,0.59
718,8368,739,8607,821.0,0.821
718,8368,752,8805,487.0,0.487
718,8368,768,9070,834.0,0.834
718,8368,790,9439,800.0,0.8
718,8368,804,9682,900.0,0.9
718,8368,841,10419,900.0,0.9
718,8368,863,10856,822.0,0.822
718,8368,872,11091,807.0,0.807
718,8368,936,26013,900.0,0.9
718,8368,951,29028,900.0,0.9
718,8368,952,29072,822.0,0.822
718,8368,955,29117,800.0,0.8
718,8368,1001,54904,802.0,0.802
718,8368,1005,55193,820.0,0.82
718,8368,1079,84444,912.0,0.912
718,8368,1100,115004,800.0,0.8
718,8368,1102,121504,952.0,0.952
718,8368,1147,387893,901.0,0.901
719,8394,912,23396,962.0,0.962
720,8396,918,23476,564.0,0.564
720,8396,1060,79837,946.0,0.946
721,8408,747,8737,402.0,0.402
721,8408,805,9706,996.0,0.996
721,8408,954,29110,497.0,0.497
721,8408,973,51422,499.0,0.499
721,8408,1042,64223,630.0,0.63
722,8428,847,10494,959.0,0.959
722,8428,984,51765,916.0,0.916
725,8473,739,8607,720.0,0.72
725,8473,768,9070,457.0,0.457
725,8473,803,9656,420.0,0.42
725,8473,843,10454,457.0,0.457
725,8473,863,10856,720.0,0.72
725,8473,872,11091,973.0,0.973
725,8473,998,54790,923.0,0.923
725,8473,999,54799,720.0,0.72
725,8473,1065,80312,856.0,0.856
725,8473,1120,200424,942.0,0.942
725,8473,1129,221656,814.0,0.814
726,8476,799,9578,505.0,0.505
727,8491,878,11183,457.0,0.457
728,8493,880,11200,611.0,0.611
730,8536,1031,57118,489.0,0.489
732,8550,810,9874,431.0,0.431
734,8565,741,8644,406.0,0.406
734,8565,975,51520,512.0,0.512
737,8573,988,53904,800.0,0.8
737,8573,1108,140469,800.0,0.8
739,8607,768,9070,540.0,0.54
739,8607,863,10856,999.0,0.999
739,8607,872,11091,912.0,0.912
739,8607,874,11140,540.0,0.54
739,8607,899,23049,403.0,0.403
739,8607,940,26986,420.0,0.42
739,8607,972,51377,944.0,0.944
739,8607,999,54799,956.0,0.956
739,8607,1102,121504,821.0,0.821
740,8621,753,8812,999.0,0.999
740,8621,979,51574,416.0,0.416
740,8621,983,51755,892.0,0.892
746,8731,803,9656,420.0,0.42
747,8737,802,9641,630.0,0.63
747,8737,843,10454,803.0,0.803
747,8737,870,11035,999.0,0.999
747,8737,874,11140,516.0,0.516
747,8737,954,29110,944.0,0.944
747,8737,1119,197259,986.0,0.986
748,8767,840,10392,998.0,0.998
748,8767,843,10454,630.0,0.63
748,8767,1041,64127,998.0,0.998
749,8780,1017,55781,900.0,0.9
749,8780,1071,83732,900.0,0.9
752,8805,845,10465,420.0,0.42
752,8805,980,51592,860.0,0.86
752,8805,1119,197259,420.0,0.42
753,8812,983,51755,999.0,0.999
754,8814,915,23411,435.0,0.435
755,8841,800,9611,998.0,0.998
755,8841,801,9612,999.0,0.999
755,8841,806,9734,511.0,0.511
755,8841,808,9759,511.0,0.511
755,8841,819,10014,511.0,0.511
755,8841,824,10062,499.0,0.499
755,8841,841,10419,584.0,0.584
755,8841,849,10521,457.0,0.457
755,8841,872,11091,782.0,0.782
755,8841,896,23028,491.0,0.491
755,8841,906,23186,493.0,0.493
755,8841,977,51564,403.0,0.403
755,8841,1100,115004,426.0,0.426
756,8844,1132,253260,643.0,0.643
756,8844,1137,283455,900.0,0.9
757,8850,768,9070,499.0,0.499
757,8850,800,9611,606.0,0.606
757,8850,801,9612,573.0,0.573
757,8850,808,9759,432.0,0.432
757,8850,848,10498,774.0,0.774
757,8850,849,10521,810.0,0.81
757,8850,863,10856,858.0,0.858
757,8850,872,11091,972.0,0.972
757,8850,891,22933,457.0,0.457
757,8850,896,23028,512.0,0.512
757,8850,900,23067,499.0,0.499
757,8850,915,23411,818.0,0.818
757,8850,917,23450,849.0,0.849
757,8850,933,25885,630.0,0.63
759,8856,800,9611,641.0,0.641
759,8856,801,9612,725.0,0.725
760,8877,816,9978,426.0,0.426
760,8877,1025,56848,900.0,0.9
761,8883,766,9039,999.0,0.999
762,8899,773,9128,899.0,0.899
762,8899,857,10713,897.0,0.897
762,8899,895,23020,879.0,0.879
762,8899,917,23450,830.0,0.83
762,8899,939,26576,420.0,0.42
763,8986,780,9252,900.0,0.9
763,8986,1089,85366,478.0,0.478
767,9064,816,9978,408.0,0.408
768,9070,803,9656,420.0,0.42
768,9070,863,10856,540.0,0.54
768,9070,872,11091,999.0,0.999
768,9070,900,23067,998.0,0.998
768,9070,904,23135,876.0,0.876
768,9070,1102,121504,834.0,0.834
769,9088,774,9133,584.0,0.584
770,9100,918,23476,457.0,0.457
770,9100,940,26986,457.0,0.457
771,9113,938,26524,978.0,0.978
771,9113,963,50488,457.0,0.457
773,9128,845,10465,998.0,0.998
773,9128,857,10713,975.0,0.975
773,9128,895,23020,997.0,0.997
773,9128,917,23450,988.0,0.988
774,9133,779,9212,726.0,0.726
774,9133,809,9833,587.0,0.587
779,9212,796,9493,491.0,0.491
779,9212,868,11004,711.0,0.711
779,9212,874,11140,457.0,0.457
779,9212,892,22974,506.0,0.506
779,9212,911,23387,433.0,0.433
782,9262,927,23683,412.0,0.412
782,9262,932,25865,412.0,0.412
784,9344,847,10494,545.0,0.545
784,9344,971,51347,942.0,0.942
784,9344,1036,57551,940.0,0.94
785,9360,895,23020,847.0,0.847
786,9361,1145,374291,697.0,0.697
787,9368,832,10257,655.0,0.655
787,9368,851,10568,900.0,0.9
788,9373,818,10013,616.0,0.616
790,9439,814,9970,617.0,0.617
790,9439,902,23097,930.0,0.93
790,9439,918,23476,457.0,0.457
790,9439,1102,121504,800.0,0.8
792,9448,938,26524,400.0,0.4
792,9448,963,50488,741.0,0.741
793,9451,946,27436,400.0,0.4
796,9493,867,10971,457.0,0.457
796,9493,868,11004,575.0,0.575
796,9493,872,11091,497.0,0.497
800,9611,801,9612,997.0,0.997
800,9611,804,9682,883.0,0.883
800,9611,806,9734,938.0,0.938
800,9611,808,9759,995.0,0.995
800,9611,814,9970,514.0,0.514
800,9611,815,9971,968.0,0.968
800,9611,818,10013,571.0,0.571
800,9611,819,10014,919.0,0.919
800,9611,824,10062,817.0,0.817
800,9611,896,23028,682.0,0.682
800,9611,906,23186,964.0,0.964
800,9611,915,23411,988.0,0.988
800,9611,977,51564,914.0,0.914
800,9611,1021,55869,573.0,0.573
800,9611,1058,79813,429.0,0.429
800,9611,1062,79885,539.0,0.539
800,9611,1073,83933,539.0,0.539
801,9612,803,9656,420.0,0.42
801,9612,806,9734,761.0,0.761
801,9612,808,9759,992.0,0.992
801,9612,814,9970,514.0,0.514
801,9612,815,9971,698.0,0.698
801,9612,818,10013,577.0,0.577
801,9612,819,10014,836.0,0.836
801,9612,824,10062,760.0,0.76
801,9612,906,23186,637.0,0.637
801,9612,977,51564,746.0,0.746
801,9612,1021,55869,717.0,0.717
801,9612,1062,79885,644.0,0.644
801,9612,1073,83933,866.0,0.866
802,9641,808,9759,642.0,0.642
802,9641,874,11140,534.0,0.534
802,9641,954,29110,999.0,0.999
802,9641,1140,340061,457.0,0.457
803,9656,804,9682,499.0,0.499
803,9656,810,9874,420.0,0.42
803,9656,880,11200,849.0,0.849
803,9656,892,22974,420.0,0.42
803,9656,897,23030,499.0,0.499
803,9656,918,23476,457.0,0.457
803,9656,952,29072,439.0,0.439
803,9656,980,51592,439.0,0.439
803,9656,1043,64324,439.0,0.439
803,9656,1129,221656,439.0,0.439
804,9682,824,10062,499.0,0.499
804,9682,860,10765,420.0,0.42
804,9682,891,22933,431.0,0.431
804,9682,896,23028,699.0,0.699
804,9682,897,23030,555.0,0.555
804,9682,1102,121504,900.0,0.9
806,9734,808,9759,693.0,0.693
808,9759,819,10014,965.0,0.965
808,9759,867,10971,618.0,0.618
808,9759,915,23411,457.0,0.457
808,9759,954,29110,628.0,0.628
808,9759,977,51564,517.0,0.517
810,9874,869,11011,734.0,0.734
810,9874,1110,140735,596.0,0.596
813,9943,1047,65125,667.0,0.667
813,9943,1048,65267,522.0,0.522
813,9943,1049,65268,599.0,0.599
815,9971,848,10498,420.0,0.42
816,9978,821,10038,499.0,0.499
816,9978,872,11091,499.0,0.499
816,9978,968,51185,999.0,0.999
816,9978,993,54583,499.0,0.499
816,9978,1084,84678,507.0,0.507
816,9978,1132,253260,878.0,0.878
817,10000,874,11140,490.0,0.49
818,10013,836,10376,639.0,0.639
818,10013,885,11315,525.0,0.525
818,10013,891,22933,714.0,0.714
818,10013,916,23435,625.0,0.625
818,10013,929,23774,420.0,0.42
818,10013,980,51592,420.0,0.42
818,10013,1004,55031,476.0,0.476
818,10013,1062,79885,822.0,0.822
818,10013,1085,84790,582.0,0.582
818,10013,1110,140735,630.0,0.63
818,10013,1124,203068,422.0,0.422
819,10014,867,10971,457.0,0.457
819,10014,909,23235,457.0,0.457
819,10014,932,25865,457.0,0.457
824,10062,831,10196,400.0,0.4
824,10062,896,23028,630.0,0.63
824,10062,1018,55818,499.0,0.499
824,10062,1129,221656,499.0,0.499
825,10097,1101,120892,457.0,0.457
826,10110,874,11140,480.0,0.48
826,10110,926,23678,930.0,0.93
828,10131,874,11140,439.0,0.439
828,10131,904,23135,403.0,0.403
828,10131,1101,120892,462.0,0.462
830,10188,844,10461,543.0,0.543
830,10188,874,11140,457.0,0.457
831,10196,848,10498,727.0,0.727
831,10196,1055,79668,446.0,0.446
834,10298,1026,56924,787.0,0.787
834,10298,1033,57144,725.0,0.725
836,10376,837,10381,999.0,0.999
836,10376,838,10383,974.0,0.974
836,10376,868,11004,800.0,0.8
836,10376,892,22974,900.0,0.9
836,10376,946,27436,424.0,0.424
836,10376,979,51574,457.0,0.457
836,10376,1085,84790,835.0,0.835
836,10376,1124,203068,998.0,0.998
837,10381,1085,84790,983.0,0.983
838,10383,918,23476,457.0,0.457
838,10383,979,51574,457.0,0.457
838,10383,1085,84790,956.0,0.956
838,10383,1101,120892,457.0,0.457
838,10383,1124,203068,646.0,0.646
840,10392,843,10454,642.0,0.642
840,10392,1041,64127,966.0,0.966
841,10419,848,10498,457.0,0.457
841,10419,872,11091,630.0,0.63
841,10419,887,11335,422.0,0.422
841,10419,918,23476,457.0,0.457
841,10419,1005,55193,499.0,0.499
841,10419,1071,83732,966.0,0.966
841,10419,1102,121504,900.0,0.9
843,10454,874,11140,489.0,0.489
843,10454,1041,64127,499.0,0.499
845,10465,857,10713,720.0,0.72
845,10465,895,23020,942.0,0.942
845,10465,917,23450,800.0,0.8
847,10494,984,51765,966.0,0.966
847,10494,1036,57551,595.0,0.595
848,10498,940,26986,914.0,0.914
849,10521,874,11140,530.0,0.53
849,10521,918,23476,457.0,0.457
850,10558,1101,120892,457.0,0.457
854,10606,918,23476,563.0,0.563
855,10645,1077,84254,900.0,0.9
857,10713,895,23020,949.0,0.949
857,10713,917,23450,800.0,0.8
857,10713,918,23476,457.0,0.457
859,10746,867,10971,570.0,0.57
860,10765,887,11335,635.0,0.635
860,10765,896,23028,956.0,0.956
860,10765,906,23186,835.0,0.835
862,10783,1094,91754,913.0,0.913
862,10783,1109,140609,699.0,0.699
863,10856,872,11091,912.0,0.912
863,10856,874,11140,540.0,0.54
863,10856,899,23049,589.0,0.589
863,10856,918,23476,457.0,0.457
863,10856,954,29110,422.0,0.422
863,10856,972,51377,943.0,0.943
863,10856,979,51574,457.0,0.457
863,10856,999,54799,955.0,0.955
863,10856,1101,120892,457.0,0.457
863,10856,1102,121504,822.0,0.822
864,10919,887,11335,997.0,0.997
864,10919,896,23028,969.0,0.969
864,10919,906,23186,929.0,0.929
864,10919,918,23476,503.0,0.503
864,10919,1001,54904,613.0,0.613
864,10919,1021,55869,612.0,0.612
864,10919,1058,79813,998.0,0.998
864,10919,1129,221656,572.0,0.572
867,10971,909,23235,457.0,0.457
867,10971,977,51564,457.0,0.457
867,10971,998,54790,457.0,0.457
867,10971,1101,120892,552.0,0.552
869,11011,1110,140735,581.0,0.581
870,11035,874,11140,687.0,0.687
870,11035,1119,197259,999.0,0.999
871,11040,966,51086,452.0,0.452
872,11091,887,11335,756.0,0.756
872,11091,900,23067,999.0,0.999
872,11091,904,23135,910.0,0.91
872,11091,917,23450,540.0,0.54
872,11091,918,23476,587.0,0.587
872,11091,952,29072,976.0,0.976
872,11091,999,54799,785.0,0.785
872,11091,1084,84678,441.0,0.441
872,11091,1102,121504,807.0,0.807
874,11140,894,23012,412.0,0.412
874,11140,941,27102,457.0,0.457
874,11140,1046,65061,436.0,0.436
874,11140,1075,83983,406.0,0.406
874,11140,1101,120892,568.0,0.568
874,11140,1119,197259,502.0,0.502
876,11176,887,11335,565.0,0.565
876,11176,891,22933,720.0,0.72
876,11176,915,23411,720.0,0.72
876,11176,936,26013,540.0,0.54
877,11177,947,27443,900.0,0.9
880,11200,1038,57646,607.0,0.607
885,11315,1101,120892,836.0,0.836
885,11315,1110,140735,499.0,0.499
886,11329,894,23012,671.0,0.671
887,11335,891,22933,540.0,0.54
887,11335,896,23028,952.0,0.952
887,11335,906,23186,847.0,0.847
887,11335,915,23411,565.0,0.565
887,11335,918,23476,457.0,0.457
887,11335,922,23613,420.0,0.42
887,11335,936,26013,927.0,0.927
887,11335,983,51755,422.0,0.422
887,11335,1056,79723,602.0,0.602
887,11335,1058,79813,710.0,0.71
887,11335,1101,120892,457.0,0.457
891,22933,906,23186,429.0,0.429
891,22933,914,23410,580.0,0.58
891,22933,915,23411,926.0,0.926
891,22933,936,26013,540.0,0.54
891,22933,968,51185,631.0,0.631
895,23020,916,23435,459.0,0.459
895,23020,917,23450,997.0,0.997
895,23020,918,23476,457.0,0.457
895,23020,954,29110,780.0,0.78
896,23028,901,23081,410.0,0.41
896,23028,906,23186,999.0,0.999
896,23028,915,23411,786.0,0.786
896,23028,1038,57646,457.0,0.457
896,23028,1129,221656,454.0,0.454
897,23030,917,23450,497.0,0.497
898,23043,963,50488,581.0,0.581
899,23049,940,26986,788.0,0.788
899,23049,1042,64223,791.0,0.791
899,23049,1053,79109,781.0,0.781
899,23049,1132,253260,780.0,0.78
904,23135,915,23411,551.0,0.551
906,23186,915,23411,615.0,0.615
906,23186,1021,55869,412.0,0.412
906,23186,1058,79813,446.0,0.446
906,23186,1129,221656,624.0,0.624
908,23210,918,23476,998.0,0.998
908,23210,1035,57396,457.0,0.457
909,23235,1070,81788,418.0,0.418
909,23235,1114,150094,509.0,0.509
911,23387,1070,81788,520.0,0.52
911,23387,1114,150094,487.0,0.487
913,23408,914,23410,499.0,0.499
915,23411,918,23476,578.0,0.578
915,23411,936,26013,540.0,0.54
915,23411,1068,80854,726.0,0.726
915,23411,1079,84444,726.0,0.726
915,23411,1132,253260,457.0,0.457
916,23435,940,26986,701.0,0.701
917,23450,979,51574,469.0,0.469
917,23450,1088,84991,590.0,0.59
917,23450,1101,120892,457.0,0.457
918,23476,922,23613,457.0,0.457
918,23476,943,27154,448.0,0.448
918,23476,951,29028,414.0,0.414
918,23476,968,51185,930.0,0.93
918,23476,979,51574,661.0,0.661
918,23476,1001,54904,997.0,0.997
918,23476,1005,55193,457.0,0.457
918,23476,1037,57599,420.0,0.42
918,23476,1051,65980,724.0,0.724
918,23476,1060,79837,416.0,0.416
918,23476,1079,84444,690.0,0.69
918,23476,1119,197259,420.0,0.42
918,23476,1124,203068,457.0,0.457
918,23476,1129,221656,564.0,0.564
922,23613,1119,197259,420.0,0.42
924,23621,1032,57142,811.0,0.811
927,23683,932,25865,957.0,0.957
929,23774,943,27154,967.0,0.967
929,23774,955,29117,499.0,0.499
929,23774,980,51592,427.0,0.427
929,23774,1028,56997,420.0,0.42
929,23774,1119,197259,420.0,0.42
936,26013,1102,121504,900.0,0.9
936,26013,1147,387893,834.0,0.834
943,27154,952,29072,420.0,0.42
943,27154,955,29117,499.0,0.499
945,27347,1047,65125,506.0,0.506
946,27436,1094,91754,613.0,0.613
946,27436,1109,140609,443.0,0.443
946,27436,1124,203068,570.0,0.57
951,29028,1102,121504,900.0,0.9
952,29072,1102,121504,822.0,0.822
953,29078,965,51079,955.0,0.955
953,29078,1145,374291,967.0,0.967
954,29110,1140,340061,999.0,0.999
955,29117,1005,55193,999.0,0.999
955,29117,1051,65980,647.0,0.647
955,29117,1102,121504,800.0,0.8
965,51079,1145,374291,999.0,0.999
971,51347,984,51765,449.0,0.449
971,51347,1036,57551,942.0,0.942
979,51574,1085,84790,457.0,0.457
979,51574,1124,203068,457.0,0.457
980,51592,1028,56997,420.0,0.42
980,51592,1119,197259,420.0,0.42
982,51752,1004,55031,435.0,0.435
984,51765,1036,57551,585.0,0.585
986,51780,1018,55818,900.0,0.9
988,53904,1108,140469,800.0,0.8
992,54578,995,54657,734.0,0.734
992,54578,996,54658,734.0,0.734
993,54583,1104,130497,457.0,0.457
994,54625,1087,84875,559.0,0.559
995,54657,996,54658,734.0,0.734
998,54790,1065,80312,797.0,0.797
998,54790,1120,200424,947.0,0.947
1001,54904,1102,121504,802.0,0.802
1001,54904,1129,221656,811.0,0.811
1005,55193,1051,65980,948.0,0.948
1005,55193,1102,121504,820.0,0.82
1017,55781,1071,83732,903.0,0.903
1017,55781,1132,253260,413.0,0.413
1026,56924,1101,120892,694.0,0.694
1028,56997,1101,120892,457.0,0.457
1031,57118,1034,57172,472.0,0.472
1042,64223,1053,79109,999.0,0.999
1042,64223,1132,253260,999.0,0.999
1047,65125,1048,65267,765.0,0.765
1047,65125,1049,65268,959.0,0.959
1053,79109,1132,253260,999.0,0.999
1065,80312,1120,200424,678.0,0.678
1079,84444,1102,121504,912.0,0.912
1085,84790,1101,120892,457.0,0.457
1085,84790,1124,203068,974.0,0.974
1094,91754,1109,140609,998.0,0.998
1100,115004,1102,121504,800.0,0.8
1100,115004,1140,340061,477.0,0.477
1101,120892,1124,203068,457.0,0.457
1102,121504,1147,387893,901.0,0.901
1109,140609,1138,284086,487.0,0.487
309,3295,0,16,684.0,0.684
325,3376,0,16,642.0,0.642
556,5859,0,16,567.0,0.567
698,7965,0,16,695.0,0.695
975,51520,0,16,562.0,0.562
2,27,1,25,976.0,0.976
40,472,1,25,656.0,0.656
54,613,1,25,944.0,0.944
109,1020,1,25,880.0,0.88
137,1432,1,25,499.0,0.499
186,1956,1,25,523.0,0.523
199,2042,1,25,449.0,0.449
201,2044,1,25,613.0,0.613
205,2048,1,25,447.0,0.447
211,2064,1,25,457.0,0.457
213,2066,1,25,421.0,0.421
245,2268,1,25,504.0,0.504
264,2534,1,25,930.0,0.93
278,2810,1,25,462.0,0.462
285,2885,1,25,981.0,0.981
295,3055,1,25,457.0,0.457
315,3320,1,25,891.0,0.891
316,3326,1,25,801.0,0.801
339,3636,1,25,599.0,0.599
382,4193,1,25,518.0,0.518
424,4914,1,25,943.0,0.943
425,4915,1,25,900.0,0.9
426,4916,1,25,900.0,0.9
434,5052,1,25,902.0,0.902
461,5289,1,25,932.0,0.932
462,5290,1,25,418.0,0.418
467,5295,1,25,457.0,0.457
502,5580,1,25,523.0,0.523
512,5591,1,25,641.0,0.641
515,5594,1,25,627.0,0.627
521,5600,1,25,499.0,0.499
540,5688,1,25,668.0,0.668
560,5888,1,25,793.0,0.793
566,5925,1,25,943.0,0.943
590,6300,1,25,499.0,0.499
614,6622,1,25,633.0,0.633
617,6654,1,25,524.0,0.524
618,6714,1,25,457.0,0.457
635,6850,1,25,525.0,0.525
654,7157,1,25,618.0,0.618
688,7529,1,25,462.0,0.462
689,7532,1,25,495.0,0.495
690,7533,1,25,509.0,0.509
691,7534,1,25,462.0,0.462
834,10298,1,25,618.0,0.618
867,10971,1,25,662.0,0.662
186,1956,2,27,523.0,0.523
211,2064,2,27,457.0,0.457
253,2322,2,27,630.0,0.63
285,2885,2,27,408.0,0.408
559,5879,2,27,563.0,0.563
625,6774,2,27,445.0,0.445
4,32,3,31,963.0,0.963
6,47,3,31,404.0,0.404
140,1452,3,31,422.0,0.422
326,3417,3,31,422.0,0.422
491,5562,3,31,420.0,0.42
6,47,4,32,429.0,0.429
309,3295,4,32,451.0,0.451
35,351,5,43,691.0,0.691
373,4129,5,43,555.0,0.555
403,4593,5,43,529.0,0.529
676,7415,6,47,417.0,0.417
891,22933,6,47,558.0,0.558
1101,120892,6,47,457.0,0.457
309,3295,7,51,953.0,0.953
187,1969,8,52,570.0,0.57
204,2047,8,52,568.0,0.568
205,2048,8,52,438.0,0.438
10,91,9,90,971.0,0.971
11,92,9,90,999.0,0.999
12,93,9,90,990.0,0.99
13,94,9,90,957.0,0.957
57,652,9,90,888.0,0.888
58,657,9,90,998.0,0.998
59,658,9,90,994.0,0.994
60,659,9,90,999.0,0.999
246,2280,9,90,996.0,0.996
247,2281,9,90,963.0,0.963
644,7046,9,90,957.0,0.957
645,7048,9,90,724.0,0.724
816,9978,9,90,414.0,0.414
11,92,10,91,995.0,0.995
12,93,10,91,999.0,0.999
28,238,10,91,567.0,0.567
34,331,10,91,400.0,0.4
57,652,10,91,511.0,0.511
58,657,10,91,469.0,0.469
59,658,10,91,519.0,0.519
60,659,10,91,552.0,0.552
246,2280,10,91,801.0,0.801
644,7046,10,91,987.0,0.987
645,7048,10,91,639.0,0.639
12,93,11,92,998.0,0.998
13,94,11,92,991.0,0.991
28,238,11,92,720.0,0.72
57,652,11,92,933.0,0.933
58,657,11,92,997.0,0.997
59,658,11,92,979.0,0.979
60,659,11,92,993.0,0.993
644,7046,11,92,982.0,0.982
13,94,12,93,934.0,0.934
57,652,12,93,754.0,0.754
58,657,12,93,992.0,0.992
59,658,12,93,966.0,0.966
60,659,12,93,944.0,0.944
77,780,12,93,454.0,0.454
644,7046,12,93,999.0,0.999
645,7048,12,93,780.0,0.78
57,652,13,94,681.0,0.681
58,657,13,94,693.0,0.693
59,658,13,94,712.0,0.712
60,659,13,94,996.0,0.996
246,2280,13,94,672.0,0.672
644,7046,13,94,646.0,0.646
645,7048,13,94,987.0,0.987
15,140,14,134,900.0,0.9
182,1813,14,134,441.0,0.441
31,328,16,142,744.0,0.744
100,902,16,142,499.0,0.499
111,1022,16,142,499.0,0.499
112,1024,16,142,660.0,0.66
136,1387,16,142,457.0,0.457
169,1642,16,142,499.0,0.499
180,1786,16,142,804.0,0.804
197,2033,16,142,457.0,0.457
221,2130,16,142,735.0,0.735
237,2237,16,142,755.0,0.755
292,3005,16,142,422.0,0.422
296,3065,16,142,646.0,0.646
297,3066,16,142,644.0,0.644
363,3980,16,142,975.0,0.975
396,4331,16,142,499.0,0.499
399,4361,16,142,630.0,0.63
420,4790,16,142,457.0,0.457
422,4869,16,142,945.0,0.945
439,5111,16,142,457.0,0.457
512,5591,16,142,955.0,0.955
570,5965,16,142,422.0,0.422
571,5970,16,142,654.0,0.654
612,6597,16,142,983.0,0.983
651,7150,16,142,763.0,0.763
652,7153,16,142,497.0,0.497
653,7155,16,142,501.0,0.501
654,7157,16,142,457.0,0.457
655,7158,16,142,473.0,0.473
670,7329,16,142,457.0,0.457
683,7468,16,142,444.0,0.444
684,7486,16,142,782.0,0.782
713,8361,16,142,693.0,0.693
816,9978,16,142,546.0,0.546
821,10038,16,142,934.0,0.934
822,10039,16,142,457.0,0.457
876,11176,16,142,435.0,0.435
891,22933,16,142,420.0,0.42
915,23411,16,142,543.0,0.543
918,23476,16,142,491.0,0.491
1016,55775,16,142,754.0,0.754
20,157,19,156,944.0,0.944
23,207,19,156,696.0,0.696
79,801,19,156,700.0,0.7
140,1452,19,156,800.0,0.8
141,1453,19,156,908.0,0.908
142,1455,19,156,900.0,0.9
143,1456,19,156,900.0,0.9
186,1956,19,156,457.0,0.457
382,4193,19,156,457.0,0.457
501,5579,19,156,457.0,0.457
525,5604,19,156,802.0,0.802
613,6608,19,156,762.0,0.762
818,10013,19,156,582.0,0.582
1103,122011,19,156,900.0,0.9
141,1453,20,157,900.0,0.9
142,1455,20,157,900.0,0.9
143,1456,20,157,900.0,0.9
315,3320,20,157,543.0,0.543
316,3326,20,157,543.0,0.543
516,5595,20,157,414.0,0.414
1103,122011,20,157,900.0,0.9
36,367,21,190,737.0,0.737
135,1374,21,190,414.0,0.414
217,2100,21,190,403.0,0.403
219,2104,21,190,587.0,0.587
263,2516,21,190,886.0,0.886
481,5468,21,190,638.0,0.638
482,5469,21,190,499.0,0.499
800,9611,21,190,698.0,0.698
801,9612,21,190,676.0,0.676
34,331,22,191,542.0,0.542
24,208,23,207,983.0,0.983
34,331,23,207,657.0,0.657
36,367,23,207,457.0,0.457
47,572,23,207,657.0,0.657
62,673,23,207,542.0,0.542
79,801,23,207,630.0,0.63
123,1147,23,207,908.0,0.908
136,1387,23,207,523.0,0.523
137,1432,23,207,557.0,0.557
139,1445,23,207,500.0,0.5
144,1457,23,207,484.0,0.484
180,1786,23,207,477.0,0.477
186,1956,23,207,523.0,0.523
195,2023,23,207,658.0,0.658
197,2033,23,207,622.0,0.622
206,2049,23,207,418.0,0.418
222,2146,23,207,595.0,0.595
249,2288,23,207,855.0,0.855
250,2289,23,207,907.0,0.907
262,2475,23,207,557.0,0.557
278,2810,23,207,649.0,0.649
286,2908,23,207,450.0,0.45
288,2931,23,207,457.0,0.457
289,2932,23,207,457.0,0.457
311,3309,23,207,878.0,0.878
312,3312,23,207,633.0,0.633
314,3315,23,207,953.0,0.953
315,3320,23,207,997.0,0.997
316,3326,23,207,989.0,0.989
330,3551,23,207,726.0,0.726
333,3611,23,207,799.0,0.799
335,3615,23,207,449.0,0.449
345,3708,23,207,948.0,0.948
347,3717,23,207,589.0,0.589
354,3791,23,207,527.0,0.527
382,4193,23,207,970.0,0.97
385,4215,23,207,650.0,0.65
386,4216,23,207,408.0,0.408
387,4217,23,207,807.0,0.807
392,4296,23,207,529.0,0.529
422,4869,23,207,555.0,0.555
435,5058,23,207,989.0,0.989
448,5163,23,207,495.0,0.495
449,5170,23,207,988.0,0.988
462,5290,23,207,528.0,0.528
463,5291,23,207,413.0,0.413
466,5294,23,207,444.0,0.444
467,5295,23,207,647.0,0.647
486,5499,23,207,699.0,0.699
501,5579,23,207,410.0,0.41
507,5585,23,207,564.0,0.564
508,5586,23,207,798.0,0.798
510,5588,23,207,450.0,0.45
511,5590,23,207,457.0,0.457
512,5591,23,207,603.0,0.603
515,5594,23,207,798.0,0.798
520,5599,23,207,437.0,0.437
527,5606,23,207,818.0,0.818
530,5609,23,207,597.0,0.597
551,5747,23,207,798.0,0.798
552,5753,23,207,900.0,0.9
561,5894,23,207,676.0,0.676
562,5914,23,207,457.0,0.457
584,6198,23,207,671.0,0.671
596,6416,23,207,457.0,0.457
598,6446,23,207,578.0,0.578
615,6624,23,207,412.0,0.412
618,6714,23,207,981.0,0.981
628,6788,23,207,457.0,0.457
630,6790,23,207,526.0,0.526
635,6850,23,207,448.0,0.448
642,7015,23,207,529.0,0.529
659,7184,23,207,508.0,0.508
676,7415,23,207,457.0,0.457
682,7465,23,207,538.0,0.538
691,7534,23,207,666.0,0.666
755,8841,23,207,630.0,0.63
781,9261,23,207,799.0,0.799
804,9682,23,207,402.0,0.402
817,10000,23,207,957.0,0.957
830,10188,23,207,571.0,0.571
834,10298,23,207,445.0,0.445
874,11140,23,207,826.0,0.826
891,22933,23,207,461.0,0.461
954,29110,23,207,833.0,0.833
1042,64223,23,207,631.0,0.631
1053,79109,23,207,621.0,0.621
1124,203068,23,207,701.0,0.701
1132,253260,23,207,657.0,0.657
249,2288,24,208,478.0,0.478
250,2289,24,208,614.0,0.614
289,2932,24,208,596.0,0.596
449,5170,24,208,630.0,0.63
454,5241,24,208,414.0,0.414
512,5591,24,208,635.0,0.635
516,5595,24,208,491.0,0.491
598,6446,24,208,623.0,0.623
618,6714,24,208,499.0,0.499
626,6776,24,208,454.0,0.454
817,10000,24,208,964.0,0.964
81,808,25,213,493.0,0.493
195,2023,25,213,450.0,0.45
223,2147,25,213,732.0,0.732
257,2346,25,213,543.0,0.543
398,4353,25,213,633.0,0.633
478,5340,25,213,630.0,0.63
662,7276,25,213,822.0,0.822
741,8644,25,213,443.0,0.443
420,4790,27,231,400.0,0.4
569,5929,27,231,511.0,0.511
625,6774,27,231,457.0,0.457
39,471,28,238,836.0,0.836
60,659,28,238,720.0,0.72
128,1213,28,238,486.0,0.486
211,2064,28,238,596.0,0.596
285,2885,28,238,899.0,0.899
348,3718,28,238,671.0,0.671
422,4869,28,238,943.0,0.943
462,5290,28,238,499.0,0.499
463,5291,28,238,563.0,0.563
467,5295,28,238,767.0,0.767
468,5296,28,238,548.0,0.548
612,6597,28,238,533.0,0.533
618,6714,28,238,744.0,0.744
625,6774,28,238,574.0,0.574
644,7046,28,238,715.0,0.715
645,7048,28,238,913.0,0.913
793,9451,28,238,400.0,0.4
830,10188,28,238,540.0,0.54
946,27436,28,238,988.0,0.988
285,2885,29,240,457.0,0.457
781,9261,29,240,457.0,0.457
34,331,30,317,787.0,0.787
49,596,30,317,934.0,0.934
51,598,30,317,974.0,0.974
90,842,30,317,999.0,0.999
314,3315,30,317,615.0,0.615
315,3320,30,317,986.0,0.986
316,3326,30,317,980.0,0.98
531,5610,30,317,453.0,0.453
540,5688,30,317,604.0,0.604
654,7157,30,317,510.0,0.51
820,10017,30,317,469.0,0.469
49,596,31,328,432.0,0.432
197,2033,31,328,806.0,0.806
216,2099,31,328,555.0,0.555
237,2237,31,328,983.0,0.983
300,3091,31,328,559.0,0.559
363,3980,31,328,751.0,0.751
422,4869,31,328,748.0,0.748
439,5111,31,328,631.0,0.631
576,6093,31,328,646.0,0.646
625,6774,31,328,517.0,0.517
654,7157,31,328,833.0,0.833
665,7295,31,328,962.0,0.962
708,8294,31,328,800.0,0.8
711,8359,31,328,800.0,0.8
712,8360,31,328,800.0,0.8
713,8361,31,328,800.0,0.8
714,8364,31,328,800.0,0.8
715,8365,31,328,800.0,0.8
716,8366,31,328,800.0,0.8
717,8367,31,328,800.0,0.8
718,8368,31,328,800.0,0.8
915,23411,31,328,650.0,0.65
976,51548,31,328,545.0,0.545
1102,121504,31,328,800.0,0.8
33,330,32,329,996.0,0.996
34,331,32,329,991.0,0.991
64,695,32,329,932.0,0.932
90,842,32,329,879.0,0.879
123,1147,32,329,540.0,0.54
173,1654,32,329,777.0,0.777
289,2932,32,329,411.0,0.411
330,3551,32,329,646.0,0.646
384,4214,32,329,435.0,0.435
559,5879,32,329,457.0,0.457
571,5970,32,329,457.0,0.457
637,6885,32,329,701.0,0.701
650,7124,32,329,861.0,0.861
659,7184,32,329,483.0,0.483
747,8737,32,329,997.0,0.997
748,8767,32,329,457.0,0.457
802,9641,32,329,630.0,0.63
843,10454,32,329,510.0,0.51
954,29110,32,329,620.0,0.62
1054,79444,32,329,523.0,0.523
34,331,33,330,992.0,0.992
90,842,33,330,686.0,0.686
123,1147,33,330,499.0,0.499
173,1654,33,330,625.0,0.625
289,2932,33,330,411.0,0.411
330,3551,33,330,789.0,0.789
342,3654,33,330,400.0,0.4
420,4790,33,330,734.0,0.734
571,5970,33,330,638.0,0.638
637,6885,33,330,561.0,0.561
650,7124,33,330,843.0,0.843
747,8737,33,330,997.0,0.997
748,8767,33,330,457.0,0.457
760,8877,33,330,546.0,0.546
802,9641,33,330,630.0,0.63
843,10454,33,330,599.0,0.599
954,29110,33,330,499.0,0.499
49,596,34,331,665.0,0.665
51,598,34,331,410.0,0.41
90,842,34,331,999.0,0.999
123,1147,34,331,499.0,0.499
147,1488,34,331,528.0,0.528
193,1994,34,331,457.0,0.457
289,2932,34,331,618.0,0.618
330,3551,34,331,644.0,0.644
338,3635,34,331,459.0,0.459
382,4193,34,331,743.0,0.743
559,5879,34,331,457.0,0.457
561,5894,34,331,657.0,0.657
637,6885,34,331,805.0,0.805
644,7046,34,331,775.0,0.775
650,7124,34,331,500.0,0.5
706,8239,34,331,400.0,0.4
747,8737,34,331,803.0,0.803
748,8767,34,331,989.0,0.989
802,9641,34,331,630.0,0.63
843,10454,34,331,999.0,0.999
859,10746,34,331,653.0,0.653
954,29110,34,331,716.0,0.716
1041,64127,34,331,457.0,0.457
1054,79444,34,331,567.0,0.567
136,1387,35,351,669.0,0.669
175,1719,35,351,441.0,0.441
186,1956,35,351,741.0,0.741
195,2023,35,351,601.0,0.601
197,2033,35,351,937.0,0.937
205,2048,35,351,542.0,0.542
227,2160,35,351,937.0,0.937
264,2534,35,351,534.0,0.534
268,2597,35,351,543.0,0.543
285,2885,35,351,922.0,0.922
287,2923,35,351,686.0,0.686
288,2931,35,351,836.0,0.836
289,2932,35,351,549.0,0.549
292,3005,35,351,422.0,0.422
293,3028,35,351,744.0,0.744
305,3163,35,351,545.0,0.545
308,3276,35,351,410.0,0.41
312,3312,35,351,578.0,0.578
317,3329,35,351,895.0,0.895
387,4217,35,351,542.0,0.542
424,4914,35,351,736.0,0.736
478,5340,35,351,403.0,0.403
480,5444,35,351,720.0,0.72
515,5594,35,351,707.0,0.707
516,5595,35,351,499.0,0.499
520,5599,35,351,514.0,0.514
533,5644,35,351,460.0,0.46
534,5663,35,351,975.0,0.975
597,6431,35,351,438.0,0.438
614,6622,35,351,702.0,0.702
625,6774,35,351,529.0,0.529
662,7276,35,351,894.0,0.894
761,8883,35,351,998.0,0.998
766,9039,35,351,522.0,0.522
848,10498,35,351,621.0,0.621
916,23435,35,351,585.0,0.585
924,23621,35,351,989.0,0.989
1020,55851,35,351,806.0,0.806
1121,200576,35,351,631.0,0.631
48,595,36,367,738.0,0.738
62,673,36,367,416.0,0.416
110,1021,36,367,405.0,0.405
111,1022,36,367,457.0,0.457
136,1387,36,367,829.0,0.829
186,1956,36,367,500.0,0.5
193,1994,36,367,487.0,0.487
197,2033,36,367,644.0,0.644
214,2078,36,367,457.0,0.457
216,2099,36,367,967.0,0.967
220,2115,36,367,579.0,0.579
222,2146,36,367,919.0,0.919
249,2288,36,367,860.0,0.86
250,2289,36,367,457.0,0.457
286,2908,36,367,766.0,0.766
289,2932,36,367,701.0,0.701
296,3065,36,367,826.0,0.826
300,3091,36,367,652.0,0.652
315,3320,36,367,997.0,0.997
316,3326,36,367,997.0,0.997
328,3480,36,367,535.0,0.535
357,3838,36,367,434.0,0.434
382,4193,36,367,975.0,0.975
434,5052,36,367,593.0,0.593
454,5241,36,367,675.0,0.675
467,5295,36,367,519.0,0.519
482,5469,36,367,716.0,0.716
501,5579,36,367,497.0,0.497
507,5585,36,367,700.0,0.7
512,5591,36,367,457.0,0.457
566,5925,36,367,457.0,0.457
574,6046,36,367,620.0,0.62
611,6595,36,367,457.0,0.457
612,6597,36,367,625.0,0.625
618,6714,36,367,924.0,0.924
625,6774,36,367,643.0,0.643
636,6872,36,367,476.0,0.476
653,7155,36,367,652.0,0.652
654,7157,36,367,420.0,0.42
659,7184,36,367,801.0,0.801
670,7329,36,367,646.0,0.646
674,7403,36,367,529.0,0.529
700,8019,36,367,457.0,0.457
713,8361,36,367,499.0,0.499
752,8805,36,367,457.0,0.457
757,8850,36,367,457.0,0.457
768,9070,36,367,576.0,0.576
800,9611,36,367,924.0,0.924
801,9612,36,367,827.0,0.827
804,9682,36,367,549.0,0.549
808,9759,36,367,457.0,0.457
830,10188,36,367,639.0,0.639
849,10521,36,367,609.0,0.609
860,10765,36,367,511.0,0.511
874,11140,36,367,576.0,0.576
896,23028,36,367,987.0,0.987
901,23081,36,367,575.0,0.575
906,23186,36,367,512.0,0.512
915,23411,36,367,447.0,0.447
918,23476,36,367,925.0,0.925
951,29028,36,367,418.0,0.418
1018,55818,36,367,493.0,0.493
1026,56924,36,367,869.0,0.869
1037,57599,36,367,630.0,0.63
1043,64324,36,367,469.0,0.469
1056,79723,36,367,547.0,0.547
62,673,37,369,994.0,0.994
139,1445,37,369,499.0,0.499
146,1460,37,369,512.0,0.512
278,2810,37,369,699.0,0.699
307,3265,37,369,872.0,0.872
316,3326,37,369,609.0,0.609
343,3690,37,369,503.0,0.503
358,3845,37,369,906.0,0.906
375,4140,37,369,400.0,0.4
463,5291,37,369,431.0,0.431
467,5295,37,369,558.0,0.558
474,5315,37,369,727.0,0.727
502,5580,37,369,408.0,0.408
515,5594,37,369,499.0,0.499
516,5595,37,369,499.0,0.499
525,5604,37,369,817.0,0.817
526,5605,37,369,884.0,0.884
561,5894,37,369,991.0,0.991
618,6714,37,369,498.0,0.498
688,7529,37,369,867.0,0.867
689,7532,37,369,588.0,0.588
690,7533,37,369,709.0,0.709
691,7534,37,369,639.0,0.639
756,8844,37,369,437.0,0.437
867,10971,37,369,725.0,0.725
1137,283455,37,369,531.0,0.531
81,808,38,444,654.0,0.654
226,2159,38,444,900.0,0.9
246,2280,38,444,558.0,0.558
247,2281,38,444,653.0,0.653
128,1213,39,471,499.0,0.499
269,2618,39,471,935.0,0.935
285,2885,39,471,686.0,0.686
402,4522,39,471,974.0,0.974
422,4869,39,471,563.0,0.563
793,9451,39,471,499.0,0.499
946,27436,39,471,499.0,0.499
45,545,40,472,939.0,0.939
56,641,40,472,928.0,0.928
94,890,40,472,499.0,0.499
106,1017,40,472,800.0,0.8
108,1019,40,472,800.0,0.8
116,1111,40,472,420.0,0.42
123,1147,40,472,547.0,0.547
137,1432,40,472,457.0,0.457
197,2033,40,472,776.0,0.776
296,3065,40,472,886.0,0.886
303,3105,40,472,487.0,0.487
314,3315,40,472,444.0,0.444
315,3320,40,472,572.0,0.572
382,4193,40,472,842.0,0.842
383,4194,40,472,516.0,0.516
399,4361,40,472,811.0,0.811
512,5591,40,472,938.0,0.938
520,5599,40,472,630.0,0.63
560,5888,40,472,907.0,0.907
612,6597,40,472,466.0,0.466
633,6794,40,472,411.0,0.411
637,6885,40,472,674.0,0.674
654,7157,40,472,713.0,0.713
655,7158,40,472,973.0,0.973
683,7468,40,472,499.0,0.499
684,7486,40,472,499.0,0.499
713,8361,40,472,499.0,0.499
728,8493,40,472,649.0,0.649
803,9656,40,472,992.0,0.992
804,9682,40,472,499.0,0.499
858,10733,40,472,456.0,0.456
863,10856,40,472,557.0,0.557
880,11200,40,472,977.0,0.977
896,23028,40,472,900.0,0.9
897,23030,40,472,499.0,0.499
906,23186,40,472,900.0,0.9
915,23411,40,472,621.0,0.621
1016,55775,40,472,422.0,0.422
1076,84126,40,472,986.0,0.986
42,481,41,476,983.0,0.983
44,488,41,476,720.0,0.72
705,8140,41,476,491.0,0.491
44,488,42,481,782.0,0.782
44,488,43,487,933.0,0.933
49,596,43,487,589.0,0.589
49,596,44,488,474.0,0.474
51,598,44,488,432.0,0.432
87,821,44,488,655.0,0.655
186,1956,44,488,468.0,0.468
333,3611,44,488,484.0,0.484
345,3708,44,488,495.0,0.495
1101,120892,44,488,457.0,0.457
56,641,45,545,645.0,0.645
116,1111,45,545,457.0,0.457
297,3066,45,545,533.0,0.533
399,4361,45,545,499.0,0.499
654,7157,45,545,523.0,0.523
655,7158,45,545,515.0,0.515
684,7486,45,545,722.0,0.722
713,8361,45,545,630.0,0.63
880,11200,45,545,834.0,0.834
1076,84126,45,545,999.0,0.999
186,1956,46,558,486.0,0.486
211,2064,46,558,668.0,0.668
212,2065,46,558,623.0,0.623
285,2885,46,558,859.0,0.859
315,3320,46,558,584.0,0.584
316,3326,46,558,409.0,0.409
354,3791,46,558,499.0,0.499
359,3932,46,558,710.0,0.71
369,4067,46,558,558.0,0.558
388,4233,46,558,435.0,0.435
462,5290,46,558,499.0,0.499
463,5291,46,558,499.0,0.499
467,5295,46,558,821.0,0.821
468,5296,46,558,650.0,0.65
618,6714,46,558,891.0,0.891
635,6850,46,558,510.0,0.51
669,7301,46,558,587.0,0.587
691,7534,46,558,455.0,0.455
844,10461,46,558,415.0,0.415
49,596,47,572,992.0,0.992
51,598,47,572,998.0,0.998
52,599,47,572,638.0,0.638
271,2645,47,572,444.0,0.444
278,2810,47,572,802.0,0.802
379,4170,47,572,426.0,0.426
435,5058,47,572,457.0,0.457
495,5566,47,572,457.0,0.457
520,5599,47,572,497.0,0.497
561,5894,47,572,657.0,0.657
688,7529,47,572,756.0,0.756
689,7532,47,572,607.0,0.607
690,7533,47,572,716.0,0.716
691,7534,47,572,802.0,0.802
820,10017,47,572,422.0,0.422
867,10971,47,572,716.0,0.716
49,596,48,595,485.0,0.485
90,842,48,595,429.0,0.429
92,861,48,595,499.0,0.499
93,865,48,595,499.0,0.499
95,891,48,595,638.0,0.638
97,894,48,595,935.0,0.935
98,896,48,595,911.0,0.911
99,898,48,595,722.0,0.722
104,983,48,595,974.0,0.974
106,1017,48,595,998.0,0.998
108,1019,48,595,999.0,0.999
109,1020,48,595,772.0,0.772
110,1021,48,595,999.0,0.999
136,1387,48,595,963.0,0.963
197,2033,48,595,638.0,0.638
216,2099,48,595,928.0,0.928
289,2932,48,595,408.0,0.408
296,3065,48,595,457.0,0.457
312,3312,48,595,913.0,0.913
315,3320,48,595,582.0,0.582
382,4193,48,595,514.0,0.514
439,5111,48,595,671.0,0.671
454,5241,48,595,457.0,0.457
471,5300,48,595,405.0,0.405
552,5753,48,595,499.0,0.499
560,5888,48,595,509.0,0.509
566,5925,48,595,491.0,0.491
568,5928,48,595,424.0,0.424
571,5970,48,595,457.0,0.457
574,6046,48,595,499.0,0.499
625,6774,48,595,707.0,0.707
636,6872,48,595,823.0,0.823
703,8078,48,595,457.0,0.457
755,8841,48,595,589.0,0.589
757,8850,48,595,862.0,0.862
774,9133,48,595,518.0,0.518
808,9759,48,595,812.0,0.812
841,10419,48,595,821.0,0.821
50,597,49,596,569.0,0.569
51,598,49,596,999.0,0.999
52,599,49,596,731.0,0.731
97,894,49,596,534.0,0.534
104,983,49,596,560.0,0.56
123,1147,49,596,441.0,0.441
136,1387,49,596,489.0,0.489
197,2033,49,596,491.0,0.491
271,2645,49,596,517.0,0.517
286,2908,49,596,539.0,0.539
300,3091,49,596,539.0,0.539
307,3265,49,596,873.0,0.873
312,3312,49,596,418.0,0.418
315,3320,49,596,774.0,0.774
342,3654,49,596,445.0,0.445
345,3708,49,596,989.0,0.989
358,3845,49,596,599.0,0.599
379,4170,49,596,509.0,0.509
382,4193,49,596,803.0,0.803
383,4194,49,596,457.0,0.457
461,5289,49,596,931.0,0.931
486,5499,49,596,439.0,0.439
534,5663,49,596,616.0,0.616
561,5894,49,596,564.0,0.564
571,5970,49,596,758.0,0.758
595,6390,49,596,407.0,0.407
618,6714,49,596,545.0,0.545
654,7157,49,596,999.0,0.999
677,7417,49,596,841.0,0.841
820,10017,49,596,671.0,0.671
918,23476,49,596,457.0,0.457
1025,56848,49,596,847.0,0.847
1032,57142,49,596,611.0,0.611
1153,493856,49,596,562.0,0.562
52,599,50,597,509.0,0.509
250,2289,50,597,739.0,0.739
315,3320,50,597,891.0,0.891
316,3326,50,597,858.0,0.858
379,4170,50,597,459.0,0.459
420,4790,50,597,455.0,0.455
626,6776,50,597,658.0,0.658
729,8520,50,597,487.0,0.487
820,10017,50,597,478.0,0.478
52,599,51,598,916.0,0.916
90,842,51,598,718.0,0.718
137,1432,51,598,466.0,0.466
186,1956,51,598,480.0,0.48
262,2475,51,598,457.0,0.457
286,2908,51,598,408.0,0.408
289,2932,51,598,569.0,0.569
345,3708,51,598,745.0,0.745
358,3845,51,598,931.0,0.931
379,4170,51,598,982.0,0.982
461,5289,51,598,449.0,0.449
476,5328,51,598,422.0,0.422
486,5499,51,598,442.0,0.442
520,5599,51,598,542.0,0.542
534,5663,51,598,468.0,0.468
561,5894,51,598,786.0,0.786
614,6622,51,598,448.0,0.448
639,6921,51,598,871.0,0.871
654,7157,51,598,999.0,0.999
680,7444,51,598,568.0,0.568
820,10017,51,598,449.0,0.449
885,11315,51,598,610.0,0.61
1032,57142,51,598,489.0,0.489
379,4170,52,599,898.0,0.898
486,5499,52,599,585.0,0.585
820,10017,52,599,449.0,0.449
296,3065,53,604,745.0,0.745
315,3320,53,604,567.0,0.567
654,7157,53,604,512.0,0.512
697,7874,53,604,420.0,0.42
800,9611,53,604,998.0,0.998
801,9612,53,604,999.0,0.999
806,9734,53,604,807.0,0.807
808,9759,53,604,941.0,0.941
819,10014,53,604,499.0,0.499
915,23411,53,604,743.0,0.743
927,23683,53,604,509.0,0.509
955,29117,53,604,499.0,0.499
977,51564,53,604,648.0,0.648
239,2242,54,613,457.0,0.457
285,2885,54,613,735.0,0.735
295,3055,54,613,457.0,0.457
315,3320,54,613,457.0,0.457
355,3815,54,613,657.0,0.657
462,5290,54,613,499.0,0.499
466,5294,54,613,657.0,0.657
467,5295,54,613,716.0,0.716
617,6654,54,613,457.0,0.457
654,7157,54,613,420.0,0.42
752,8805,54,613,400.0,0.4
943,27154,54,613,420.0,0.42
186,1956,55,640,523.0,0.523
625,6774,55,640,659.0,0.659
108,1019,56,641,800.0,0.8
237,2237,56,641,500.0,0.5
399,4361,56,641,716.0,0.716
404,4609,56,641,619.0,0.619
560,5888,56,641,797.0,0.797
654,7157,56,641,465.0,0.465
655,7158,56,641,622.0,0.622
684,7486,56,641,630.0,0.63
1076,84126,56,641,499.0,0.499
58,657,57,652,995.0,0.995
59,658,57,652,991.0,0.991
60,659,57,652,990.0,0.99
635,6850,57,652,420.0,0.42
644,7046,57,652,400.0,0.4
59,658,58,657,997.0,0.997
60,659,58,657,998.0,0.998
246,2280,58,657,456.0,0.456
644,7046,58,657,512.0,0.512
645,7048,58,657,634.0,0.634
60,659,59,658,998.0,0.998
246,2280,59,658,900.0,0.9
426,4916,59,658,453.0,0.453
832,10257,59,658,437.0,0.437
347,3717,60,659,453.0,0.453
355,3815,60,659,535.0,0.535
364,3984,60,659,867.0,0.867
513,5592,60,659,416.0,0.416
644,7046,60,659,428.0,0.428
354,3791,61,660,433.0,0.433
625,6774,61,660,815.0,0.815
139,1445,62,673,499.0,0.499
187,1969,62,673,435.0,0.435
278,2810,62,673,699.0,0.699
307,3265,62,673,908.0,0.908
311,3309,62,673,570.0,0.57
312,3312,62,673,645.0,0.645
315,3320,62,673,938.0,0.938
316,3326,62,673,967.0,0.967
343,3690,62,673,503.0,0.503
358,3845,62,673,833.0,0.833
375,4140,62,673,400.0,0.4
384,4214,62,673,457.0,0.457
392,4296,62,673,407.0,0.407
424,4914,62,673,499.0,0.499
433,5034,62,673,431.0,0.431
503,5581,62,673,697.0,0.697
504,5582,62,673,429.0,0.429
515,5594,62,673,770.0,0.77
516,5595,62,673,866.0,0.866
525,5604,62,673,999.0,0.999
526,5605,62,673,952.0,0.952
530,5609,62,673,457.0,0.457
561,5894,62,673,999.0,0.999
585,6199,62,673,883.0,0.883
618,6714,62,673,681.0,0.681
688,7529,62,673,976.0,0.976
689,7532,62,673,762.0,0.762
690,7533,62,673,748.0,0.748
691,7534,62,673,972.0,0.972
704,8087,62,673,499.0,0.499
752,8805,62,673,499.0,0.499
756,8844,62,673,897.0,0.897
867,10971,62,673,909.0,0.909
874,11140,62,673,921.0,0.921
1137,283455,62,673,772.0,0.772
101,904,63,676,798.0,0.798
113,1025,63,676,785.0,0.785
574,6046,63,676,933.0,0.933
700,8019,63,676,902.0,0.902
713,8361,63,676,954.0,0.954
918,23476,63,676,902.0,0.902
264,2534,64,695,847.0,0.847
285,2885,64,695,979.0,0.979
295,3055,64,695,552.0,0.552
315,3320,64,695,564.0,0.564
316,3326,64,695,505.0,0.505
342,3654,64,695,888.0,0.888
344,3702,64,695,400.0,0.4
359,3932,64,695,655.0,0.655
369,4067,64,695,979.0,0.979
501,5579,64,695,636.0,0.636
510,5588,64,695,492.0,0.492
617,6654,64,695,400.0,0.4
626,6776,64,695,696.0,0.696
635,6850,64,695,991.0,0.991
640,7006,64,695,900.0,0.9
649,7099,64,695,640.0,0.64
664,7294,64,695,400.0,0.4
692,7535,64,695,621.0,0.621
874,11140,64,695,424.0,0.424
968,51185,64,695,683.0,0.683
495,5566,65,706,414.0,0.414
496,5567,65,706,414.0,0.414
497,5568,65,706,414.0,0.414
677,7417,65,706,919.0,0.919
1019,55847,65,706,451.0,0.451
701,8030,66,716,582.0,0.582
68,760,67,759,748.0,0.748
69,761,67,759,632.0,0.632
73,766,67,759,617.0,0.617
1146,377677,67,759,499.0,0.499
69,761,68,760,530.0,0.53
73,766,68,760,559.0,0.559
81,808,68,760,511.0,0.511
115,1080,68,760,449.0,0.449
317,3329,68,760,734.0,0.734
606,6566,68,760,679.0,0.679
1146,377677,68,760,499.0,0.499
70,762,69,761,781.0,0.781
73,766,69,761,499.0,0.499
1146,377677,69,761,499.0,0.499
74,768,70,762,499.0,0.499
75,771,70,762,499.0,0.499
925,23632,70,762,499.0,0.499
882,11238,71,763,700.0,0.7
115,1080,72,765,426.0,0.426
1146,377677,73,766,499.0,0.499
75,771,74,768,504.0,0.504
300,3091,74,768,412.0,0.412
772,9123,74,768,645.0,0.645
925,23632,74,768,499.0,0.499
925,23632,75,771,499.0,0.499
79,801,76,775,961.0,0.961
80,805,76,775,928.0,0.928
81,808,76,775,999.0,0.999
246,2280,76,775,820.0,0.82
444,5142,76,775,615.0,0.615
211,2064,77,780,596.0,0.596
427,4921,77,780,477.0,0.477
500,5578,77,780,557.0,0.557
618,6714,77,780,416.0,0.416
662,7276,77,780,425.0,0.425
874,11140,77,780,497.0,0.497
333,3611,78,790,435.0,0.435
404,4609,78,790,457.0,0.457
663,7277,78,790,591.0,0.591
838,10383,78,790,542.0,0.542
874,11140,78,790,436.0,0.436
918,23476,78,790,457.0,0.457
80,805,79,801,917.0,0.917
81,808,79,801,900.0,0.9
82,814,79,801,808.0,0.808
83,815,79,801,984.0,0.984
84,816,79,801,987.0,0.987
85,817,79,801,962.0,0.962
86,818,79,801,891.0,0.891
144,1457,79,801,457.0,0.457
146,1460,79,801,457.0,0.457
164,1612,79,801,961.0,0.961
186,1956,79,801,523.0,0.523
211,2064,79,801,457.0,0.457
216,2099,79,801,927.0,0.927
248,2287,79,801,493.0,0.493
281,2869,79,801,926.0,0.926
315,3320,79,801,670.0,0.67
326,3417,79,801,487.0,0.487
358,3845,79,801,830.0,0.83
404,4609,79,801,458.0,0.458
406,4638,79,801,988.0,0.988
445,5147,79,801,499.0,0.499
456,5260,79,801,806.0,0.806
457,5261,79,801,838.0,0.838
559,5879,79,801,647.0,0.647
592,6331,79,801,965.0,0.965
614,6622,79,801,961.0,0.961
635,6850,79,801,457.0,0.457
730,8536,79,801,975.0,0.975
779,9212,79,801,457.0,0.457
855,10645,79,801,784.0,0.784
956,29904,79,801,915.0,0.915
969,51206,79,801,457.0,0.457
1077,84254,79,801,972.0,0.972
1089,85366,79,801,448.0,0.448
81,808,80,805,958.0,0.958
83,815,80,805,927.0,0.927
84,816,80,805,940.0,0.94
85,817,80,805,940.0,0.94
164,1612,80,805,904.0,0.904
216,2099,80,805,900.0,0.9
247,2281,80,805,829.0,0.829
281,2869,80,805,900.0,0.9
406,4638,80,805,910.0,0.91
522,5601,80,805,403.0,0.403
592,6331,80,805,914.0,0.914
614,6622,80,805,900.0,0.9
730,8536,80,805,919.0,0.919
921,23604,80,805,749.0,0.749
956,29904,80,805,915.0,0.915
1077,84254,80,805,916.0,0.916
82,814,81,808,912.0,0.912
83,815,81,808,999.0,0.999
84,816,81,808,988.0,0.988
85,817,81,808,970.0,0.97
86,818,81,808,930.0,0.93
97,894,81,808,472.0,0.472
98,896,81,808,424.0,0.424
164,1612,81,808,970.0,0.97
165,1613,81,808,506.0,0.506
168,1636,81,808,590.0,0.59
182,1813,81,808,491.0,0.491
183,1843,81,808,614.0,0.614
186,1956,81,808,519.0,0.519
196,2030,81,808,642.0,0.642
216,2099,81,808,990.0,0.99
246,2280,81,808,979.0,0.979
247,2281,81,808,950.0,0.95
248,2287,81,808,494.0,0.494
281,2869,81,808,900.0,0.9
289,2932,81,808,561.0,0.561
312,3312,81,808,505.0,0.505
315,3320,81,808,992.0,0.992
316,3326,81,808,989.0,0.989
326,3417,81,808,405.0,0.405
345,3708,81,808,411.0,0.411
358,3845,81,808,966.0,0.966
406,4638,81,808,998.0,0.998
425,4915,81,808,410.0,0.41
430,5025,81,808,422.0,0.422
457,5261,81,808,914.0,0.914
461,5289,81,808,965.0,0.965
477,5339,81,808,493.0,0.493
495,5566,81,808,848.0,0.848
496,5567,81,808,848.0,0.848
497,5568,81,808,849.0,0.849
500,5578,81,808,467.0,0.467
592,6331,81,808,998.0,0.998
614,6622,81,808,991.0,0.991
618,6714,81,808,584.0,0.584
650,7124,81,808,623.0,0.623
659,7184,81,808,808.0,0.808
664,7294,81,808,443.0,0.443
691,7534,81,808,754.0,0.754
730,8536,81,808,985.0,0.985
855,10645,81,808,952.0,0.952
921,23604,81,808,835.0,0.835
924,23621,81,808,437.0,0.437
956,29904,81,808,947.0,0.947
969,51206,81,808,733.0,0.733
1031,57118,81,808,766.0,0.766
1034,57172,81,808,774.0,0.774
1077,84254,81,808,943.0,0.943
1089,85366,81,808,981.0,0.981
1095,91807,81,808,751.0,0.751
83,815,82,814,901.0,0.901
84,816,82,814,901.0,0.901
85,817,82,814,505.0,0.505
86,818,82,814,499.0,0.499
357,3838,82,814,900.0,0.9
632,6793,82,814,444.0,0.444
84,816,83,815,998.0,0.998
85,817,83,815,988.0,0.988
86,818,83,815,885.0,0.885
637,6885,83,815,729.0,0.729
725,8473,83,815,450.0,0.45
85,817,84,816,983.0,0.983
86,818,84,816,884.0,0.884
286,2908,84,816,422.0,0.422
675,7407,84,816,422.0,0.422
725,8473,84,816,432.0,0.432
86,818,85,817,899.0,0.899
689,7532,85,817,405.0,0.405
808,9759,85,817,457.0,0.457
263,2516,86,818,410.0,0.41
286,2908,86,818,591.0,0.591
115,1080,87,821,801.0,0.801
171,1650,87,821,539.0,0.539
287,2923,87,821,997.0,0.997
303,3105,87,821,595.0,0.595
311,3309,87,821,784.0,0.784
313,3313,87,821,547.0,0.547
315,3320,87,821,427.0,0.427
316,3326,87,821,622.0,0.622
345,3708,87,821,667.0,0.667
353,3757,87,821,457.0,0.457
433,5034,87,821,517.0,0.517
605,6532,87,821,527.0,0.527
616,6646,87,821,422.0,0.422
626,6776,87,821,445.0,0.445
659,7184,87,821,761.0,0.761
676,7415,87,821,538.0,0.538
677,7417,87,821,477.0,0.477
907,23193,87,821,623.0,0.623
964,50507,87,821,666.0,0.666
1153,493856,87,821,440.0,0.44
89,824,88,823,975.0,0.975
115,1080,88,823,430.0,0.43
90,842,89,824,540.0,0.54
184,1859,89,824,457.0,0.457
551,5747,89,824,416.0,0.416
618,6714,89,824,571.0,0.571
314,3315,90,842,442.0,0.442
382,4193,90,842,669.0,0.669
654,7157,90,842,587.0,0.587
840,10392,90,842,691.0,0.691
1054,79444,90,842,887.0,0.887
93,865,92,861,999.0,0.999
97,894,92,861,517.0,0.517
98,896,92,861,680.0,0.68
110,1021,92,861,857.0,0.857
113,1025,92,861,457.0,0.457
136,1387,92,861,953.0,0.953
138,1436,92,861,422.0,0.422
144,1457,92,861,499.0,0.499
145,1459,92,861,499.0,0.499
146,1460,92,861,499.0,0.499
180,1786,92,861,521.0,0.521
197,2033,92,861,974.0,0.974
216,2099,92,861,680.0,0.68
251,2313,92,861,844.0,0.844
296,3065,92,861,976.0,0.976
297,3066,92,861,732.0,0.732
300,3091,92,861,913.0,0.913
308,3276,92,861,937.0,0.937
562,5914,92,861,552.0,0.552
569,5929,92,861,499.0,0.499
571,5970,92,861,746.0,0.746
574,6046,92,861,499.0,0.499
611,6595,92,861,499.0,0.499
612,6597,92,861,630.0,0.63
618,6714,92,861,900.0,0.9
626,6776,92,861,624.0,0.624
713,8361,92,861,630.0,0.63
755,8841,92,861,457.0,0.457
757,8850,92,861,499.0,0.499
768,9070,92,861,499.0,0.499
800,9611,92,861,582.0,0.582
801,9612,92,861,690.0,0.69
872,11091,92,861,499.0,0.499
900,23067,92,861,499.0,0.499
1005,55193,92,861,499.0,0.499
110,1021,93,865,725.0,0.725
136,1387,93,865,499.0,0.499
144,1457,93,865,499.0,0.499
145,1459,93,865,499.0,0.499
146,1460,93,865,499.0,0.499
197,2033,93,865,740.0,0.74
214,2078,93,865,800.0,0.8
216,2099,93,865,499.0,0.499
251,2313,93,865,800.0,0.8
296,3065,93,865,499.0,0.499
308,3276,93,865,830.0,0.83
415,4738,93,865,535.0,0.535
484,5478,93,865,476.0,0.476
569,5929,93,865,499.0,0.499
574,6046,93,865,499.0,0.499
611,6595,93,865,499.0,0.499
612,6597,93,865,499.0,0.499
639,6921,93,865,998.0,0.998
713,8361,93,865,499.0,0.499
757,8850,93,865,499.0,0.499
768,9070,93,865,499.0,0.499
808,9759,93,865,499.0,0.499
816,9978,93,865,444.0,0.444
818,10013,93,865,499.0,0.499
872,11091,93,865,499.0,0.499
900,23067,93,865,499.0,0.499
1005,55193,93,865,499.0,0.499
95,891,94,890,918.0,0.918
99,898,94,890,759.0,0.759
104,983,94,890,999.0,0.999
106,1017,94,890,999.0,0.999
107,1018,94,890,656.0,0.656
108,1019,94,890,989.0,0.989
109,1020,94,890,683.0,0.683
110,1021,94,890,992.0,0.992
111,1022,94,890,552.0,0.552
136,1387,94,890,530.0,0.53
182,1813,94,890,448.0,0.448
197,2033,94,890,548.0,0.548
356,3832,94,890,450.0,0.45
399,4361,94,890,630.0,0.63
415,4738,94,890,800.0,0.8
439,5111,94,890,528.0,0.528
462,5290,94,890,422.0,0.422
566,5925,94,890,845.0,0.845
636,6872,94,890,578.0,0.578
652,7153,94,890,654.0,0.654
654,7157,94,890,974.0,0.974
739,8607,94,890,499.0,0.499
769,9088,94,890,595.0,0.595
774,9133,94,890,596.0,0.596
816,9978,94,890,851.0,0.851
835,10309,94,890,559.0,0.559
903,23133,94,890,457.0,0.457
980,51592,94,890,734.0,0.734
983,51755,94,890,422.0,0.422
104,983,95,891,999.0,0.999
106,1017,95,891,997.0,0.997
107,1018,95,891,652.0,0.652
109,1020,95,891,503.0,0.503
110,1021,95,891,442.0,0.442
111,1022,95,891,457.0,0.457
186,1956,95,891,439.0,0.439
278,2810,95,891,501.0,0.501
404,4609,95,891,608.0,0.608
439,5111,95,891,564.0,0.564
479,5347,95,891,967.0,0.967
566,5925,95,891,457.0,0.457
571,5970,95,891,630.0,0.63
630,6790,95,891,445.0,0.445
645,7048,95,891,576.0,0.576
652,7153,95,891,780.0,0.78
654,7157,95,891,567.0,0.567
655,7158,95,891,405.0,0.405
668,7298,95,891,463.0,0.463
686,7514,95,891,535.0,0.535
769,9088,95,891,595.0,0.595
774,9133,95,891,991.0,0.991
809,9833,95,891,619.0,0.619
867,10971,95,891,593.0,0.593
1022,55872,95,891,464.0,0.464
1097,112858,95,891,400.0,0.4
101,904,96,892,499.0,0.499
102,905,96,892,499.0,0.499
106,1017,96,892,507.0,0.507
107,1018,96,892,990.0,0.99
108,1019,96,892,761.0,0.761
109,1020,96,892,479.0,0.479
110,1021,96,892,589.0,0.589
112,1024,96,892,999.0,0.999
113,1025,96,892,540.0,0.54
136,1387,96,892,628.0,0.628
197,2033,96,892,499.0,0.499
481,5468,96,892,516.0,0.516
482,5469,96,892,944.0,0.944
587,6256,96,892,516.0,0.516
655,7158,96,892,439.0,0.439
753,8812,96,892,499.0,0.499
757,8850,96,892,499.0,0.499
790,9439,96,892,920.0,0.92
902,23097,96,892,999.0,0.999
918,23476,96,892,457.0,0.457
98,896,97,894,906.0,0.906
104,983,97,894,653.0,0.653
106,1017,97,894,924.0,0.924
108,1019,97,894,999.0,0.999
109,1020,97,894,788.0,0.788
110,1021,97,894,999.0,0.999
439,5111,97,894,610.0,0.61
566,5925,97,894,482.0,0.482
104,983,98,896,670.0,0.67
105,984,98,896,425.0,0.425
106,1017,98,896,978.0,0.978
108,1019,98,896,999.0,0.999
109,1020,98,896,658.0,0.658
110,1021,98,896,999.0,0.999
136,1387,98,896,611.0,0.611
439,5111,98,896,671.0,0.671
451,5218,98,896,774.0,0.774
518,5597,98,896,919.0,0.919
562,5914,98,896,491.0,0.491
566,5925,98,896,633.0,0.633
104,983,99,898,738.0,0.738
106,1017,99,898,999.0,0.999
107,1018,99,898,745.0,0.745
108,1019,99,898,968.0,0.968
109,1020,99,898,725.0,0.725
110,1021,99,898,978.0,0.978
289,2932,99,898,542.0,0.542
439,5111,99,898,651.0,0.651
552,5753,99,898,499.0,0.499
566,5925,99,898,716.0,0.716
612,6597,99,898,457.0,0.457
101,904,100,902,941.0,0.941
102,905,100,902,900.0,0.9
106,1017,100,902,661.0,0.661
111,1022,100,902,999.0,0.999
113,1025,100,902,951.0,0.951
169,1642,100,902,499.0,0.499
216,2099,100,902,566.0,0.566
241,2260,100,902,424.0,0.424
396,4331,100,902,999.0,0.999
439,5111,100,902,900.0,0.9
482,5469,100,902,800.0,0.8
636,6872,100,902,800.0,0.8
654,7157,100,902,746.0,0.746
708,8294,100,902,800.0,0.8
709,8317,100,902,562.0,0.562
711,8359,100,902,800.0,0.8
712,8360,100,902,800.0,0.8
713,8361,100,902,800.0,0.8
714,8364,100,902,800.0,0.8
715,8365,100,902,800.0,0.8
716,8366,100,902,800.0,0.8
717,8367,100,902,800.0,0.8
718,8368,100,902,800.0,0.8
740,8621,100,902,720.0,0.72
746,8731,100,902,499.0,0.499
753,8812,100,902,540.0,0.54
790,9439,100,902,832.0,0.832
816,9978,100,902,499.0,0.499
821,10038,100,902,499.0,0.499
933,25885,100,902,499.0,0.499
983,51755,100,902,807.0,0.807
1102,121504,100,902,800.0,0.8
102,905,101,904,984.0,0.984
104,983,101,904,634.0,0.634
110,1021,101,904,573.0,0.573
111,1022,101,904,942.0,0.942
112,1024,101,904,766.0,0.766
113,1025,101,904,999.0,0.999
184,1859,101,904,435.0,0.435
216,2099,101,904,636.0,0.636
393,4298,101,904,998.0,0.998
396,4331,101,904,900.0,0.9
404,4609,101,904,895.0,0.895
574,6046,101,904,707.0,0.707
639,6921,101,904,900.0,0.9
740,8621,101,904,885.0,0.885
753,8812,101,904,589.0,0.589
918,23476,101,904,988.0,0.988
979,51574,101,904,875.0,0.875
983,51755,101,904,849.0,0.849
111,1022,102,905,900.0,0.9
112,1024,102,905,499.0,0.499
113,1025,102,905,999.0,0.999
393,4298,102,905,981.0,0.981
396,4331,102,905,900.0,0.9
566,5925,102,905,556.0,0.556
639,6921,102,905,900.0,0.9
740,8621,102,905,885.0,0.885
753,8812,102,905,821.0,0.821
918,23476,102,905,862.0,0.862
979,51574,102,905,643.0,0.643
983,51755,102,905,849.0,0.849
106,1017,104,983,991.0,0.991
107,1018,104,983,730.0,0.73
110,1021,104,983,468.0,0.468
111,1022,104,983,470.0,0.47
144,1457,104,983,457.0,0.457
186,1956,104,983,541.0,0.541
197,2033,104,983,442.0,0.442
222,2146,104,983,669.0,0.669
245,2268,104,983,423.0,0.423
278,2810,104,983,630.0,0.63
292,3005,104,983,683.0,0.683
300,3091,104,983,613.0,0.613
315,3320,104,983,803.0,0.803
316,3326,104,983,593.0,0.593
356,3832,104,983,682.0,0.682
369,4067,104,983,745.0,0.745
379,4170,104,983,501.0,0.501
383,4194,104,983,498.0,0.498
439,5111,104,983,677.0,0.677
479,5347,104,983,428.0,0.428
489,5538,104,983,573.0,0.573
515,5594,104,983,616.0,0.616
566,5925,104,983,663.0,0.663
618,6714,104,983,444.0,0.444
630,6790,104,983,654.0,0.654
652,7153,104,983,822.0,0.822
654,7157,104,983,631.0,0.631
655,7158,104,983,467.0,0.467
682,7465,104,983,554.0,0.554
687,7525,104,983,480.0,0.48
713,8361,104,983,458.0,0.458
769,9088,104,983,668.0,0.668
771,9113,104,983,777.0,0.777
774,9133,104,983,999.0,0.999
779,9212,104,983,851.0,0.851
835,10309,104,983,546.0,0.546
858,10733,104,983,582.0,0.582
867,10971,104,983,581.0,0.581
874,11140,104,983,476.0,0.476
918,23476,104,983,457.0,0.457
1022,55872,104,983,537.0,0.537
315,3320,105,984,457.0,0.457
435,5058,105,984,457.0,0.457
874,11140,105,984,457.0,0.457
107,1018,106,1017,875.0,0.875
108,1019,106,1017,998.0,0.998
109,1020,106,1017,921.0,0.921
110,1021,106,1017,998.0,0.998
111,1022,106,1017,470.0,0.47
136,1387,106,1017,587.0,0.587
186,1956,106,1017,418.0,0.418
197,2033,106,1017,648.0,0.648
278,2810,106,1017,892.0,0.892
289,2932,106,1017,724.0,0.724
292,3005,106,1017,476.0,0.476
300,3091,106,1017,461.0,0.461
315,3320,106,1017,537.0,0.537
399,4361,106,1017,630.0,0.63
415,4738,106,1017,821.0,0.821
422,4869,106,1017,462.0,0.462
439,5111,106,1017,602.0,0.602
454,5241,106,1017,631.0,0.631
552,5753,106,1017,502.0,0.502
566,5925,106,1017,781.0,0.781
630,6790,106,1017,664.0,0.664
654,7157,106,1017,657.0,0.657
682,7465,106,1017,967.0,0.967
709,8317,106,1017,716.0,0.716
710,8318,106,1017,756.0,0.756
758,8851,106,1017,457.0,0.457
771,9113,106,1017,585.0,0.585
774,9133,106,1017,889.0,0.889
816,9978,106,1017,878.0,0.878
835,10309,106,1017,876.0,0.876
865,10926,106,1017,742.0,0.742
1101,120892,106,1017,459.0,0.459
1130,225689,106,1017,435.0,0.435
108,1019,107,1018,755.0,0.755
109,1020,107,1018,594.0,0.594
566,5925,107,1018,457.0,0.457
835,10309,107,1018,642.0,0.642
109,1020,108,1019,662.0,0.662
110,1021,108,1019,999.0,0.999
112,1024,108,1019,540.0,0.54
113,1025,108,1019,540.0,0.54
278,2810,108,1019,771.0,0.771
283,2872,108,1019,432.0,0.432
286,2908,108,1019,455.0,0.455
315,3320,108,1019,985.0,0.985
316,3326,108,1019,998.0,0.998
404,4609,108,1019,588.0,0.588
439,5111,108,1019,857.0,0.857
479,5347,108,1019,452.0,0.452
482,5469,108,1019,540.0,0.54
552,5753,108,1019,502.0,0.502
560,5888,108,1019,800.0,0.8
566,5925,108,1019,960.0,0.96
654,7157,108,1019,457.0,0.457
709,8317,108,1019,719.0,0.719
710,8318,108,1019,423.0,0.423
713,8361,108,1019,511.0,0.511
740,8621,108,1019,420.0,0.42
753,8812,108,1019,418.0,0.418
790,9439,108,1019,540.0,0.54
841,10419,108,1019,864.0,0.864
874,11140,108,1019,999.0,0.999
902,23097,108,1019,540.0,0.54
180,1786,109,1020,517.0,0.517
264,2534,109,1020,624.0,0.624
267,2580,109,1020,781.0,0.781
292,3005,109,1020,534.0,0.534
425,4915,109,1020,499.0,0.499
439,5111,109,1020,667.0,0.667
440,5127,109,1020,547.0,0.547
451,5218,109,1020,521.0,0.521
481,5468,109,1020,609.0,0.609
654,7157,109,1020,757.0,0.757
758,8851,109,1020,999.0,0.999
835,10309,109,1020,494.0,0.494
924,23621,109,1020,434.0,0.434
1101,120892,109,1020,457.0,0.457
112,1024,110,1021,540.0,0.54
113,1025,110,1021,540.0,0.54
306,3178,110,1021,523.0,0.523
439,5111,110,1021,498.0,0.498
482,5469,110,1021,540.0,0.54
566,5925,110,1021,712.0,0.712
625,6774,110,1021,730.0,0.73
790,9439,110,1021,540.0,0.54
874,11140,110,1021,824.0,0.824
902,23097,110,1021,540.0,0.54
941,27102,110,1021,571.0,0.571
112,1024,111,1022,417.0,0.417
113,1025,111,1022,978.0,0.978
169,1642,111,1022,499.0,0.499
197,2033,111,1022,416.0,0.416
216,2099,111,1022,584.0,0.584
297,3066,111,1022,545.0,0.545
396,4331,111,1022,999.0,0.999
439,5111,111,1022,900.0,0.9
482,5469,111,1022,800.0,0.8
636,6872,111,1022,817.0,0.817
654,7157,111,1022,638.0,0.638
708,8294,111,1022,800.0,0.8
709,8317,111,1022,522.0,0.522
711,8359,111,1022,800.0,0.8
712,8360,111,1022,800.0,0.8
713,8361,111,1022,800.0,0.8
714,8364,111,1022,800.0,0.8
715,8365,111,1022,800.0,0.8
716,8366,111,1022,800.0,0.8
717,8367,111,1022,800.0,0.8
718,8368,111,1022,800.0,0.8
740,8621,111,1022,720.0,0.72
746,8731,111,1022,499.0,0.499
753,8812,111,1022,685.0,0.685
790,9439,111,1022,800.0,0.8
802,9641,111,1022,629.0,0.629
816,9978,111,1022,499.0,0.499
821,10038,111,1022,499.0,0.499
874,11140,111,1022,439.0,0.439
918,23476,111,1022,805.0,0.805
933,25885,111,1022,545.0,0.545
983,51755,111,1022,720.0,0.72
1102,121504,111,1022,800.0,0.8
113,1025,112,1024,739.0,0.739
136,1387,112,1024,630.0,0.63
197,2033,112,1024,499.0,0.499
300,3091,112,1024,710.0,0.71
481,5468,112,1024,516.0,0.516
482,5469,112,1024,965.0,0.965
574,6046,112,1024,420.0,0.42
587,6256,112,1024,516.0,0.516
655,7158,112,1024,459.0,0.459
753,8812,112,1024,499.0,0.499
757,8850,112,1024,677.0,0.677
790,9439,112,1024,944.0,0.944
902,23097,112,1024,988.0,0.988
918,23476,112,1024,486.0,0.486
144,1457,113,1025,422.0,0.422
146,1460,113,1025,420.0,0.42
171,1650,113,1025,420.0,0.42
197,2033,113,1025,409.0,0.409
216,2099,113,1025,499.0,0.499
250,2289,113,1025,457.0,0.457
306,3178,113,1025,420.0,0.42
312,3312,113,1025,408.0,0.408
315,3320,113,1025,673.0,0.673
393,4298,113,1025,995.0,0.995
396,4331,113,1025,900.0,0.9
404,4609,113,1025,540.0,0.54
477,5339,113,1025,457.0,0.457
482,5469,113,1025,872.0,0.872
486,5499,113,1025,418.0,0.418
512,5591,113,1025,457.0,0.457
566,5925,113,1025,457.0,0.457
571,5970,113,1025,712.0,0.712
574,6046,113,1025,746.0,0.746
625,6774,113,1025,734.0,0.734
639,6921,113,1025,900.0,0.9
654,7157,113,1025,588.0,0.588
740,8621,113,1025,819.0,0.819
753,8812,113,1025,994.0,0.994
790,9439,113,1025,685.0,0.685
874,11140,113,1025,724.0,0.724
902,23097,113,1025,660.0,0.66
918,23476,113,1025,989.0,0.989
979,51574,113,1025,893.0,0.893
983,51755,113,1025,847.0,0.847
1042,64223,113,1025,426.0,0.426
258,2348,114,1075,499.0,0.499
310,3297,115,1080,499.0,0.499
312,3312,115,1080,782.0,0.782
314,3315,115,1080,513.0,0.513
315,3320,115,1080,932.0,0.932
316,3326,115,1080,889.0,0.889
491,5562,115,1080,457.0,0.457
494,5565,115,1080,406.0,0.406
495,5566,115,1080,548.0,0.548
604,6531,115,1080,420.0,0.42
670,7329,115,1080,457.0,0.457
676,7415,115,1080,716.0,0.716
679,7430,115,1080,771.0,0.771
688,7529,115,1080,907.0,0.907
689,7532,115,1080,901.0,0.901
691,7534,115,1080,901.0,0.901
770,9100,115,1080,830.0,0.83
787,9368,115,1080,999.0,0.999
818,10013,115,1080,660.0,0.66
832,10257,115,1080,574.0,0.574
1110,140735,115,1080,499.0,0.499
144,1457,116,1111,527.0,0.527
169,1642,116,1111,457.0,0.457
180,1786,116,1111,457.0,0.457
315,3320,116,1111,586.0,0.586
316,3326,116,1111,696.0,0.696
355,3815,116,1111,499.0,0.499
383,4194,116,1111,457.0,0.457
512,5591,116,1111,420.0,0.42
560,5888,116,1111,903.0,0.903
654,7157,116,1111,457.0,0.457
655,7158,116,1111,687.0,0.687
688,7529,116,1111,432.0,0.432
691,7534,116,1111,409.0,0.409
697,7874,116,1111,457.0,0.457
938,26524,116,1111,457.0,0.457
118,1129,117,1128,900.0,0.9
119,1131,117,1128,900.0,0.9
121,1133,117,1128,900.0,0.9
120,1132,118,1129,400.0,0.4
128,1213,118,1129,499.0,0.499
889,22848,118,1129,499.0,0.499
121,1133,119,1131,929.0,0.929
128,1213,123,1147,475.0,0.475
136,1387,123,1147,457.0,0.457
137,1432,123,1147,408.0,0.408
181,1794,123,1147,583.0,0.583
197,2033,123,1147,559.0,0.559
216,2099,123,1147,590.0,0.59
249,2288,123,1147,739.0,0.739
250,2289,123,1147,909.0,0.909
262,2475,123,1147,457.0,0.457
314,3315,123,1147,535.0,0.535
315,3320,123,1147,976.0,0.976
316,3326,123,1147,957.0,0.957
330,3551,123,1147,999.0,0.999
342,3654,123,1147,992.0,0.992
384,4214,123,1147,457.0,0.457
385,4215,123,1147,513.0,0.513
404,4609,123,1147,731.0,0.731
420,4790,123,1147,873.0,0.873
500,5578,123,1147,531.0,0.531
501,5579,123,1147,596.0,0.596
510,5588,123,1147,521.0,0.521
529,5608,123,1147,428.0,0.428
531,5610,123,1147,652.0,0.652
571,5970,123,1147,836.0,0.836
581,6195,123,1147,506.0,0.506
618,6714,123,1147,604.0,0.604
637,6885,123,1147,885.0,0.885
649,7099,123,1147,499.0,0.499
650,7124,123,1147,861.0,0.861
654,7157,123,1147,615.0,0.615
747,8737,123,1147,981.0,0.981
801,9612,123,1147,457.0,0.457
802,9641,123,1147,929.0,0.929
843,10454,123,1147,804.0,0.804
874,11140,123,1147,882.0,0.882
954,29110,123,1147,919.0,0.919
1081,84451,123,1147,477.0,0.477
1132,253260,123,1147,512.0,0.512
126,1196,125,1195,597.0,0.597
622,6733,125,1195,457.0,0.457
1035,57396,125,1195,900.0,0.9
127,1198,126,1196,534.0,0.534
622,6733,126,1196,422.0,0.422
762,8899,126,1196,483.0,0.483
250,2289,127,1198,420.0,0.42
622,6733,127,1198,457.0,0.457
690,7533,127,1198,445.0,0.445
691,7534,127,1198,483.0,0.483
785,9360,127,1198,585.0,0.585
979,51574,127,1198,420.0,0.42
179,1785,128,1213,536.0,0.536
186,1956,128,1213,499.0,0.499
204,2047,128,1213,499.0,0.499
205,2048,128,1213,499.0,0.499
206,2049,128,1213,499.0,0.499
207,2050,128,1213,499.0,0.499
208,2051,128,1213,499.0,0.499
267,2580,128,1213,962.0,0.962
285,2885,128,1213,496.0,0.496
312,3312,128,1213,691.0,0.691
330,3551,128,1213,554.0,0.554
422,4869,128,1213,708.0,0.708
424,4914,128,1213,509.0,0.509
458,5286,128,1213,778.0,0.778
462,5290,128,1213,551.0,0.551
467,5295,128,1213,400.0,0.4
515,5594,128,1213,499.0,0.499
581,6195,128,1213,499.0,0.499
582,6196,128,1213,499.0,0.499
583,6197,128,1213,499.0,0.499
625,6774,128,1213,499.0,0.499
637,6885,128,1213,471.0,0.471
763,8986,128,1213,499.0,0.499
780,9252,128,1213,499.0,0.499
793,9451,128,1213,400.0,0.4
830,10188,128,1213,616.0,0.616
889,22848,128,1213,586.0,0.586
918,23476,128,1213,457.0,0.457
944,27330,128,1213,499.0,0.499
946,27436,128,1213,400.0,0.4
979,51574,128,1213,457.0,0.457
1101,120892,128,1213,457.0,0.457
264,2534,129,1215,916.0,0.916
787,9368,130,1244,658.0,0.658
300,3091,131,1263,457.0,0.457
561,5894,131,1263,904.0,0.904
652,7153,131,1263,418.0,0.418
654,7157,131,1263,457.0,0.457
756,8844,131,1263,834.0,0.834
880,11200,131,1263,539.0,0.539
420,4790,133,1326,944.0,0.944
525,5604,133,1326,457.0,0.457
571,5970,133,1326,703.0,0.703
229,2181,135,1374,754.0,0.754
144,1457,136,1387,439.0,0.439
147,1488,136,1387,445.0,0.445
184,1859,136,1387,457.0,0.457
197,2033,136,1387,998.0,0.998
216,2099,136,1387,938.0,0.938
221,2130,136,1387,552.0,0.552
240,2247,136,1387,523.0,0.523
241,2260,136,1387,753.0,0.753
286,2908,136,1387,630.0,0.63
296,3065,136,1387,578.0,0.578
297,3066,136,1387,533.0,0.533
300,3091,136,1387,999.0,0.999
304,3146,136,1387,528.0,0.528
308,3276,136,1387,671.0,0.671
330,3551,136,1387,542.0,0.542
357,3838,136,1387,682.0,0.682
382,4193,136,1387,627.0,0.627
404,4609,136,1387,628.0,0.628
419,4780,136,1387,845.0,0.845
420,4790,136,1387,785.0,0.785
481,5468,136,1387,992.0,0.992
482,5469,136,1387,478.0,0.478
515,5594,136,1387,653.0,0.653
516,5595,136,1387,457.0,0.457
520,5599,136,1387,584.0,0.584
522,5601,136,1387,445.0,0.445
562,5914,136,1387,711.0,0.711
565,5917,136,1387,414.0,0.414
568,5928,136,1387,480.0,0.48
571,5970,136,1387,996.0,0.996
581,6195,136,1387,755.0,0.755
587,6256,136,1387,953.0,0.953
588,6257,136,1387,650.0,0.65
589,6258,136,1387,650.0,0.65
612,6597,136,1387,853.0,0.853
618,6714,136,1387,888.0,0.888
625,6774,136,1387,633.0,0.633
626,6776,136,1387,907.0,0.907
654,7157,136,1387,999.0,0.999
655,7158,136,1387,439.0,0.439
670,7329,136,1387,511.0,0.511
697,7874,136,1387,489.0,0.489
708,8294,136,1387,900.0,0.9
711,8359,136,1387,900.0,0.9
712,8360,136,1387,900.0,0.9
713,8361,136,1387,960.0,0.96
714,8364,136,1387,900.0,0.9
715,8365,136,1387,900.0,0.9
716,8366,136,1387,900.0,0.9
717,8367,136,1387,900.0,0.9
718,8368,136,1387,900.0,0.9
757,8850,136,1387,997.0,0.997
790,9439,136,1387,517.0,0.517
800,9611,136,1387,466.0,0.466
848,10498,136,1387,822.0,0.822
849,10521,136,1387,554.0,0.554
902,23097,136,1387,499.0,0.499
918,23476,136,1387,433.0,0.433
950,28996,136,1387,545.0,0.545
981,51701,136,1387,507.0,0.507
1102,121504,136,1387,900.0,0.9
144,1457,137,1432,426.0,0.426
146,1460,137,1432,420.0,0.42
183,1843,137,1432,915.0,0.915
186,1956,137,1432,583.0,0.583
197,2033,137,1432,457.0,0.457
283,2872,137,1432,548.0,0.548
289,2932,137,1432,487.0,0.487
291,2950,137,1432,548.0,0.548
300,3091,137,1432,432.0,0.432
307,3265,137,1432,480.0,0.48
314,3315,137,1432,510.0,0.51
330,3551,137,1432,420.0,0.42
348,3718,137,1432,420.0,0.42
358,3845,137,1432,684.0,0.684
404,4609,137,1432,476.0,0.476
420,4790,137,1432,405.0,0.405
507,5585,137,1432,742.0,0.742
515,5594,137,1432,804.0,0.804
516,5595,137,1432,765.0,0.765
527,5606,137,1432,926.0,0.926
529,5608,137,1432,963.0,0.963
566,5925,137,1432,457.0,0.457
571,5970,137,1432,621.0,0.621
583,6197,137,1432,547.0,0.547
596,6416,137,1432,751.0,0.751
618,6714,137,1432,454.0,0.454
644,7046,137,1432,523.0,0.523
654,7157,137,1432,632.0,0.632
696,7867,137,1432,916.0,0.916
732,8550,137,1432,786.0,0.786
736,8569,137,1432,621.0,0.621
763,8986,137,1432,457.0,0.457
780,9252,137,1432,457.0,0.457
781,9261,137,1432,998.0,0.998
843,10454,137,1432,996.0,0.996
855,10645,137,1432,545.0,0.545
945,27347,137,1432,455.0,0.455
985,51776,137,1432,598.0,0.598
1095,91807,137,1432,436.0,0.436
186,1956,138,1436,536.0,0.536
264,2534,138,1436,630.0,0.63
285,2885,138,1436,868.0,0.868
295,3055,138,1436,761.0,0.761
338,3635,138,1436,499.0,0.499
339,3636,138,1436,499.0,0.499
369,4067,138,1436,630.0,0.63
462,5290,138,1436,630.0,0.63
463,5291,138,1436,499.0,0.499
466,5294,138,1436,499.0,0.499
467,5295,138,1436,835.0,0.835
617,6654,138,1436,630.0,0.63
618,6714,138,1436,684.0,0.684
625,6774,138,1436,499.0,0.499
649,7099,138,1436,418.0,0.418
687,7525,138,1436,630.0,0.63
186,1956,139,1445,677.0,0.677
212,2065,139,1445,616.0,0.616
216,2099,139,1445,722.0,0.722
217,2100,139,1445,474.0,0.474
253,2322,139,1445,499.0,0.499
261,2444,139,1445,555.0,0.555
264,2534,139,1445,809.0,0.809
285,2885,139,1445,428.0,0.428
307,3265,139,1445,499.0,0.499
315,3320,139,1445,505.0,0.505
316,3326,139,1445,505.0,0.505
343,3690,139,1445,416.0,0.416
358,3845,139,1445,499.0,0.499
359,3932,139,1445,799.0,0.799
375,4140,139,1445,400.0,0.4
378,4145,139,1445,538.0,0.538
454,5241,139,1445,423.0,0.423
515,5594,139,1445,499.0,0.499
516,5595,139,1445,499.0,0.499
525,5604,139,1445,506.0,0.506
526,5605,139,1445,506.0,0.506
551,5747,139,1445,443.0,0.443
561,5894,139,1445,499.0,0.499
618,6714,139,1445,995.0,0.995
625,6774,139,1445,512.0,0.512
688,7529,139,1445,584.0,0.584
756,8844,139,1445,400.0,0.4
787,9368,139,1445,513.0,0.513
141,1453,140,1452,515.0,0.515
288,2931,140,1452,984.0,0.984
289,2932,140,1452,997.0,0.997
315,3320,140,1452,457.0,0.457
382,4193,140,1452,862.0,0.862
383,4194,140,1452,791.0,0.791
587,6256,140,1452,412.0,0.412
613,6608,140,1452,799.0,0.799
614,6622,140,1452,457.0,0.457
654,7157,140,1452,632.0,0.632
691,7534,140,1452,408.0,0.408
816,9978,140,1452,499.0,0.499
968,51185,140,1452,985.0,0.985
1103,122011,140,1452,677.0,0.677
1110,140735,140,1452,420.0,0.42
180,1786,141,1453,424.0,0.424
382,4193,141,1453,457.0,0.457
495,5566,141,1453,909.0,0.909
496,5567,141,1453,900.0,0.9
497,5568,141,1453,900.0,0.9
614,6622,141,1453,548.0,0.548
654,7157,141,1453,542.0,0.542
924,23621,141,1453,400.0,0.4
143,1456,142,1455,509.0,0.509
495,5566,142,1455,900.0,0.9
496,5567,142,1455,900.0,0.9
497,5568,142,1455,900.0,0.9
989,53944,142,1455,735.0,0.735
495,5566,143,1456,900.0,0.9
496,5567,143,1456,900.0,0.9
497,5568,143,1456,900.0,0.9
989,53944,143,1456,685.0,0.685
145,1459,144,1457,962.0,0.962
146,1460,144,1457,999.0,0.999
296,3065,144,1457,884.0,0.884
297,3066,144,1457,876.0,0.876
315,3320,144,1457,457.0,0.457
382,4193,144,1457,457.0,0.457
515,5594,144,1457,422.0,0.422
568,5928,144,1457,815.0,0.815
571,5970,144,1457,422.0,0.422
574,6046,144,1457,566.0,0.566
614,6622,144,1457,457.0,0.457
652,7153,144,1457,611.0,0.611
654,7157,144,1457,659.0,0.659
697,7874,144,1457,493.0,0.493
700,8019,144,1457,424.0,0.424
725,8473,144,1457,972.0,0.972
755,8841,144,1457,463.0,0.463
788,9373,144,1457,424.0,0.424
874,11140,144,1457,422.0,0.422
896,23028,144,1457,457.0,0.457
915,23411,144,1457,457.0,0.457
918,23476,144,1457,459.0,0.459
922,23613,144,1457,564.0,0.564
933,25885,144,1457,448.0,0.448
1051,65980,144,1457,420.0,0.42
1065,80312,144,1457,540.0,0.54
1071,83732,144,1457,422.0,0.422
1136,283106,144,1457,900.0,0.9
1155,728642,144,1457,435.0,0.435
146,1460,145,1459,988.0,0.988
315,3320,145,1459,511.0,0.511
515,5594,145,1459,726.0,0.726
574,6046,145,1459,566.0,0.566
654,7157,145,1459,622.0,0.622
700,8019,145,1459,566.0,0.566
918,23476,145,1459,459.0,0.459
922,23613,145,1459,564.0,0.564
943,27154,145,1459,560.0,0.56
979,51574,145,1459,457.0,0.457
1136,283106,145,1459,900.0,0.9
1155,728642,145,1459,435.0,0.435
330,3551,146,1460,420.0,0.42
369,4067,146,1460,420.0,0.42
472,5305,146,1460,451.0,0.451
574,6046,146,1460,575.0,0.575
581,6195,146,1460,617.0,0.617
582,6196,146,1460,544.0,0.544
583,6197,146,1460,491.0,0.491
652,7153,146,1460,600.0,0.6
653,7155,146,1460,408.0,0.408
654,7157,146,1460,473.0,0.473
682,7465,146,1460,457.0,0.457
700,8019,146,1460,420.0,0.42
788,9373,146,1460,447.0,0.447
918,23476,146,1460,457.0,0.457
922,23613,146,1460,461.0,0.461
979,51574,146,1460,457.0,0.457
1060,79837,146,1460,420.0,0.42
1136,283106,146,1460,941.0,0.941
1155,728642,146,1460,435.0,0.435
197,2033,147,1488,890.0,0.89
296,3065,147,1488,950.0,0.95
297,3066,147,1488,953.0,0.953
382,4193,147,1488,793.0,0.793
757,8850,147,1488,606.0,0.606
776,9149,147,1488,598.0,0.598
803,9656,147,1488,439.0,0.439
806,9734,147,1488,436.0,0.436
864,10919,147,1488,478.0,0.478
896,23028,147,1488,685.0,0.685
906,23186,147,1488,863.0,0.863
950,28996,147,1488,439.0,0.439
533,5644,148,1504,569.0,0.569
152,1514,149,1508,929.0,0.929
475,5327,149,1508,540.0,0.54
476,5328,149,1508,601.0,0.601
478,5340,149,1508,405.0,0.405
302,3098,150,1509,434.0,0.434
476,5328,150,1509,424.0,0.424
691,7534,150,1509,418.0,0.418
192,1991,151,1511,988.0,0.988
304,3146,151,1511,410.0,0.41
398,4353,151,1511,982.0,0.982
159,1576,153,1544,900.0,0.9
236,2235,153,1544,575.0,0.575
268,2597,153,1544,980.0,0.98
157,1559,154,1555,900.0,0.9
156,1558,155,1557,927.0,0.927
157,1559,155,1557,967.0,0.967
157,1559,156,1558,900.0,0.9
158,1565,157,1559,705.0,0.705
160,1577,159,1576,935.0,0.935
671,7364,159,1576,856.0,0.856
1023,56603,163,1592,900.0,0.9
165,1613,164,1612,913.0,0.913
194,2011,164,1612,442.0,0.442
364,3984,164,1612,412.0,0.412
374,4139,164,1612,433.0,0.433
516,5595,164,1612,720.0,0.72
654,7157,164,1612,671.0,0.671
825,10097,164,1612,418.0,0.418
921,23604,164,1612,900.0,0.9
286,2908,165,1613,452.0,0.452
382,4193,165,1613,457.0,0.457
511,5590,165,1613,559.0,0.559
921,23604,165,1613,900.0,0.9
409,4698,167,1633,532.0,0.532
410,4716,167,1633,498.0,0.498
411,4719,167,1633,485.0,0.485
412,4720,167,1633,505.0,0.505
413,4722,167,1633,426.0,0.426
414,4729,167,1633,432.0,0.432
423,4907,167,1633,900.0,0.9
965,51079,167,1633,428.0,0.428
405,4627,168,1636,508.0,0.508
180,1786,169,1642,457.0,0.457
197,2033,169,1642,810.0,0.81
262,2475,169,1642,734.0,0.734
296,3065,169,1642,566.0,0.566
297,3066,169,1642,457.0,0.457
382,4193,169,1642,508.0,0.508
384,4214,169,1642,422.0,0.422
396,4331,169,1642,499.0,0.499
404,4609,169,1642,420.0,0.42
415,4738,169,1642,565.0,0.565
439,5111,169,1642,630.0,0.63
568,5928,169,1642,510.0,0.51
569,5929,169,1642,748.0,0.748
658,7182,169,1642,462.0,0.462
708,8294,169,1642,800.0,0.8
711,8359,169,1642,800.0,0.8
712,8360,169,1642,800.0,0.8
713,8361,169,1642,886.0,0.886
714,8364,169,1642,800.0,0.8
715,8365,169,1642,800.0,0.8
716,8366,169,1642,800.0,0.8
717,8367,169,1642,800.0,0.8
718,8368,169,1642,800.0,0.8
724,8445,169,1642,812.0,0.812
753,8812,169,1642,859.0,0.859
796,9493,169,1642,519.0,0.519
801,9612,169,1642,410.0,0.41
816,9978,169,1642,999.0,0.999
821,10038,169,1642,577.0,0.577
872,11091,169,1642,742.0,0.742
968,51185,169,1642,999.0,0.999
983,51755,169,1642,951.0,0.951
1101,120892,169,1642,457.0,0.457
1102,121504,169,1642,800.0,0.8
677,7417,171,1650,418.0,0.418
173,1654,172,1653,420.0,0.42
193,1994,172,1653,466.0,0.466
399,4361,172,1653,424.0,0.424
188,1973,173,1654,664.0,0.664
189,1974,173,1654,475.0,0.475
190,1977,173,1654,979.0,0.979
191,1981,173,1654,935.0,0.935
306,3178,173,1654,547.0,0.547
315,3320,173,1654,403.0,0.403
316,3326,173,1654,414.0,0.414
334,3614,173,1654,570.0,0.57
654,7157,173,1654,485.0,0.485
686,7514,173,1654,954.0,0.954
706,8239,173,1654,425.0,0.425
802,9641,173,1654,989.0,0.989
849,10521,173,1654,755.0,0.755
940,26986,173,1654,800.0,0.8
954,29110,173,1654,998.0,0.998
1101,120892,173,1654,457.0,0.457
317,3329,175,1719,458.0,0.458
654,7157,175,1719,527.0,0.527
668,7298,175,1719,968.0,0.968
290,2936,177,1737,514.0,0.514
389,4282,177,1737,610.0,0.61
412,4720,177,1737,471.0,0.471
448,5163,177,1737,679.0,0.679
626,6776,177,1737,698.0,0.698
666,7296,177,1737,514.0,0.514
702,8050,177,1737,994.0,0.994
618,6714,178,1760,483.0,0.483
285,2885,179,1785,651.0,0.651
446,5156,179,1785,632.0,0.632
551,5747,179,1785,514.0,0.514
615,6624,179,1785,418.0,0.418
618,6714,179,1785,780.0,0.78
222,2146,180,1786,995.0,0.995
296,3065,180,1786,998.0,0.998
297,3066,180,1786,997.0,0.997
404,4609,180,1786,406.0,0.406
439,5111,180,1786,966.0,0.966
562,5914,180,1786,627.0,0.627
566,5925,180,1786,457.0,0.457
568,5928,180,1786,670.0,0.67
625,6774,180,1786,885.0,0.885
631,6792,180,1786,675.0,0.675
654,7157,180,1786,984.0,0.984
658,7182,180,1786,758.0,0.758
674,7403,180,1786,631.0,0.631
697,7874,180,1786,993.0,0.993
713,8361,180,1786,685.0,0.685
800,9611,180,1786,825.0,0.825
864,10919,180,1786,990.0,0.99
876,11176,180,1786,810.0,0.81
887,11335,180,1786,631.0,0.631
896,23028,180,1786,988.0,0.988
915,23411,180,1786,741.0,0.741
918,23476,180,1786,457.0,0.457
1056,79723,180,1786,494.0,0.494
1058,79813,180,1786,759.0,0.759
1068,80854,180,1786,753.0,0.753
1082,84456,180,1786,514.0,0.514
342,3654,181,1794,611.0,0.611
559,5879,181,1794,852.0,0.852
318,3350,182,1813,414.0,0.414
319,3356,182,1813,724.0,0.724
472,5305,182,1813,431.0,0.431
604,6531,182,1813,925.0,0.925
623,6755,182,1813,654.0,0.654
186,1956,183,1843,443.0,0.443
296,3065,183,1843,609.0,0.609
515,5594,183,1843,708.0,0.708
516,5595,183,1843,705.0,0.705
520,5599,183,1843,665.0,0.665
521,5600,183,1843,458.0,0.458
590,6300,183,1843,457.0,0.457
940,26986,183,1843,520.0,0.52
197,2033,184,1859,457.0,0.457
255,2339,184,1859,457.0,0.457
256,2342,184,1859,530.0,0.53
289,2932,184,1859,728.0,0.728
495,5566,184,1859,514.0,0.514
496,5567,184,1859,514.0,0.514
566,5925,184,1859,457.0,0.457
580,6098,184,1859,432.0,0.432
688,7529,184,1859,457.0,0.457
690,7533,184,1859,420.0,0.42
874,11140,184,1859,435.0,0.435
1110,140735,184,1859,457.0,0.457
379,4170,185,1909,443.0,0.443
187,1969,186,1956,839.0,0.839
195,2023,186,1956,846.0,0.846
207,2050,186,1956,555.0,0.555
211,2064,186,1956,999.0,0.999
212,2065,186,1956,999.0,0.999
213,2066,186,1956,991.0,0.991
216,2099,186,1956,850.0,0.85
230,2185,186,1956,677.0,0.677
238,2241,186,1956,541.0,0.541
240,2247,186,1956,645.0,0.645
245,2268,186,1956,564.0,0.564
257,2346,186,1956,437.0,0.437
261,2444,186,1956,523.0,0.523
264,2534,186,1956,727.0,0.727
268,2597,186,1956,528.0,0.528
276,2773,186,1956,457.0,0.457
278,2810,186,1956,523.0,0.523
285,2885,186,1956,999.0,0.999
286,2908,186,1956,752.0,0.752
291,2950,186,1956,470.0,0.47
295,3055,186,1956,523.0,0.523
296,3065,186,1956,566.0,0.566
307,3265,186,1956,648.0,0.648
311,3309,186,1956,629.0,0.629
312,3312,186,1956,659.0,0.659
313,3313,186,1956,400.0,0.4
314,3315,186,1956,615.0,0.615
315,3320,186,1956,993.0,0.993
316,3326,186,1956,989.0,0.989
328,3480,186,1956,974.0,0.974
331,3553,186,1956,678.0,0.678
332,3569,186,1956,806.0,0.806
339,3636,186,1956,514.0,0.514
344,3702,186,1956,523.0,0.523
346,3716,186,1956,832.0,0.832
347,3717,186,1956,828.0,0.828
348,3718,186,1956,699.0,0.699
351,3752,186,1956,403.0,0.403
354,3791,186,1956,657.0,0.657
358,3845,186,1956,457.0,0.457
362,3956,186,1956,422.0,0.422
369,4067,186,1956,523.0,0.523
378,4145,186,1956,630.0,0.63
385,4215,186,1956,523.0,0.523
388,4233,186,1956,980.0,0.98
395,4323,186,1956,506.0,0.506
401,4486,186,1956,699.0,0.699
420,4790,186,1956,523.0,0.523
425,4915,186,1956,782.0,0.782
434,5052,186,1956,541.0,0.541
435,5058,186,1956,523.0,0.523
446,5156,186,1956,960.0,0.96
447,5159,186,1956,997.0,0.997
459,5287,186,1956,660.0,0.66
462,5290,186,1956,899.0,0.899
463,5291,186,1956,650.0,0.65
464,5292,186,1956,523.0,0.523
467,5295,186,1956,944.0,0.944
468,5296,186,1956,696.0,0.696
481,5468,186,1956,622.0,0.622
495,5566,186,1956,457.0,0.457
500,5578,186,1956,815.0,0.815
503,5581,186,1956,523.0,0.523
511,5590,186,1956,545.0,0.545
512,5591,186,1956,882.0,0.882
520,5599,186,1956,687.0,0.687
522,5601,186,1956,523.0,0.523
526,5605,186,1956,403.0,0.403
551,5747,186,1956,982.0,0.982
552,5753,186,1956,981.0,0.981
561,5894,186,1956,644.0,0.644
572,5979,186,1956,523.0,0.523
601,6510,186,1956,456.0,0.456
614,6622,186,1956,523.0,0.523
617,6654,186,1956,948.0,0.948
618,6714,186,1956,991.0,0.991
625,6774,186,1956,968.0,0.968
626,6776,186,1956,920.0,0.92
650,7124,186,1956,653.0,0.653
659,7184,186,1956,457.0,0.457
662,7276,186,1956,478.0,0.478
665,7295,186,1956,509.0,0.509
667,7297,186,1956,724.0,0.724
679,7430,186,1956,766.0,0.766
687,7525,186,1956,739.0,0.739
688,7529,186,1956,523.0,0.523
691,7534,186,1956,609.0,0.609
692,7535,186,1956,726.0,0.726
694,7846,186,1956,523.0,0.523
747,8737,186,1956,604.0,0.604
787,9368,186,1956,793.0,0.793
818,10013,186,1956,674.0,0.674
830,10188,186,1956,541.0,0.541
843,10454,186,1956,541.0,0.541
867,10971,186,1956,523.0,0.523
874,11140,186,1956,763.0,0.763
879,11184,186,1956,523.0,0.523
926,23678,186,1956,439.0,0.439
977,51564,186,1956,564.0,0.564
1071,83732,186,1956,541.0,0.541
1101,120892,186,1956,499.0,0.499
1132,253260,186,1956,408.0,0.408
198,2041,187,1969,974.0,0.974
199,2042,187,1969,512.0,0.512
200,2043,187,1969,789.0,0.789
201,2044,187,1969,649.0,0.649
202,2045,187,1969,730.0,0.73
203,2046,187,1969,477.0,0.477
204,2047,187,1969,606.0,0.606
205,2048,187,1969,771.0,0.771
206,2049,187,1969,639.0,0.639
207,2050,187,1969,772.0,0.772
208,2051,187,1969,674.0,0.674
211,2064,187,1969,720.0,0.72
285,2885,187,1969,863.0,0.863
296,3065,187,1969,424.0,0.424
328,3480,187,1969,403.0,0.403
339,3636,187,1969,998.0,0.998
369,4067,187,1969,752.0,0.752
467,5295,187,1969,420.0,0.42
527,5606,187,1969,430.0,0.43
551,5747,187,1969,559.0,0.559
559,5879,187,1969,543.0,0.543
618,6714,187,1969,589.0,0.589
1139,285220,187,1969,822.0,0.822
189,1974,188,1973,988.0,0.988
190,1977,188,1973,999.0,0.999
191,1981,188,1973,999.0,0.999
422,4869,188,1973,437.0,0.437
638,6897,188,1973,400.0,0.4
681,7458,188,1973,991.0,0.991
736,8569,188,1973,668.0,0.668
916,23435,188,1973,468.0,0.468
918,23476,188,1973,457.0,0.457
940,26986,188,1973,995.0,0.995
190,1977,189,1974,997.0,0.997
191,1981,189,1974,999.0,0.999
681,7458,189,1974,973.0,0.973
736,8569,189,1974,668.0,0.668
940,26986,189,1974,993.0,0.993
191,1981,190,1977,999.0,0.999
300,3091,190,1977,456.0,0.456
584,6198,190,1977,729.0,0.729
638,6897,190,1977,458.0,0.458
681,7458,190,1977,960.0,0.96
736,8569,190,1977,461.0,0.461
746,8731,190,1977,900.0,0.9
940,26986,190,1977,998.0,0.998
193,1994,191,1981,578.0,0.578
283,2872,191,1981,570.0,0.57
312,3312,191,1981,871.0,0.871
314,3315,191,1981,986.0,0.986
487,5520,191,1981,499.0,0.499
546,5696,191,1981,429.0,0.429
586,6240,191,1981,687.0,0.687
681,7458,191,1981,973.0,0.973
704,8087,191,1981,586.0,0.586
736,8569,191,1981,938.0,0.938
770,9100,191,1981,457.0,0.457
917,23450,191,1981,420.0,0.42
918,23476,191,1981,460.0,0.46
940,26986,191,1981,998.0,0.998
1014,55737,191,1981,577.0,0.577
304,3146,192,1991,744.0,0.744
398,4353,192,1991,984.0,0.984
306,3178,193,1994,677.0,0.677
377,4144,193,1994,416.0,0.416
379,4170,193,1994,633.0,0.633
382,4193,193,1994,404.0,0.404
500,5578,193,1994,457.0,0.457
502,5580,193,1994,457.0,0.457
650,7124,193,1994,458.0,0.458
651,7150,193,1994,422.0,0.422
654,7157,193,1994,632.0,0.632
686,7514,193,1994,822.0,0.822
818,10013,193,1994,420.0,0.42
867,10971,193,1994,555.0,0.555
940,26986,193,1994,806.0,0.806
307,3265,194,2011,412.0,0.412
358,3845,194,2011,564.0,0.564
374,4139,194,2011,675.0,0.675
375,4140,194,2011,647.0,0.647
506,5584,194,2011,647.0,0.647
633,6794,194,2011,575.0,0.575
688,7529,194,2011,457.0,0.457
689,7532,194,2011,457.0,0.457
690,7533,194,2011,457.0,0.457
691,7534,194,2011,457.0,0.457
867,10971,194,2011,457.0,0.457
1036,57551,194,2011,530.0,0.53
264,2534,195,2023,457.0,0.457
268,2597,195,2023,902.0,0.902
312,3312,195,2023,474.0,0.474
315,3320,195,2023,462.0,0.462
316,3326,195,2023,463.0,0.463
453,5230,195,2023,855.0,0.855
474,5315,195,2023,461.0,0.461
478,5340,195,2023,987.0,0.987
484,5478,195,2023,679.0,0.679
618,6714,195,2023,457.0,0.457
649,7099,195,2023,552.0,0.552
656,7167,195,2023,748.0,0.748
663,7277,195,2023,499.0,0.499
676,7415,195,2023,499.0,0.499
691,7534,195,2023,490.0,0.49
694,7846,195,2023,553.0,0.553
979,51574,195,2023,457.0,0.457
216,2099,197,2033,941.0,0.941
217,2100,197,2033,483.0,0.483
220,2115,197,2033,478.0,0.478
221,2130,197,2033,457.0,0.457
222,2146,197,2033,712.0,0.712
237,2237,197,2033,626.0,0.626
268,2597,197,2033,527.0,0.527
286,2908,197,2033,666.0,0.666
296,3065,197,2033,981.0,0.981
297,3066,197,2033,649.0,0.649
300,3091,197,2033,999.0,0.999
308,3276,197,2033,974.0,0.974
311,3309,197,2033,457.0,0.457
379,4170,197,2033,457.0,0.457
382,4193,197,2033,987.0,0.987
404,4609,197,2033,988.0,0.988
419,4780,197,2033,873.0,0.873
420,4790,197,2033,982.0,0.982
422,4869,197,2033,463.0,0.463
439,5111,197,2033,457.0,0.457
454,5241,197,2033,630.0,0.63
481,5468,197,2033,968.0,0.968
482,5469,197,2033,813.0,0.813
500,5578,197,2033,457.0,0.457
515,5594,197,2033,547.0,0.547
562,5914,197,2033,653.0,0.653
566,5925,197,2033,457.0,0.457
569,5929,197,2033,645.0,0.645
571,5970,197,2033,993.0,0.993
574,6046,197,2033,499.0,0.499
577,6095,197,2033,926.0,0.926
587,6256,197,2033,835.0,0.835
588,6257,197,2033,650.0,0.65
589,6258,197,2033,650.0,0.65
612,6597,197,2033,915.0,0.915
618,6714,197,2033,919.0,0.919
625,6774,197,2033,989.0,0.989
626,6776,197,2033,637.0,0.637
644,7046,197,2033,534.0,0.534
654,7157,197,2033,999.0,0.999
670,7329,197,2033,457.0,0.457
672,7376,197,2033,541.0,0.541
683,7468,197,2033,428.0,0.428
695,7862,197,2033,499.0,0.499
708,8294,197,2033,926.0,0.926
711,8359,197,2033,900.0,0.9
712,8360,197,2033,900.0,0.9
713,8361,197,2033,970.0,0.97
714,8364,197,2033,900.0,0.9
715,8365,197,2033,900.0,0.9
716,8366,197,2033,900.0,0.9
717,8367,197,2033,900.0,0.9
718,8368,197,2033,900.0,0.9
755,8841,197,2033,593.0,0.593
757,8850,197,2033,998.0,0.998
760,8877,197,2033,457.0,0.457
768,9070,197,2033,630.0,0.63
776,9149,197,2033,446.0,0.446
780,9252,197,2033,414.0,0.414
790,9439,197,2033,517.0,0.517
806,9734,197,2033,843.0,0.843
808,9759,197,2033,453.0,0.453
818,10013,197,2033,900.0,0.9
824,10062,197,2033,675.0,0.675
841,10419,197,2033,499.0,0.499
848,10498,197,2033,990.0,0.99
849,10521,197,2033,732.0,0.732
863,10856,197,2033,549.0,0.549
872,11091,197,2033,817.0,0.817
891,22933,197,2033,486.0,0.486
896,23028,197,2033,419.0,0.419
900,23067,197,2033,499.0,0.499
902,23097,197,2033,499.0,0.499
904,23135,197,2033,438.0,0.438
915,23411,197,2033,635.0,0.635
918,23476,197,2033,941.0,0.941
929,23774,197,2033,499.0,0.499
933,25885,197,2033,499.0,0.499
943,27154,197,2033,499.0,0.499
950,28996,197,2033,622.0,0.622
955,29117,197,2033,898.0,0.898
977,51564,197,2033,768.0,0.768
1102,121504,197,2033,900.0,0.9
199,2042,198,2041,510.0,0.51
200,2043,198,2041,645.0,0.645
201,2044,198,2041,460.0,0.46
202,2045,198,2041,493.0,0.493
203,2046,198,2041,400.0,0.4
204,2047,198,2041,552.0,0.552
205,2048,198,2041,499.0,0.499
206,2049,198,2041,499.0,0.499
207,2050,198,2041,499.0,0.499
208,2051,198,2041,499.0,0.499
211,2064,198,2041,596.0,0.596
264,2534,198,2041,511.0,0.511
339,3636,198,2041,422.0,0.422
359,3932,198,2041,416.0,0.416
425,4915,198,2041,525.0,0.525
1139,285220,198,2041,513.0,0.513
200,2043,199,2042,827.0,0.827
201,2044,199,2042,874.0,0.874
202,2045,199,2042,853.0,0.853
203,2046,199,2042,465.0,0.465
204,2047,199,2042,499.0,0.499
205,2048,199,2042,659.0,0.659
206,2049,199,2042,499.0,0.499
207,2050,199,2042,556.0,0.556
208,2051,199,2042,499.0,0.499
211,2064,199,2042,596.0,0.596
354,3791,199,2042,432.0,0.432
1139,285220,199,2042,650.0,0.65
201,2044,200,2043,739.0,0.739
202,2045,200,2043,691.0,0.691
203,2046,200,2043,466.0,0.466
204,2047,200,2043,728.0,0.728
205,2048,200,2043,908.0,0.908
206,2049,200,2043,499.0,0.499
207,2050,200,2043,499.0,0.499
208,2051,200,2043,499.0,0.499
211,2064,200,2043,596.0,0.596
241,2260,200,2043,792.0,0.792
242,2261,200,2043,501.0,0.501
244,2264,200,2043,466.0,0.466
384,4214,200,2043,439.0,0.439
1139,285220,200,2043,532.0,0.532
202,2045,201,2044,638.0,0.638
203,2046,201,2044,450.0,0.45
204,2047,201,2044,541.0,0.541
205,2048,201,2044,648.0,0.648
206,2049,201,2044,637.0,0.637
207,2050,201,2044,715.0,0.715
208,2051,201,2044,499.0,0.499
211,2064,201,2044,596.0,0.596
1139,285220,201,2044,573.0,0.573
203,2046,202,2045,573.0,0.573
204,2047,202,2045,499.0,0.499
205,2048,202,2045,593.0,0.593
206,2049,202,2045,499.0,0.499
207,2050,202,2045,593.0,0.593
208,2051,202,2045,499.0,0.499
425,4915,202,2045,407.0,0.407
1139,285220,202,2045,400.0,0.4
204,2047,203,2046,499.0,0.499
205,2048,203,2046,499.0,0.499
206,2049,203,2046,499.0,0.499
207,2050,203,2046,542.0,0.542
208,2051,203,2046,499.0,0.499
295,3055,203,2046,414.0,0.414
612,6597,203,2046,411.0,0.411
1139,285220,203,2046,605.0,0.605
205,2048,204,2047,459.0,0.459
206,2049,204,2047,400.0,0.4
207,2050,204,2047,623.0,0.623
208,2051,204,2047,853.0,0.853
211,2064,204,2047,596.0,0.596
264,2534,204,2047,499.0,0.499
285,2885,204,2047,568.0,0.568
435,5058,204,2047,499.0,0.499
436,5062,204,2047,499.0,0.499
437,5063,204,2047,499.0,0.499
559,5879,204,2047,515.0,0.515
618,6714,204,2047,647.0,0.647
1139,285220,204,2047,704.0,0.704
206,2049,205,2048,642.0,0.642
207,2050,205,2048,800.0,0.8
208,2051,205,2048,636.0,0.636
211,2064,205,2048,596.0,0.596
264,2534,205,2048,552.0,0.552
435,5058,205,2048,499.0,0.499
436,5062,205,2048,499.0,0.499
437,5063,205,2048,499.0,0.499
559,5879,205,2048,515.0,0.515
618,6714,205,2048,787.0,0.787
1139,285220,205,2048,531.0,0.531
207,2050,206,2049,565.0,0.565
208,2051,206,2049,402.0,0.402
211,2064,206,2049,596.0,0.596
264,2534,206,2049,772.0,0.772
435,5058,206,2049,499.0,0.499
436,5062,206,2049,499.0,0.499
437,5063,206,2049,499.0,0.499
559,5879,206,2049,515.0,0.515
618,6714,206,2049,499.0,0.499
1139,285220,206,2049,499.0,0.499
208,2051,207,2050,788.0,0.788
264,2534,207,2050,499.0,0.499
296,3065,207,2050,422.0,0.422
435,5058,207,2050,499.0,0.499
436,5062,207,2050,499.0,0.499
437,5063,207,2050,499.0,0.499
551,5747,207,2050,491.0,0.491
559,5879,207,2050,557.0,0.557
618,6714,207,2050,499.0,0.499
1139,285220,207,2050,593.0,0.593
211,2064,208,2051,596.0,0.596
264,2534,208,2051,499.0,0.499
435,5058,208,2051,499.0,0.499
436,5062,208,2051,499.0,0.499
437,5063,208,2051,499.0,0.499
559,5879,208,2051,499.0,0.499
618,6714,208,2051,499.0,0.499
1139,285220,208,2051,499.0,0.499
226,2159,210,2058,796.0,0.796
268,2597,210,2058,998.0,0.998
325,3376,210,2058,999.0,0.999
349,3735,210,2058,997.0,0.997
376,4141,210,2058,999.0,0.999
387,4217,210,2058,539.0,0.539
556,5859,210,2058,996.0,0.996
565,5917,210,2058,996.0,0.996
698,7965,210,2058,998.0,0.998
713,8361,210,2058,457.0,0.457
734,8565,210,2058,814.0,0.814
975,51520,210,2058,998.0,0.998
979,51574,210,2058,457.0,0.457
1101,120892,210,2058,457.0,0.457
212,2065,211,2064,999.0,0.999
213,2066,211,2064,999.0,0.999
230,2185,211,2064,551.0,0.551
241,2260,211,2064,596.0,0.596
242,2261,211,2064,607.0,0.607
243,2263,211,2064,596.0,0.596
244,2264,211,2064,732.0,0.732
253,2322,211,2064,596.0,0.596
254,2324,211,2064,596.0,0.596
264,2534,211,2064,472.0,0.472
268,2597,211,2064,422.0,0.422
285,2885,211,2064,997.0,0.997
303,3105,211,2064,521.0,0.521
311,3309,211,2064,538.0,0.538
315,3320,211,2064,986.0,0.986
316,3326,211,2064,967.0,0.967
328,3480,211,2064,988.0,0.988
340,3643,211,2064,803.0,0.803
341,3645,211,2064,617.0,0.617
378,4145,211,2064,832.0,0.832
388,4233,211,2064,730.0,0.73
395,4323,211,2064,457.0,0.457
401,4486,211,2064,596.0,0.596
424,4914,211,2064,596.0,0.596
425,4915,211,2064,596.0,0.596
426,4916,211,2064,596.0,0.596
446,5156,211,2064,625.0,0.625
447,5159,211,2064,766.0,0.766
462,5290,211,2064,446.0,0.446
467,5295,211,2064,805.0,0.805
468,5296,211,2064,677.0,0.677
551,5747,211,2064,705.0,0.705
552,5753,211,2064,716.0,0.716
572,5979,211,2064,596.0,0.596
617,6654,211,2064,545.0,0.545
618,6714,211,2064,984.0,0.984
625,6774,211,2064,532.0,0.532
659,7184,211,2064,457.0,0.457
669,7301,211,2064,601.0,0.601
679,7430,211,2064,698.0,0.698
691,7534,211,2064,708.0,0.708
844,10461,211,2064,623.0,0.623
874,11140,211,2064,816.0,0.816
933,25885,211,2064,626.0,0.626
213,2066,212,2065,998.0,0.998
238,2241,212,2065,534.0,0.534
240,2247,212,2065,484.0,0.484
285,2885,212,2065,991.0,0.991
303,3105,212,2065,451.0,0.451
311,3309,212,2065,458.0,0.458
315,3320,212,2065,683.0,0.683
316,3326,212,2065,684.0,0.684
328,3480,212,2065,892.0,0.892
378,4145,212,2065,578.0,0.578
388,4233,212,2065,954.0,0.954
462,5290,212,2065,810.0,0.81
466,5294,212,2065,449.0,0.449
467,5295,212,2065,899.0,0.899
468,5296,212,2065,819.0,0.819
552,5753,212,2065,716.0,0.716
572,5979,212,2065,407.0,0.407
617,6654,212,2065,400.0,0.4
618,6714,212,2065,449.0,0.449
625,6774,212,2065,771.0,0.771
635,6850,212,2065,613.0,0.613
787,9368,212,2065,627.0,0.627
216,2099,213,2066,881.0,0.881
240,2247,213,2066,451.0,0.451
266,2554,213,2066,506.0,0.506
285,2885,213,2066,985.0,0.985
315,3320,213,2066,420.0,0.42
378,4145,213,2066,578.0,0.578
425,4915,213,2066,591.0,0.591
462,5290,213,2066,400.0,0.4
467,5295,213,2066,478.0,0.478
468,5296,213,2066,642.0,0.642
552,5753,213,2066,565.0,0.565
617,6654,213,2066,400.0,0.4
618,6714,213,2066,861.0,0.861
626,6776,213,2066,968.0,0.968
800,9611,213,2066,785.0,0.785
222,2146,214,2078,420.0,0.42
312,3312,214,2078,457.0,0.457
353,3757,214,2078,422.0,0.422
706,8239,214,2078,457.0,0.457
293,3028,215,2081,720.0,0.72
311,3309,215,2081,999.0,0.999
315,3320,215,2081,717.0,0.717
316,3326,215,2081,619.0,0.619
330,3551,215,2081,402.0,0.402
345,3708,215,2081,449.0,0.449
354,3791,215,2081,416.0,0.416
387,4217,215,2081,997.0,0.997
650,7124,215,2081,789.0,0.789
217,2100,216,2099,996.0,0.996
218,2101,216,2099,728.0,0.728
219,2104,216,2099,442.0,0.442
222,2146,216,2099,796.0,0.796
232,2194,216,2099,435.0,0.435
243,2263,216,2099,479.0,0.479
249,2288,216,2099,836.0,0.836
250,2289,216,2099,796.0,0.796
276,2773,216,2099,617.0,0.617
278,2810,216,2099,976.0,0.976
285,2885,216,2099,692.0,0.692
286,2908,216,2099,722.0,0.722
296,3065,216,2099,983.0,0.983
297,3066,216,2099,731.0,0.731
300,3091,216,2099,766.0,0.766
308,3276,216,2099,650.0,0.65
312,3312,216,2099,690.0,0.69
314,3315,216,2099,558.0,0.558
315,3320,216,2099,990.0,0.99
316,3326,216,2099,982.0,0.982
328,3480,216,2099,994.0,0.994
331,3553,216,2099,569.0,0.569
382,4193,216,2099,660.0,0.66
396,4331,216,2099,571.0,0.571
404,4609,216,2099,709.0,0.709
420,4790,216,2099,883.0,0.883
422,4869,216,2099,561.0,0.561
424,4914,216,2099,430.0,0.43
435,5058,216,2099,457.0,0.457
454,5241,216,2099,899.0,0.899
462,5290,216,2099,707.0,0.707
467,5295,216,2099,980.0,0.98
468,5296,216,2099,557.0,0.557
481,5468,216,2099,684.0,0.684
482,5469,216,2099,993.0,0.993
512,5591,216,2099,561.0,0.561
515,5594,216,2099,553.0,0.553
551,5747,216,2099,719.0,0.719
562,5914,216,2099,579.0,0.579
569,5929,216,2099,457.0,0.457
571,5970,216,2099,894.0,0.894
583,6197,216,2099,496.0,0.496
587,6256,216,2099,570.0,0.57
599,6469,216,2099,424.0,0.424
611,6595,216,2099,516.0,0.516
612,6597,216,2099,532.0,0.532
618,6714,216,2099,993.0,0.993
625,6774,216,2099,781.0,0.781
626,6776,216,2099,485.0,0.485
630,6790,216,2099,424.0,0.424
654,7157,216,2099,841.0,0.841
658,7182,216,2099,559.0,0.559
666,7296,216,2099,483.0,0.483
670,7329,216,2099,457.0,0.457
688,7529,216,2099,942.0,0.942
690,7533,216,2099,420.0,0.42
691,7534,216,2099,436.0,0.436
713,8361,216,2099,499.0,0.499
752,8805,216,2099,804.0,0.804
755,8841,216,2099,412.0,0.412
757,8850,216,2099,541.0,0.541
768,9070,216,2099,457.0,0.457
800,9611,216,2099,998.0,0.998
801,9612,216,2099,966.0,0.966
803,9656,216,2099,481.0,0.481
808,9759,216,2099,457.0,0.457
815,9971,216,2099,537.0,0.537
836,10376,216,2099,477.0,0.477
848,10498,216,2099,943.0,0.943
849,10521,216,2099,981.0,0.981
860,10765,216,2099,601.0,0.601
872,11091,216,2099,457.0,0.457
896,23028,216,2099,876.0,0.876
897,23030,216,2099,863.0,0.863
904,23135,216,2099,445.0,0.445
922,23613,216,2099,578.0,0.578
951,29028,216,2099,951.0,0.951
977,51564,216,2099,605.0,0.605
1012,55611,216,2099,630.0,0.63
1068,80854,216,2099,678.0,0.678
1089,85366,216,2099,443.0,0.443
249,2288,217,2100,499.0,0.499
250,2289,217,2100,499.0,0.499
276,2773,217,2100,513.0,0.513
315,3320,217,2100,767.0,0.767
316,3326,217,2100,659.0,0.659
328,3480,217,2100,614.0,0.614
462,5290,217,2100,400.0,0.4
467,5295,217,2100,400.0,0.4
468,5296,217,2100,400.0,0.4
482,5469,217,2100,973.0,0.973
571,5970,217,2100,465.0,0.465
618,6714,217,2100,912.0,0.912
633,6794,217,2100,440.0,0.44
654,7157,217,2100,497.0,0.497
690,7533,217,2100,408.0,0.408
800,9611,217,2100,939.0,0.939
801,9612,217,2100,833.0,0.833
848,10498,217,2100,900.0,0.9
219,2104,218,2101,841.0,0.841
481,5468,218,2101,866.0,0.866
482,5469,218,2101,499.0,0.499
587,6256,218,2101,523.0,0.523
800,9611,218,2101,617.0,0.617
801,9612,218,2101,568.0,0.568
915,23411,218,2101,480.0,0.48
1130,225689,218,2101,459.0,0.459
482,5469,219,2104,499.0,0.499
800,9611,219,2104,589.0,0.589
801,9612,219,2104,707.0,0.707
230,2185,221,2130,524.0,0.524
251,2313,221,2130,443.0,0.443
297,3066,221,2130,488.0,0.488
306,3178,221,2130,601.0,0.601
308,3276,221,2130,457.0,0.457
654,7157,221,2130,469.0,0.469
704,8087,221,2130,439.0,0.439
803,9656,221,2130,439.0,0.439
849,10521,221,2130,597.0,0.597
896,23028,221,2130,711.0,0.711
296,3065,222,2146,993.0,0.993
297,3066,222,2146,998.0,0.998
308,3276,222,2146,551.0,0.551
315,3320,222,2146,524.0,0.524
382,4193,222,2146,869.0,0.869
404,4609,222,2146,884.0,0.884
562,5914,222,2146,769.0,0.769
563,5915,222,2146,499.0,0.499
564,5916,222,2146,499.0,0.499
566,5925,222,2146,712.0,0.712
567,5927,222,2146,545.0,0.545
568,5928,222,2146,999.0,0.999
571,5970,222,2146,857.0,0.857
587,6256,222,2146,499.0,0.499
612,6597,222,2146,555.0,0.555
625,6774,222,2146,932.0,0.932
626,6776,222,2146,834.0,0.834
697,7874,222,2146,618.0,0.618
708,8294,222,2146,802.0,0.802
711,8359,222,2146,802.0,0.802
712,8360,222,2146,802.0,0.802
713,8361,222,2146,941.0,0.941
714,8364,222,2146,802.0,0.802
715,8365,222,2146,802.0,0.802
716,8366,222,2146,802.0,0.802
717,8367,222,2146,802.0,0.802
718,8368,222,2146,802.0,0.802
755,8841,222,2146,979.0,0.979
800,9611,222,2146,499.0,0.499
808,9759,222,2146,410.0,0.41
816,9978,222,2146,434.0,0.434
831,10196,222,2146,412.0,0.412
841,10419,222,2146,655.0,0.655
848,10498,222,2146,412.0,0.412
860,10765,222,2146,585.0,0.585
864,10919,222,2146,920.0,0.92
872,11091,222,2146,470.0,0.47
876,11176,222,2146,435.0,0.435
896,23028,222,2146,970.0,0.97
906,23186,222,2146,551.0,0.551
915,23411,222,2146,774.0,0.774
918,23476,222,2146,457.0,0.457
1021,55869,222,2146,661.0,0.661
1084,84678,222,2146,585.0,0.585
1102,121504,222,2146,802.0,0.802
224,2152,223,2147,558.0,0.558
225,2155,223,2147,859.0,0.859
226,2159,223,2147,998.0,0.998
227,2160,223,2147,540.0,0.54
228,2161,223,2147,540.0,0.54
475,5327,223,2147,518.0,0.518
476,5328,223,2147,554.0,0.554
225,2155,224,2152,999.0,0.999
226,2159,224,2152,986.0,0.986
227,2160,224,2152,540.0,0.54
228,2161,224,2152,540.0,0.54
476,5328,224,2152,543.0,0.543
226,2159,225,2155,899.0,0.899
227,2160,225,2155,540.0,0.54
228,2161,225,2155,540.0,0.54
476,5328,225,2155,540.0,0.54
227,2160,226,2159,540.0,0.54
228,2161,226,2159,540.0,0.54
476,5328,226,2159,540.0,0.54
759,8856,226,2159,566.0,0.566
228,2161,227,2160,565.0,0.565
476,5328,227,2160,540.0,0.54
915,23411,227,2160,407.0,0.407
476,5328,228,2161,540.0,0.54
264,2534,230,2185,727.0,0.727
285,2885,230,2185,848.0,0.848
333,3611,230,2185,578.0,0.578
343,3690,230,2185,793.0,0.793
346,3716,230,2185,572.0,0.572
347,3717,230,2185,445.0,0.445
348,3718,230,2185,929.0,0.929
354,3791,230,2185,499.0,0.499
359,3932,230,2185,586.0,0.586
369,4067,230,2185,872.0,0.872
378,4145,230,2185,712.0,0.712
449,5170,230,2185,401.0,0.401
462,5290,230,2185,421.0,0.421
502,5580,230,2185,565.0,0.565
551,5747,230,2185,982.0,0.982
602,6513,230,2185,438.0,0.438
618,6714,230,2185,990.0,0.99
635,6850,230,2185,574.0,0.574
792,9448,230,2185,402.0,0.402
1121,200576,230,2185,447.0,0.447
1132,253260,230,2185,443.0,0.443
568,5928,231,2186,985.0,0.985
612,6597,231,2186,499.0,0.499
708,8294,231,2186,487.0,0.487
713,8361,231,2186,830.0,0.83
800,9611,231,2186,599.0,0.599
877,11177,231,2186,900.0,0.9
918,23476,231,2186,414.0,0.414
947,27443,231,2186,900.0,0.9
846,10493,232,2194,411.0,0.411
918,23476,232,2194,457.0,0.457
271,2645,233,2203,403.0,0.403
300,3091,233,2203,502.0,0.502
1135,282974,234,2222,400.0,0.4
794,9453,235,2224,927.0,0.927
306,3178,237,2237,756.0,0.756
399,4361,237,2237,789.0,0.789
439,5111,237,2237,992.0,0.992
570,5965,237,2237,622.0,0.622
684,7486,237,2237,955.0,0.955
821,10038,237,2237,612.0,0.612
355,3815,238,2241,499.0,0.499
264,2534,239,2242,499.0,0.499
315,3320,239,2242,622.0,0.622
316,3326,239,2242,466.0,0.466
355,3815,239,2242,557.0,0.557
435,5058,239,2242,499.0,0.499
436,5062,239,2242,499.0,0.499
437,5063,239,2242,499.0,0.499
559,5879,239,2242,499.0,0.499
679,7430,239,2242,752.0,0.752
241,2260,240,2247,997.0,0.997
242,2261,240,2247,996.0,0.996
243,2263,240,2247,999.0,0.999
244,2264,240,2247,994.0,0.994
252,2321,240,2247,903.0,0.903
285,2885,240,2247,400.0,0.4
333,3611,240,2247,536.0,0.536
354,3791,240,2247,968.0,0.968
424,4914,240,2247,750.0,0.75
425,4915,240,2247,523.0,0.523
446,5156,240,2247,836.0,0.836
461,5289,240,2247,499.0,0.499
462,5290,240,2247,408.0,0.408
463,5291,240,2247,400.0,0.4
467,5295,240,2247,400.0,0.4
468,5296,240,2247,400.0,0.4
593,6383,240,2247,757.0,0.757
617,6654,240,2247,400.0,0.4
641,7010,240,2247,438.0,0.438
242,2261,241,2260,742.0,0.742
243,2263,241,2260,580.0,0.58
244,2264,241,2260,944.0,0.944
285,2885,241,2260,720.0,0.72
315,3320,241,2260,587.0,0.587
316,3326,241,2260,425.0,0.425
318,3350,241,2260,929.0,0.929
328,3480,241,2260,505.0,0.505
343,3690,241,2260,438.0,0.438
354,3791,241,2260,578.0,0.578
360,3939,241,2260,748.0,0.748
446,5156,241,2260,577.0,0.577
461,5289,241,2260,499.0,0.499
462,5290,241,2260,426.0,0.426
463,5291,241,2260,426.0,0.426
467,5295,241,2260,799.0,0.799
468,5296,241,2260,569.0,0.569
474,5315,241,2260,868.0,0.868
551,5747,241,2260,418.0,0.418
581,6195,241,2260,807.0,0.807
582,6196,241,2260,645.0,0.645
583,6197,241,2260,778.0,0.778
617,6654,241,2260,880.0,0.88
618,6714,241,2260,575.0,0.575
641,7010,241,2260,485.0,0.485
1091,89780,241,2260,404.0,0.404
243,2263,242,2261,980.0,0.98
244,2264,242,2261,632.0,0.632
285,2885,242,2261,882.0,0.882
315,3320,242,2261,420.0,0.42
316,3326,242,2261,420.0,0.42
461,5289,242,2261,499.0,0.499
462,5290,242,2261,491.0,0.491
463,5291,242,2261,426.0,0.426
467,5295,242,2261,453.0,0.453
468,5296,242,2261,400.0,0.4
617,6654,242,2261,450.0,0.45
874,11140,242,2261,560.0,0.56
285,2885,243,2263,945.0,0.945
454,5241,243,2263,745.0,0.745
461,5289,243,2263,499.0,0.499
462,5290,243,2263,426.0,0.426
463,5291,243,2263,426.0,0.426
467,5295,243,2263,700.0,0.7
468,5296,243,2263,455.0,0.455
583,6197,243,2263,628.0,0.628
617,6654,243,2263,446.0,0.446
625,6774,243,2263,734.0,0.734
626,6776,243,2263,727.0,0.727
262,2475,244,2264,406.0,0.406
285,2885,244,2264,721.0,0.721
461,5289,244,2264,499.0,0.499
462,5290,244,2264,448.0,0.448
463,5291,244,2264,426.0,0.426
467,5295,244,2264,475.0,0.475
468,5296,244,2264,453.0,0.453
527,5606,244,2264,437.0,0.437
617,6654,244,2264,446.0,0.446
618,6714,244,2264,430.0,0.43
625,6774,244,2264,424.0,0.424
315,3320,245,2268,640.0,0.64
316,3326,245,2268,498.0,0.498
369,4067,245,2268,542.0,0.542
451,5218,245,2268,424.0,0.424
618,6714,245,2268,422.0,0.422
635,6850,245,2268,631.0,0.631
687,7525,245,2268,639.0,0.639
247,2281,246,2280,613.0,0.613
262,2475,246,2280,999.0,0.999
301,3094,246,2280,420.0,0.42
345,3708,246,2280,457.0,0.457
444,5142,246,2280,540.0,0.54
471,5300,246,2280,430.0,0.43
511,5590,246,2280,499.0,0.499
644,7046,246,2280,999.0,0.999
870,11035,246,2280,548.0,0.548
1042,64223,246,2280,974.0,0.974
1132,253260,246,2280,493.0,0.493
471,5300,247,2281,471.0,0.471
644,7046,247,2281,431.0,0.431
262,2475,248,2287,926.0,0.926
296,3065,248,2287,895.0,0.895
297,3066,248,2287,844.0,0.844
382,4193,248,2287,703.0,0.703
250,2289,249,2288,970.0,0.97
262,2475,249,2288,934.0,0.934
286,2908,249,2288,975.0,0.975
310,3297,249,2288,716.0,0.716
312,3312,249,2288,838.0,0.838
315,3320,249,2288,995.0,0.995
316,3326,249,2288,995.0,0.995
420,4790,249,2288,406.0,0.406
454,5241,249,2288,926.0,0.926
637,6885,249,2288,467.0,0.467
802,9641,249,2288,414.0,0.414
262,2475,250,2289,934.0,0.934
286,2908,250,2289,981.0,0.981
312,3312,250,2289,796.0,0.796
315,3320,250,2289,999.0,0.999
316,3326,250,2289,997.0,0.997
330,3551,250,2289,625.0,0.625
454,5241,250,2289,857.0,0.857
553,5834,250,2289,430.0,0.43
633,6794,250,2289,541.0,0.541
637,6885,250,2289,536.0,0.536
658,7182,250,2289,545.0,0.545
754,8814,250,2289,476.0,0.476
802,9641,250,2289,657.0,0.657
828,10131,250,2289,414.0,0.414
874,11140,250,2289,479.0,0.479
1046,65061,250,2289,451.0,0.451
588,6257,251,2313,405.0,0.405
757,8850,251,2313,457.0,0.457
254,2324,252,2321,899.0,0.899
264,2534,252,2321,497.0,0.497
285,2885,252,2321,867.0,0.867
295,3055,252,2321,442.0,0.442
353,3757,252,2321,827.0,0.827
354,3791,252,2321,989.0,0.989
394,4313,252,2321,414.0,0.414
467,5295,252,2321,508.0,0.508
264,2534,253,2322,491.0,0.491
285,2885,253,2322,912.0,0.912
295,3055,253,2322,630.0,0.63
359,3932,253,2322,640.0,0.64
461,5289,253,2322,499.0,0.499
462,5290,253,2322,400.0,0.4
467,5295,253,2322,557.0,0.557
617,6654,253,2322,400.0,0.4
618,6714,253,2322,417.0,0.417
626,6776,253,2322,411.0,0.411
635,6850,253,2322,698.0,0.698
285,2885,254,2324,968.0,0.968
315,3320,254,2324,456.0,0.456
316,3326,254,2324,456.0,0.456
328,3480,254,2324,420.0,0.42
354,3791,254,2324,989.0,0.989
618,6714,254,2324,620.0,0.62
256,2342,255,2339,999.0,0.999
264,2534,261,2444,409.0,0.409
315,3320,262,2475,841.0,0.841
316,3326,262,2475,829.0,0.829
330,3551,262,2475,457.0,0.457
358,3845,262,2475,431.0,0.431
448,5163,262,2475,457.0,0.457
512,5591,262,2475,431.0,0.431
584,6198,262,2475,944.0,0.944
598,6446,262,2475,467.0,0.467
625,6774,262,2475,457.0,0.457
642,7015,262,2475,459.0,0.459
654,7157,262,2475,457.0,0.457
688,7529,262,2475,575.0,0.575
691,7534,262,2475,457.0,0.457
721,8408,262,2475,945.0,0.945
739,8607,262,2475,563.0,0.563
836,10376,262,2475,734.0,0.734
863,10856,262,2475,495.0,0.495
899,23049,262,2475,540.0,0.54
915,23411,262,2475,634.0,0.634
954,29110,262,2475,497.0,0.497
1042,64223,262,2475,999.0,0.999
1053,79109,262,2475,999.0,0.999
1124,203068,262,2475,734.0,0.734
1132,253260,262,2475,999.0,0.999
482,5469,263,2516,499.0,0.499
670,7329,263,2516,570.0,0.57
800,9611,263,2516,499.0,0.499
801,9612,263,2516,499.0,0.499
285,2885,264,2534,971.0,0.971
295,3055,264,2534,781.0,0.781
307,3265,264,2534,471.0,0.471
315,3320,264,2534,475.0,0.475
317,3329,264,2534,554.0,0.554
323,3362,264,2534,552.0,0.552
338,3635,264,2534,499.0,0.499
339,3636,264,2534,800.0,0.8
344,3702,264,2534,608.0,0.608
346,3716,264,2534,484.0,0.484
347,3717,264,2534,717.0,0.717
350,3741,264,2534,714.0,0.714
354,3791,264,2534,742.0,0.742
355,3815,264,2534,695.0,0.695
359,3932,264,2534,998.0,0.998
369,4067,264,2534,992.0,0.992
425,4915,264,2534,764.0,0.764
435,5058,264,2534,513.0,0.513
436,5062,264,2534,632.0,0.632
437,5063,264,2534,513.0,0.513
447,5159,264,2534,706.0,0.706
449,5170,264,2534,400.0,0.4
462,5290,264,2534,446.0,0.446
463,5291,264,2534,553.0,0.553
465,5293,264,2534,400.0,0.4
466,5294,264,2534,510.0,0.51
467,5295,264,2534,776.0,0.776
468,5296,264,2534,557.0,0.557
502,5580,264,2534,708.0,0.708
510,5588,264,2534,752.0,0.752
520,5599,264,2534,562.0,0.562
551,5747,264,2534,986.0,0.986
559,5879,264,2534,452.0,0.452
583,6197,264,2534,459.0,0.459
614,6622,264,2534,457.0,0.457
617,6654,264,2534,644.0,0.644
618,6714,264,2534,998.0,0.998
625,6774,264,2534,687.0,0.687
626,6776,264,2534,569.0,0.569
633,6794,264,2534,734.0,0.734
635,6850,264,2534,974.0,0.974
687,7525,264,2534,986.0,0.986
692,7535,264,2534,895.0,0.895
758,8851,264,2534,499.0,0.499
760,8877,264,2534,410.0,0.41
964,50507,264,2534,421.0,0.421
969,51206,264,2534,991.0,0.991
1025,56848,264,2534,416.0,0.416
314,3315,265,2539,769.0,0.769
452,5226,265,2539,536.0,0.536
479,5347,265,2539,414.0,0.414
654,7157,265,2539,761.0,0.761
834,10298,265,2539,553.0,0.553
312,3312,267,2580,760.0,0.76
889,22848,267,2580,543.0,0.543
1011,55589,267,2580,428.0,0.428
1047,65125,267,2580,422.0,0.422
1101,120892,267,2580,902.0,0.902
287,2923,268,2597,702.0,0.702
312,3312,268,2597,906.0,0.906
315,3320,268,2597,481.0,0.481
422,4869,268,2597,457.0,0.457
434,5052,268,2597,430.0,0.43
453,5230,268,2597,979.0,0.979
474,5315,268,2597,661.0,0.661
478,5340,268,2597,981.0,0.981
506,5584,268,2597,487.0,0.487
656,7167,268,2597,868.0,0.868
828,10131,268,2597,456.0,0.456
915,23411,268,2597,421.0,0.421
937,26227,268,2597,540.0,0.54
954,29110,268,2597,459.0,0.459
402,4522,269,2618,919.0,0.919
854,10606,269,2618,568.0,0.568
636,6872,270,2639,420.0,0.42
929,23774,270,2639,420.0,0.42
980,51592,270,2639,420.0,0.42
302,3098,271,2645,912.0,0.912
286,2908,274,2744,420.0,0.42
311,3309,274,2744,437.0,0.437
828,10131,274,2744,483.0,0.483
307,3265,276,2773,540.0,0.54
617,6654,276,2773,540.0,0.54
618,6714,276,2773,516.0,0.516
382,4193,278,2810,973.0,0.973
383,4194,278,2810,949.0,0.949
471,5300,278,2810,900.0,0.9
561,5894,278,2810,652.0,0.652
571,5970,278,2810,900.0,0.9
617,6654,278,2810,900.0,0.9
654,7157,278,2810,983.0,0.983
688,7529,278,2810,578.0,0.578
689,7532,278,2810,800.0,0.8
690,7533,278,2810,575.0,0.575
691,7534,278,2810,810.0,0.81
807,9748,278,2810,459.0,0.459
808,9759,278,2810,457.0,0.457
867,10971,278,2810,832.0,0.832
1101,120892,278,2810,960.0,0.96
282,2870,280,2868,402.0,0.402
315,3320,281,2869,442.0,0.442
316,3326,281,2869,442.0,0.442
621,6732,281,2869,458.0,0.458
818,10013,281,2869,479.0,0.479
315,3320,282,2870,599.0,0.599
316,3326,282,2870,599.0,0.599
515,5594,283,2872,583.0,0.583
736,8569,283,2872,941.0,0.941
295,3055,285,2885,571.0,0.571
307,3265,285,2885,710.0,0.71
312,3312,285,2885,525.0,0.525
315,3320,285,2885,599.0,0.599
328,3480,285,2885,867.0,0.867
338,3635,285,2885,957.0,0.957
339,3636,285,2885,875.0,0.875
340,3643,285,2885,857.0,0.857
343,3690,285,2885,499.0,0.499
344,3702,285,2885,960.0,0.96
346,3716,285,2885,806.0,0.806
347,3717,285,2885,953.0,0.953
348,3718,285,2885,400.0,0.4
354,3791,285,2885,942.0,0.942
355,3815,285,2885,945.0,0.945
358,3845,285,2885,665.0,0.665
359,3932,285,2885,964.0,0.964
369,4067,285,2885,790.0,0.79
384,4214,285,2885,642.0,0.642
388,4233,285,2885,989.0,0.989
401,4486,285,2885,457.0,0.457
422,4869,285,2885,896.0,0.896
424,4914,285,2885,981.0,0.981
425,4915,285,2885,950.0,0.95
426,4916,285,2885,908.0,0.908
435,5058,285,2885,856.0,0.856
436,5062,285,2885,522.0,0.522
446,5156,285,2885,807.0,0.807
447,5159,285,2885,985.0,0.985
459,5287,285,2885,457.0,0.457
461,5289,285,2885,499.0,0.499
462,5290,285,2885,702.0,0.702
463,5291,285,2885,638.0,0.638
465,5293,285,2885,400.0,0.4
466,5294,285,2885,499.0,0.499
467,5295,285,2885,979.0,0.979
468,5296,285,2885,669.0,0.669
475,5327,285,2885,405.0,0.405
477,5339,285,2885,489.0,0.489
484,5478,285,2885,567.0,0.567
500,5578,285,2885,439.0,0.439
522,5601,285,2885,457.0,0.457
534,5663,285,2885,919.0,0.919
551,5747,285,2885,999.0,0.999
559,5879,285,2885,502.0,0.502
566,5925,285,2885,533.0,0.533
572,5979,285,2885,831.0,0.831
617,6654,285,2885,999.0,0.999
618,6714,285,2885,993.0,0.993
625,6774,285,2885,630.0,0.63
626,6776,285,2885,694.0,0.694
635,6850,285,2885,889.0,0.889
640,7006,285,2885,602.0,0.602
641,7010,285,2885,771.0,0.771
644,7046,285,2885,749.0,0.749
645,7048,285,2885,673.0,0.673
654,7157,285,2885,536.0,0.536
664,7294,285,2885,748.0,0.748
667,7297,285,2885,709.0,0.709
679,7430,285,2885,687.0,0.687
687,7525,285,2885,759.0,0.759
688,7529,285,2885,494.0,0.494
689,7532,285,2885,502.0,0.502
692,7535,285,2885,986.0,0.986
727,8491,285,2885,611.0,0.611
825,10097,285,2885,543.0,0.543
830,10188,285,2885,881.0,0.881
844,10461,285,2885,412.0,0.412
874,11140,285,2885,499.0,0.499
878,11183,285,2885,784.0,0.784
879,11184,285,2885,826.0,0.826
1059,79834,285,2885,422.0,0.422
296,3065,286,2908,677.0,0.677
300,3091,286,2908,467.0,0.467
315,3320,286,2908,999.0,0.999
316,3326,286,2908,994.0,0.994
317,3329,286,2908,457.0,0.457
420,4790,286,2908,712.0,0.712
425,4915,286,2908,837.0,0.837
454,5241,286,2908,529.0,0.529
467,5295,286,2908,467.0,0.467
481,5468,286,2908,513.0,0.513
482,5469,286,2908,716.0,0.716
495,5566,286,2908,504.0,0.504
496,5567,286,2908,503.0,0.503
497,5568,286,2908,504.0,0.504
571,5970,286,2908,498.0,0.498
588,6257,286,2908,574.0,0.574
611,6595,286,2908,422.0,0.422
612,6597,286,2908,457.0,0.457
625,6774,286,2908,930.0,0.93
626,6776,286,2908,635.0,0.635
654,7157,286,2908,782.0,0.782
665,7295,286,2908,457.0,0.457
690,7533,286,2908,556.0,0.556
752,8805,286,2908,420.0,0.42
800,9611,286,2908,981.0,0.981
801,9612,286,2908,800.0,0.8
818,10013,286,2908,732.0,0.732
303,3105,287,2923,988.0,0.988
304,3146,287,2923,457.0,0.457
311,3309,287,2923,974.0,0.974
312,3312,287,2923,749.0,0.749
315,3320,287,2923,418.0,0.418
316,3326,287,2923,650.0,0.65
404,4609,287,2923,700.0,0.7
433,5034,287,2923,488.0,0.488
524,5603,287,2923,487.0,0.487
625,6774,287,2923,805.0,0.805
659,7184,287,2923,567.0,0.567
788,9373,287,2923,503.0,0.503
907,23193,287,2923,447.0,0.447
960,30001,287,2923,412.0,0.412
289,2932,288,2931,963.0,0.963
495,5566,288,2931,617.0,0.617
496,5567,288,2931,415.0,0.415
1055,79668,288,2931,429.0,0.429
310,3297,289,2932,457.0,0.457
315,3320,289,2932,867.0,0.867
316,3326,289,2932,814.0,0.814
333,3611,289,2932,700.0,0.7
404,4609,289,2932,457.0,0.457
405,4627,289,2932,457.0,0.457
419,4780,289,2932,457.0,0.457
486,5499,289,2932,460.0,0.46
495,5566,289,2932,981.0,0.981
496,5567,289,2932,972.0,0.972
497,5568,289,2932,968.0,0.968
500,5578,289,2932,458.0,0.458
530,5609,289,2932,717.0,0.717
534,5663,289,2932,724.0,0.724
581,6195,289,2932,442.0,0.442
618,6714,289,2932,612.0,0.612
630,6790,289,2932,690.0,0.69
633,6794,289,2932,593.0,0.593
654,7157,289,2932,963.0,0.963
688,7529,289,2932,512.0,0.512
691,7534,289,2932,776.0,0.776
724,8445,289,2932,574.0,0.574
793,9451,289,2932,414.0,0.414
816,9978,289,2932,499.0,0.499
817,10000,289,2932,457.0,0.457
926,23678,289,2932,420.0,0.42
954,29110,289,2932,911.0,0.911
1091,89780,289,2932,499.0,0.499
1101,120892,289,2932,841.0,0.841
1132,253260,289,2932,457.0,0.457
702,8050,290,2936,514.0,0.514
387,4217,291,2950,545.0,0.545
520,5599,291,2950,913.0,0.913
522,5601,291,2950,426.0,0.426
791,9446,291,2950,584.0,0.584
1144,373156,291,2950,404.0,0.404
297,3066,292,3005,439.0,0.439
708,8294,292,3005,816.0,0.816
711,8359,292,3005,816.0,0.816
712,8360,292,3005,816.0,0.816
713,8361,292,3005,894.0,0.894
714,8364,292,3005,816.0,0.816
715,8365,292,3005,816.0,0.816
716,8366,292,3005,816.0,0.816
717,8367,292,3005,816.0,0.816
718,8368,292,3005,816.0,0.816
915,23411,292,3005,453.0,0.453
918,23476,292,3005,457.0,0.457
1102,121504,292,3005,816.0,0.816
309,3295,293,3028,428.0,0.428
828,10131,293,3028,487.0,0.487
312,3312,294,3043,562.0,0.562
315,3320,294,3043,499.0,0.499
316,3326,294,3043,499.0,0.499
315,3320,295,3055,495.0,0.495
338,3635,295,3055,574.0,0.574
339,3636,295,3055,499.0,0.499
346,3716,295,3055,499.0,0.499
347,3717,295,3055,800.0,0.8
359,3932,295,3055,862.0,0.862
369,4067,295,3055,978.0,0.978
378,4145,295,3055,503.0,0.503
462,5290,295,3055,499.0,0.499
463,5291,295,3055,789.0,0.789
465,5293,295,3055,499.0,0.499
466,5294,295,3055,499.0,0.499
467,5295,295,3055,661.0,0.661
468,5296,295,3055,574.0,0.574
551,5747,295,3055,417.0,0.417
617,6654,295,3055,790.0,0.79
618,6714,295,3055,806.0,0.806
625,6774,295,3055,843.0,0.843
626,6776,295,3055,524.0,0.524
635,6850,295,3055,877.0,0.877
639,6921,295,3055,499.0,0.499
667,7297,295,3055,800.0,0.8
687,7525,295,3055,589.0,0.589
692,7535,295,3055,470.0,0.47
830,10188,295,3055,793.0,0.793
874,11140,295,3055,425.0,0.425
297,3066,296,3065,999.0,0.999
300,3091,296,3065,912.0,0.912
308,3276,296,3065,652.0,0.652
310,3297,296,3065,505.0,0.505
382,4193,296,3065,785.0,0.785
404,4609,296,3065,928.0,0.928
407,4661,296,3065,519.0,0.519
420,4790,296,3065,975.0,0.975
439,5111,296,3065,457.0,0.457
481,5468,296,3065,457.0,0.457
486,5499,296,3065,484.0,0.484
495,5566,296,3065,457.0,0.457
562,5914,296,3065,794.0,0.794
566,5925,296,3065,997.0,0.997
567,5927,296,3065,778.0,0.778
568,5928,296,3065,999.0,0.999
571,5970,296,3065,983.0,0.983
587,6256,296,3065,650.0,0.65
588,6257,296,3065,650.0,0.65
589,6258,296,3065,650.0,0.65
611,6595,296,3065,603.0,0.603
612,6597,296,3065,857.0,0.857
625,6774,296,3065,874.0,0.874
652,7153,296,3065,676.0,0.676
653,7155,296,3065,502.0,0.502
654,7157,296,3065,988.0,0.988
658,7182,296,3065,480.0,0.48
670,7329,296,3065,581.0,0.581
683,7468,296,3065,516.0,0.516
697,7874,296,3065,877.0,0.877
701,8030,296,3065,457.0,0.457
707,8242,296,3065,941.0,0.941
713,8361,296,3065,717.0,0.717
725,8473,296,3065,540.0,0.54
755,8841,296,3065,900.0,0.9
757,8850,296,3065,787.0,0.787
800,9611,296,3065,997.0,0.997
801,9612,296,3065,998.0,0.998
804,9682,296,3065,539.0,0.539
806,9734,296,3065,942.0,0.942
808,9759,296,3065,428.0,0.428
833,10280,296,3065,447.0,0.447
849,10521,296,3065,865.0,0.865
860,10765,296,3065,956.0,0.956
863,10856,296,3065,861.0,0.861
864,10919,296,3065,994.0,0.994
872,11091,296,3065,634.0,0.634
876,11176,296,3065,951.0,0.951
887,11335,296,3065,846.0,0.846
896,23028,296,3065,994.0,0.994
906,23186,296,3065,998.0,0.998
915,23411,296,3065,939.0,0.939
918,23476,296,3065,714.0,0.714
919,23569,296,3065,537.0,0.537
922,23613,296,3065,457.0,0.457
977,51564,296,3065,445.0,0.445
998,54790,296,3065,769.0,0.769
1025,56848,296,3065,812.0,0.812
1058,79813,296,3065,876.0,0.876
1065,80312,296,3065,897.0,0.897
300,3091,297,3066,547.0,0.547
310,3297,297,3066,509.0,0.509
404,4609,297,3066,496.0,0.496
420,4790,297,3066,632.0,0.632
422,4869,297,3066,765.0,0.765
491,5562,297,3066,425.0,0.425
562,5914,297,3066,457.0,0.457
566,5925,297,3066,954.0,0.954
567,5927,297,3066,739.0,0.739
568,5928,297,3066,999.0,0.999
571,5970,297,3066,923.0,0.923
587,6256,297,3066,650.0,0.65
588,6257,297,3066,650.0,0.65
589,6258,297,3066,650.0,0.65
611,6595,297,3066,457.0,0.457
612,6597,297,3066,988.0,0.988
625,6774,297,3066,543.0,0.543
653,7155,297,3066,415.0,0.415
654,7157,297,3066,874.0,0.874
683,7468,297,3066,478.0,0.478
707,8242,297,3066,716.0,0.716
713,8361,297,3066,458.0,0.458
725,8473,297,3066,540.0,0.54
755,8841,297,3066,900.0,0.9
757,8850,297,3066,613.0,0.613
800,9611,297,3066,982.0,0.982
801,9612,297,3066,979.0,0.979
808,9759,297,3066,588.0,0.588
841,10419,297,3066,493.0,0.493
849,10521,297,3066,714.0,0.714
864,10919,297,3066,905.0,0.905
872,11091,297,3066,458.0,0.458
876,11176,297,3066,506.0,0.506
887,11335,297,3066,442.0,0.442
896,23028,297,3066,994.0,0.994
906,23186,297,3066,998.0,0.998
918,23476,297,3066,457.0,0.457
919,23569,297,3066,548.0,0.548
978,51567,297,3066,487.0,0.487
994,54625,297,3066,571.0,0.571
998,54790,297,3066,981.0,0.981
1025,56848,297,3066,789.0,0.789
1058,79813,297,3066,752.0,0.752
1065,80312,297,3066,713.0,0.713
1073,83933,297,3066,500.0,0.5
299,3074,298,3073,996.0,0.996
312,3312,300,3091,787.0,0.787
315,3320,300,3091,991.0,0.991
316,3326,300,3091,992.0,0.992
347,3717,300,3091,481.0,0.481
360,3939,300,3091,457.0,0.457
382,4193,300,3091,902.0,0.902
404,4609,300,3091,951.0,0.951
454,5241,300,3091,400.0,0.4
474,5315,300,3091,983.0,0.983
481,5468,300,3091,536.0,0.536
512,5591,300,3091,553.0,0.553
515,5594,300,3091,494.0,0.494
537,5685,300,3091,457.0,0.457
540,5688,300,3091,649.0,0.649
552,5753,300,3091,457.0,0.457
571,5970,300,3091,974.0,0.974
576,6093,300,3091,440.0,0.44
612,6597,300,3091,569.0,0.569
618,6714,300,3091,457.0,0.457
625,6774,300,3091,801.0,0.801
639,6921,300,3091,996.0,0.996
654,7157,300,3091,981.0,0.981
670,7329,300,3091,515.0,0.515
676,7415,300,3091,497.0,0.497
685,7494,300,3091,977.0,0.977
697,7874,300,3091,457.0,0.457
755,8841,300,3091,671.0,0.671
757,8850,300,3091,457.0,0.457
806,9734,300,3091,645.0,0.645
808,9759,300,3091,798.0,0.798
816,9978,300,3091,790.0,0.79
818,10013,300,3091,523.0,0.523
863,10856,300,3091,678.0,0.678
897,23030,300,3091,607.0,0.607
901,23081,300,3091,929.0,0.929
915,23411,300,3091,685.0,0.685
976,51548,300,3091,581.0,0.581
977,51564,300,3091,873.0,0.873
993,54583,300,3091,933.0,0.933
1018,55818,300,3091,775.0,0.775
863,10856,301,3094,558.0,0.558
908,23210,301,3094,438.0,0.438
358,3845,302,3098,600.0,0.6
495,5566,302,3098,420.0,0.42
691,7534,302,3098,449.0,0.449
311,3309,303,3105,499.0,0.499
654,7157,303,3105,601.0,0.601
801,9612,303,3105,487.0,0.487
312,3312,304,3146,567.0,0.567
331,3553,304,3146,862.0,0.862
343,3690,304,3146,720.0,0.72
398,4353,304,3146,474.0,0.474
454,5241,304,3146,410.0,0.41
478,5340,304,3146,884.0,0.884
515,5594,304,3146,612.0,0.612
516,5595,304,3146,499.0,0.499
649,7099,304,3146,996.0,0.996
654,7157,304,3146,989.0,0.989
808,9759,304,3146,491.0,0.491
308,3276,306,3178,457.0,0.457
382,4193,306,3178,470.0,0.47
484,5478,306,3178,457.0,0.457
597,6431,306,3178,513.0,0.513
651,7150,306,3178,422.0,0.422
655,7158,306,3178,420.0,0.42
849,10521,306,3178,407.0,0.407
895,23020,306,3178,442.0,0.442
916,23435,306,3178,980.0,0.98
940,26986,306,3178,816.0,0.816
979,51574,306,3178,457.0,0.457
343,3690,307,3265,600.0,0.6
358,3845,307,3265,991.0,0.991
362,3956,307,3265,677.0,0.677
375,4140,307,3265,624.0,0.624
445,5147,307,3265,501.0,0.501
449,5170,307,3265,499.0,0.499
462,5290,307,3265,731.0,0.731
463,5291,307,3265,631.0,0.631
465,5293,307,3265,486.0,0.486
466,5294,307,3265,953.0,0.953
467,5295,307,3265,852.0,0.852
468,5296,307,3265,499.0,0.499
511,5590,307,3265,505.0,0.505
515,5594,307,3265,733.0,0.733
516,5595,307,3265,776.0,0.776
520,5599,307,3265,731.0,0.731
525,5604,307,3265,661.0,0.661
526,5605,307,3265,523.0,0.523
561,5894,307,3265,998.0,0.998
617,6654,307,3265,997.0,0.997
618,6714,307,3265,900.0,0.9
630,6790,307,3265,606.0,0.606
688,7529,307,3265,499.0,0.499
756,8844,307,3265,499.0,0.499
938,26524,307,3265,420.0,0.42
1053,79109,307,3265,932.0,0.932
1137,283455,307,3265,499.0,0.499
420,4790,308,3276,441.0,0.441
569,5929,308,3276,499.0,0.499
618,6714,308,3276,577.0,0.577
654,7157,308,3276,889.0,0.889
697,7874,308,3276,416.0,0.416
713,8361,308,3276,565.0,0.565
757,8850,308,3276,501.0,0.501
768,9070,308,3276,630.0,0.63
831,10196,308,3276,825.0,0.825
841,10419,308,3276,902.0,0.902
848,10498,308,3276,972.0,0.972
872,11091,308,3276,499.0,0.499
900,23067,308,3276,499.0,0.499
901,23081,308,3276,471.0,0.471
312,3312,310,3297,770.0,0.77
314,3315,310,3297,581.0,0.581
315,3320,310,3297,967.0,0.967
316,3326,310,3297,960.0,0.96
479,5347,310,3297,429.0,0.429
520,5599,310,3297,457.0,0.457
612,6597,310,3297,511.0,0.511
676,7415,310,3297,852.0,0.852
739,8607,310,3297,540.0,0.54
818,10013,310,3297,800.0,0.8
863,10856,310,3297,540.0,0.54
874,11140,310,3297,720.0,0.72
885,11315,310,3297,499.0,0.499
915,23411,310,3297,630.0,0.63
312,3312,311,3309,963.0,0.963
313,3313,311,3309,823.0,0.823
315,3320,311,3309,788.0,0.788
316,3326,311,3309,851.0,0.851
317,3329,311,3309,625.0,0.625
328,3480,311,3309,520.0,0.52
345,3708,311,3309,506.0,0.506
433,5034,311,3309,792.0,0.792
449,5170,311,3309,626.0,0.626
461,5289,311,3309,797.0,0.797
475,5327,311,3309,422.0,0.422
561,5894,311,3309,513.0,0.513
571,5970,311,3309,457.0,0.457
654,7157,311,3309,457.0,0.457
655,7158,311,3309,414.0,0.414
659,7184,311,3309,982.0,0.982
666,7296,311,3309,520.0,0.52
677,7417,311,3309,554.0,0.554
793,9451,311,3309,998.0,0.998
828,10131,311,3309,510.0,0.51
833,10280,311,3309,981.0,0.981
907,23193,311,3309,612.0,0.612
313,3313,312,3312,913.0,0.913
314,3315,312,3312,956.0,0.956
315,3320,312,3312,997.0,0.997
316,3326,312,3312,997.0,0.997
317,3329,312,3312,692.0,0.692
353,3757,312,3312,457.0,0.457
379,4170,312,3312,568.0,0.568
382,4193,312,3312,435.0,0.435
404,4609,312,3312,468.0,0.468
434,5052,312,3312,509.0,0.509
453,5230,312,3312,450.0,0.45
455,5243,312,3312,404.0,0.404
484,5478,312,3312,443.0,0.443
492,5563,312,3312,499.0,0.499
525,5604,312,3312,608.0,0.608
561,5894,312,3312,457.0,0.457
566,5925,312,3312,582.0,0.582
569,5929,312,3312,438.0,0.438
571,5970,312,3312,414.0,0.414
614,6622,312,3312,928.0,0.928
654,7157,312,3312,920.0,0.92
676,7415,312,3312,751.0,0.751
690,7533,312,3312,551.0,0.551
694,7846,312,3312,705.0,0.705
713,8361,312,3312,457.0,0.457
739,8607,312,3312,632.0,0.632
797,9520,312,3312,431.0,0.431
818,10013,312,3312,599.0,0.599
836,10376,312,3312,564.0,0.564
837,10381,312,3312,564.0,0.564
838,10383,312,3312,584.0,0.584
841,10419,312,3312,564.0,0.564
863,10856,312,3312,582.0,0.582
872,11091,312,3312,419.0,0.419
874,11140,312,3312,786.0,0.786
885,11315,312,3312,535.0,0.535
915,23411,312,3312,499.0,0.499
940,26986,312,3312,921.0,0.921
941,27102,312,3312,420.0,0.42
979,51574,312,3312,457.0,0.457
1101,120892,312,3312,553.0,0.553
1124,203068,312,3312,755.0,0.755
314,3315,313,3313,664.0,0.664
315,3320,313,3313,781.0,0.781
316,3326,313,3313,768.0,0.768
317,3329,313,3313,907.0,0.907
345,3708,313,3313,985.0,0.985
595,6390,313,3313,570.0,0.57
614,6622,313,3313,508.0,0.508
654,7157,313,3313,989.0,0.989
659,7184,313,3313,851.0,0.851
665,7295,313,3313,464.0,0.464
688,7529,313,3313,438.0,0.438
828,10131,313,3313,428.0,0.428
885,11315,313,3313,978.0,0.978
1101,120892,313,3313,457.0,0.457
315,3320,314,3315,605.0,0.605
316,3326,314,3315,520.0,0.52
330,3551,314,3315,820.0,0.82
477,5339,314,3315,909.0,0.909
614,6622,314,3315,651.0,0.651
625,6774,314,3315,570.0,0.57
654,7157,314,3315,832.0,0.832
670,7329,314,3315,745.0,0.745
691,7534,314,3315,670.0,0.67
696,7867,314,3315,548.0,0.548
732,8550,314,3315,701.0,0.701
781,9261,314,3315,791.0,0.791
843,10454,314,3315,428.0,0.428
917,23450,314,3315,670.0,0.67
940,26986,314,3315,806.0,0.806
1101,120892,314,3315,457.0,0.457
316,3326,315,3320,965.0,0.965
317,3329,315,3320,620.0,0.62
328,3480,315,3320,455.0,0.455
330,3551,315,3320,945.0,0.945
331,3553,315,3320,482.0,0.482
333,3611,315,3320,467.0,0.467
347,3717,315,3320,468.0,0.468
353,3757,315,3320,809.0,0.809
354,3791,315,3320,918.0,0.918
355,3815,315,3320,478.0,0.478
359,3932,315,3320,462.0,0.462
364,3984,315,3320,822.0,0.822
365,3985,315,3320,453.0,0.453
369,4067,315,3320,700.0,0.7
382,4193,315,3320,740.0,0.74
385,4215,315,3320,426.0,0.426
388,4233,315,3320,462.0,0.462
392,4296,315,3320,497.0,0.497
394,4313,315,3320,703.0,0.703
404,4609,315,3320,911.0,0.911
405,4627,315,3320,420.0,0.42
422,4869,315,3320,424.0,0.424
424,4914,315,3320,423.0,0.423
442,5129,315,3320,401.0,0.401
447,5159,315,3320,427.0,0.427
449,5170,315,3320,571.0,0.571
454,5241,315,3320,957.0,0.957
462,5290,315,3320,714.0,0.714
464,5292,315,3320,457.0,0.457
467,5295,315,3320,637.0,0.637
479,5347,315,3320,572.0,0.572
491,5562,315,3320,457.0,0.457
492,5563,315,3320,436.0,0.436
495,5566,315,3320,514.0,0.514
496,5567,315,3320,459.0,0.459
502,5580,315,3320,710.0,0.71
503,5581,315,3320,466.0,0.466
512,5591,315,3320,405.0,0.405
515,5594,315,3320,793.0,0.793
525,5604,315,3320,538.0,0.538
551,5747,315,3320,560.0,0.56
561,5894,315,3320,678.0,0.678
581,6195,315,3320,528.0,0.528
584,6198,315,3320,627.0,0.627
585,6199,315,3320,477.0,0.477
614,6622,315,3320,457.0,0.457
617,6654,315,3320,499.0,0.499
618,6714,315,3320,997.0,0.997
621,6732,315,3320,542.0,0.542
625,6774,315,3320,856.0,0.856
633,6794,315,3320,658.0,0.658
637,6885,315,3320,566.0,0.566
642,7015,315,3320,989.0,0.989
644,7046,315,3320,801.0,0.801
645,7048,315,3320,932.0,0.932
649,7099,315,3320,973.0,0.973
654,7157,315,3320,992.0,0.992
659,7184,315,3320,917.0,0.917
674,7403,315,3320,403.0,0.403
676,7415,315,3320,803.0,0.803
679,7430,315,3320,930.0,0.93
691,7534,315,3320,464.0,0.464
694,7846,315,3320,457.0,0.457
713,8361,315,3320,573.0,0.573
730,8536,315,3320,480.0,0.48
739,8607,315,3320,833.0,0.833
747,8737,315,3320,796.0,0.796
756,8844,315,3320,697.0,0.697
779,9212,315,3320,693.0,0.693
787,9368,315,3320,790.0,0.79
793,9451,315,3320,722.0,0.722
800,9611,315,3320,845.0,0.845
808,9759,315,3320,956.0,0.956
814,9970,315,3320,462.0,0.462
818,10013,315,3320,994.0,0.994
826,10110,315,3320,549.0,0.549
828,10131,315,3320,455.0,0.455
830,10188,315,3320,576.0,0.576
840,10392,315,3320,689.0,0.689
843,10454,315,3320,528.0,0.528
863,10856,315,3320,699.0,0.699
867,10971,315,3320,419.0,0.419
870,11035,315,3320,615.0,0.615
874,11140,315,3320,999.0,0.999
885,11315,315,3320,499.0,0.499
904,23135,315,3320,403.0,0.403
915,23411,315,3320,453.0,0.453
916,23435,315,3320,457.0,0.457
918,23476,315,3320,457.0,0.457
941,27102,315,3320,420.0,0.42
942,27148,315,3320,457.0,0.457
954,29110,315,3320,768.0,0.768
956,29904,315,3320,400.0,0.4
968,51185,315,3320,457.0,0.457
993,54583,315,3320,550.0,0.55
1021,55869,315,3320,719.0,0.719
1031,57118,315,3320,480.0,0.48
1041,64127,315,3320,422.0,0.422
1046,65061,315,3320,494.0,0.494
1075,83983,315,3320,457.0,0.457
1101,120892,315,3320,769.0,0.769
1111,140901,315,3320,485.0,0.485
1119,197259,315,3320,505.0,0.505
1155,728642,315,3320,427.0,0.427
317,3329,316,3326,681.0,0.681
330,3551,316,3326,943.0,0.943
333,3611,316,3326,468.0,0.468
353,3757,316,3326,578.0,0.578
354,3791,316,3326,790.0,0.79
364,3984,316,3326,822.0,0.822
365,3985,316,3326,453.0,0.453
369,4067,316,3326,557.0,0.557
394,4313,316,3326,591.0,0.591
404,4609,316,3326,697.0,0.697
405,4627,316,3326,651.0,0.651
420,4790,316,3326,619.0,0.619
434,5052,316,3326,554.0,0.554
442,5129,316,3326,401.0,0.401
449,5170,316,3326,572.0,0.572
454,5241,316,3326,927.0,0.927
479,5347,316,3326,728.0,0.728
496,5567,316,3326,420.0,0.42
502,5580,316,3326,430.0,0.43
503,5581,316,3326,466.0,0.466
512,5591,316,3326,407.0,0.407
525,5604,316,3326,452.0,0.452
561,5894,316,3326,966.0,0.966
576,6093,316,3326,498.0,0.498
585,6199,316,3326,407.0,0.407
618,6714,316,3326,985.0,0.985
621,6732,316,3326,543.0,0.543
625,6774,316,3326,707.0,0.707
633,6794,316,3326,469.0,0.469
642,7015,316,3326,979.0,0.979
644,7046,316,3326,649.0,0.649
645,7048,316,3326,881.0,0.881
649,7099,316,3326,974.0,0.974
654,7157,316,3326,983.0,0.983
659,7184,316,3326,919.0,0.919
674,7403,316,3326,403.0,0.403
676,7415,316,3326,732.0,0.732
679,7430,316,3326,887.0,0.887
682,7465,316,3326,580.0,0.58
691,7534,316,3326,597.0,0.597
713,8361,316,3326,763.0,0.763
730,8536,316,3326,480.0,0.48
739,8607,316,3326,920.0,0.92
747,8737,316,3326,508.0,0.508
756,8844,316,3326,697.0,0.697
771,9113,316,3326,477.0,0.477
779,9212,316,3326,693.0,0.693
787,9368,316,3326,790.0,0.79
793,9451,316,3326,626.0,0.626
800,9611,316,3326,845.0,0.845
802,9641,316,3326,491.0,0.491
808,9759,316,3326,933.0,0.933
816,9978,316,3326,440.0,0.44
818,10013,316,3326,993.0,0.993
826,10110,316,3326,594.0,0.594
828,10131,316,3326,457.0,0.457
830,10188,316,3326,548.0,0.548
840,10392,316,3326,506.0,0.506
863,10856,316,3326,831.0,0.831
867,10971,316,3326,419.0,0.419
874,11140,316,3326,999.0,0.999
885,11315,316,3326,499.0,0.499
904,23135,316,3326,403.0,0.403
954,29110,316,3326,672.0,0.672
956,29904,316,3326,400.0,0.4
979,51574,316,3326,457.0,0.457
993,54583,316,3326,550.0,0.55
1021,55869,316,3326,620.0,0.62
1031,57118,316,3326,480.0,0.48
1041,64127,316,3326,422.0,0.422
1046,65061,316,3326,410.0,0.41
1075,83983,316,3326,532.0,0.532
1078,84293,316,3326,437.0,0.437
1101,120892,316,3326,769.0,0.769
1111,140901,316,3326,573.0,0.573
453,5230,317,3329,479.0,0.479
477,5339,317,3329,663.0,0.663
478,5340,317,3329,698.0,0.698
484,5478,317,3329,516.0,0.516
649,7099,317,3329,996.0,0.996
660,7263,317,3329,465.0,0.465
779,9212,317,3329,408.0,0.408
786,9361,317,3329,401.0,0.401
914,23410,317,3329,457.0,0.457
915,23411,317,3329,455.0,0.455
319,3356,318,3350,883.0,0.883
324,3363,318,3350,651.0,0.651
605,6532,318,3350,715.0,0.715
320,3357,319,3356,948.0,0.948
321,3358,319,3356,989.0,0.989
605,6532,319,3356,436.0,0.436
321,3358,320,3357,975.0,0.975
324,3363,323,3362,901.0,0.901
349,3735,325,3376,999.0,0.999
376,4141,325,3376,999.0,0.999
556,5859,325,3376,999.0,0.999
565,5917,325,3376,997.0,0.997
698,7965,325,3376,971.0,0.971
734,8565,325,3376,417.0,0.417
975,51520,325,3376,999.0,0.999
327,3418,326,3417,959.0,0.959
381,4191,326,3417,491.0,0.491
381,4191,327,3418,653.0,0.653
913,23408,327,3418,521.0,0.521
914,23410,327,3418,621.0,0.621
340,3643,328,3480,997.0,0.997
341,3645,328,3480,958.0,0.958
343,3690,328,3480,900.0,0.9
346,3716,328,3480,565.0,0.565
347,3717,328,3480,771.0,0.771
382,4193,328,3480,698.0,0.698
439,5111,328,3480,457.0,0.457
447,5159,328,3480,432.0,0.432
454,5241,328,3480,580.0,0.58
467,5295,328,3480,646.0,0.646
525,5604,328,3480,496.0,0.496
551,5747,328,3480,723.0,0.723
572,5979,328,3480,473.0,0.473
618,6714,328,3480,961.0,0.961
625,6774,328,3480,753.0,0.753
688,7529,328,3480,460.0,0.46
651,7150,329,3550,420.0,0.42
762,8899,329,3550,837.0,0.837
773,9128,329,3550,979.0,0.979
845,10465,329,3550,800.0,0.8
895,23020,329,3550,979.0,0.979
917,23450,329,3550,989.0,0.989
918,23476,329,3550,457.0,0.457
342,3654,330,3551,843.0,0.843
384,4214,330,3551,620.0,0.62
420,4790,330,3551,919.0,0.919
486,5499,330,3551,457.0,0.457
501,5579,330,3551,596.0,0.596
510,5588,330,3551,492.0,0.492
531,5610,330,3551,470.0,0.47
571,5970,330,3551,829.0,0.829
618,6714,330,3551,788.0,0.788
637,6885,330,3551,815.0,0.815
644,7046,330,3551,650.0,0.65
649,7099,330,3551,499.0,0.499
650,7124,330,3551,931.0,0.931
654,7157,330,3551,616.0,0.616
747,8737,330,3551,886.0,0.886
802,9641,330,3551,723.0,0.723
843,10454,330,3551,817.0,0.817
874,11140,330,3551,820.0,0.82
927,23683,330,3551,482.0,0.482
954,29110,330,3551,909.0,0.909
1124,203068,330,3551,595.0,0.595
1132,253260,330,3551,572.0,0.572
342,3654,331,3553,920.0,0.92
369,4067,331,3553,489.0,0.489
571,5970,331,3553,507.0,0.507
649,7099,331,3553,633.0,0.633
346,3716,332,3569,871.0,0.871
347,3717,332,3569,834.0,0.834
358,3845,332,3569,579.0,0.579
388,4233,332,3569,669.0,0.669
515,5594,332,3569,657.0,0.657
520,5599,332,3569,742.0,0.742
571,5970,332,3569,432.0,0.432
625,6774,332,3569,527.0,0.527
667,7297,332,3569,959.0,0.959
343,3690,333,3611,835.0,0.835
515,5594,333,3611,613.0,0.613
516,5595,333,3611,574.0,0.574
551,5747,333,3611,408.0,0.408
561,5894,333,3611,435.0,0.435
739,8607,333,3611,682.0,0.682
1132,253260,333,3611,956.0,0.956
335,3615,334,3614,959.0,0.959
803,9656,335,3615,439.0,0.439
630,6790,336,3619,936.0,0.936
634,6795,336,3619,996.0,0.996
779,9212,336,3619,999.0,0.999
796,9493,336,3619,513.0,0.513
339,3636,338,3635,912.0,0.912
346,3716,338,3635,499.0,0.499
347,3717,338,3635,499.0,0.499
348,3718,338,3635,499.0,0.499
369,4067,338,3635,950.0,0.95
462,5290,338,3635,499.0,0.499
463,5291,338,3635,499.0,0.499
466,5294,338,3635,499.0,0.499
467,5295,338,3635,716.0,0.716
618,6714,338,3635,670.0,0.67
625,6774,338,3635,697.0,0.697
687,7525,338,3635,519.0,0.519
881,11213,338,3635,408.0,0.408
340,3643,339,3636,457.0,0.457
346,3716,339,3636,499.0,0.499
347,3717,339,3636,499.0,0.499
348,3718,339,3636,499.0,0.499
369,4067,339,3636,543.0,0.543
462,5290,339,3636,499.0,0.499
463,5291,339,3636,708.0,0.708
466,5294,339,3636,499.0,0.499
467,5295,339,3636,799.0,0.799
502,5580,339,3636,414.0,0.414
618,6714,339,3636,841.0,0.841
625,6774,339,3636,699.0,0.699
687,7525,339,3636,804.0,0.804
341,3645,340,3643,980.0,0.98
347,3717,340,3643,742.0,0.742
467,5295,340,3643,648.0,0.648
502,5580,340,3643,457.0,0.457
515,5594,340,3643,519.0,0.519
654,7157,340,3643,471.0,0.471
829,10135,340,3643,408.0,0.408
506,5584,342,3654,499.0,0.499
636,6872,342,3654,420.0,0.42
637,6885,342,3654,808.0,0.808
649,7099,342,3654,981.0,0.981
748,8767,342,3654,499.0,0.499
840,10392,342,3654,499.0,0.499
843,10454,342,3654,897.0,0.897
881,11213,342,3654,990.0,0.99
1041,64127,342,3654,499.0,0.499
354,3791,343,3690,963.0,0.963
358,3845,343,3690,499.0,0.499
369,4067,343,3690,494.0,0.494
375,4140,343,3690,400.0,0.4
446,5156,343,3690,443.0,0.443
447,5159,343,3690,557.0,0.557
500,5578,343,3690,651.0,0.651
501,5579,343,3690,742.0,0.742
504,5582,343,3690,651.0,0.651
515,5594,343,3690,571.0,0.571
516,5595,343,3690,630.0,0.63
525,5604,343,3690,499.0,0.499
526,5605,343,3690,499.0,0.499
551,5747,343,3690,933.0,0.933
561,5894,343,3690,503.0,0.503
617,6654,343,3690,499.0,0.499
618,6714,343,3690,955.0,0.955
635,6850,343,3690,792.0,0.792
645,7048,343,3690,563.0,0.563
688,7529,343,3690,499.0,0.499
756,8844,343,3690,403.0,0.403
834,10298,343,3690,449.0,0.449
359,3932,344,3702,784.0,0.784
369,4067,344,3702,499.0,0.499
484,5478,344,3702,487.0,0.487
617,6654,344,3702,499.0,0.499
635,6850,344,3702,525.0,0.525
640,7006,344,3702,900.0,0.9
664,7294,344,3702,900.0,0.9
692,7535,344,3702,694.0,0.694
379,4170,345,3708,648.0,0.648
513,5592,345,3708,591.0,0.591
514,5593,345,3708,408.0,0.408
625,6774,345,3708,407.0,0.407
677,7417,345,3708,629.0,0.629
808,9759,345,3708,439.0,0.439
820,10017,345,3708,458.0,0.458
833,10280,345,3708,826.0,0.826
885,11315,345,3708,665.0,0.665
347,3717,346,3716,998.0,0.998
348,3718,346,3716,998.0,0.998
369,4067,346,3716,800.0,0.8
382,4193,346,3716,457.0,0.457
446,5156,346,3716,650.0,0.65
447,5159,346,3716,650.0,0.65
462,5290,346,3716,671.0,0.671
463,5291,346,3716,400.0,0.4
465,5293,346,3716,445.0,0.445
467,5295,346,3716,400.0,0.4
468,5296,346,3716,400.0,0.4
515,5594,346,3716,412.0,0.412
617,6654,346,3716,400.0,0.4
625,6774,346,3716,994.0,0.994
626,6776,346,3716,949.0,0.949
635,6850,346,3716,499.0,0.499
639,6921,346,3716,499.0,0.499
644,7046,346,3716,447.0,0.447
650,7124,346,3716,482.0,0.482
667,7297,346,3716,998.0,0.998
793,9451,346,3716,521.0,0.521
348,3718,347,3717,973.0,0.973
355,3815,347,3717,557.0,0.557
359,3932,347,3717,499.0,0.499
369,4067,347,3717,907.0,0.907
446,5156,347,3717,650.0,0.65
447,5159,347,3717,738.0,0.738
462,5290,347,3717,609.0,0.609
463,5291,347,3717,400.0,0.4
465,5293,347,3717,400.0,0.4
466,5294,347,3717,499.0,0.499
467,5295,347,3717,773.0,0.773
468,5296,347,3717,400.0,0.4
474,5315,347,3717,470.0,0.47
551,5747,347,3717,457.0,0.457
561,5894,347,3717,589.0,0.589
617,6654,347,3717,400.0,0.4
618,6714,347,3717,877.0,0.877
625,6774,347,3717,992.0,0.992
626,6776,347,3717,988.0,0.988
635,6850,347,3717,800.0,0.8
639,6921,347,3717,499.0,0.499
640,7006,347,3717,457.0,0.457
667,7297,347,3717,996.0,0.996
679,7430,347,3717,497.0,0.497
687,7525,347,3717,502.0,0.502
691,7534,347,3717,503.0,0.503
816,9978,347,3717,499.0,0.499
841,10419,347,3717,457.0,0.457
1014,55737,347,3717,426.0,0.426
359,3932,348,3718,678.0,0.678
446,5156,348,3718,650.0,0.65
447,5159,348,3718,650.0,0.65
462,5290,348,3718,431.0,0.431
463,5291,348,3718,400.0,0.4
465,5293,348,3718,400.0,0.4
467,5295,348,3718,400.0,0.4
468,5296,348,3718,455.0,0.455
617,6654,348,3718,400.0,0.4
625,6774,348,3718,907.0,0.907
626,6776,348,3718,923.0,0.923
635,6850,348,3718,499.0,0.499
667,7297,348,3718,885.0,0.885
376,4141,349,3735,998.0,0.998
556,5859,349,3735,999.0,0.999
565,5917,349,3735,999.0,0.999
698,7965,349,3735,998.0,0.998
734,8565,349,3735,465.0,0.465
975,51520,349,3735,999.0,0.999
351,3752,350,3741,540.0,0.54
618,6714,350,3741,616.0,0.616
353,3757,352,3753,631.0,0.631
833,10280,353,3757,523.0,0.523
388,4233,354,3791,768.0,0.768
436,5062,354,3791,499.0,0.499
447,5159,354,3791,978.0,0.978
462,5290,354,3791,631.0,0.631
463,5291,354,3791,499.0,0.499
467,5295,354,3791,499.0,0.499
468,5296,354,3791,499.0,0.499
551,5747,354,3791,672.0,0.672
618,6714,354,3791,975.0,0.975
359,3932,355,3815,609.0,0.609
369,4067,355,3815,879.0,0.879
378,4145,355,3815,457.0,0.457
459,5287,355,3815,440.0,0.44
462,5290,355,3815,616.0,0.616
466,5294,355,3815,711.0,0.711
467,5295,355,3815,835.0,0.835
468,5296,355,3815,660.0,0.66
500,5578,355,3815,900.0,0.9
617,6654,355,3815,400.0,0.4
618,6714,355,3815,620.0,0.62
625,6774,355,3815,499.0,0.499
626,6776,355,3815,499.0,0.499
635,6850,355,3815,415.0,0.415
640,7006,355,3815,716.0,0.716
664,7294,355,3815,443.0,0.443
687,7525,355,3815,668.0,0.668
796,9493,356,3832,669.0,0.669
836,10376,356,3832,950.0,0.95
838,10383,356,3832,479.0,0.479
868,11004,356,3832,600.0,0.6
404,4609,357,3838,500.0,0.5
420,4790,357,3838,567.0,0.567
520,5599,357,3838,505.0,0.505
571,5970,357,3838,536.0,0.536
583,6197,357,3838,400.0,0.4
612,6597,357,3838,579.0,0.579
739,8607,357,3838,409.0,0.409
880,11200,357,3838,457.0,0.457
887,11335,357,3838,410.0,0.41
916,23435,357,3838,400.0,0.4
937,26227,357,3838,459.0,0.459
955,29117,357,3838,448.0,0.448
979,51574,357,3838,457.0,0.457
369,4067,358,3845,484.0,0.484
375,4140,358,3845,624.0,0.624
445,5147,358,3845,695.0,0.695
449,5170,358,3845,499.0,0.499
462,5290,358,3845,713.0,0.713
463,5291,358,3845,680.0,0.68
465,5293,358,3845,458.0,0.458
467,5295,358,3845,528.0,0.528
468,5296,358,3845,532.0,0.532
484,5478,358,3845,418.0,0.418
511,5590,358,3845,505.0,0.505
515,5594,358,3845,837.0,0.837
516,5595,358,3845,702.0,0.702
525,5604,358,3845,789.0,0.789
526,5605,358,3845,523.0,0.523
561,5894,358,3845,981.0,0.981
617,6654,358,3845,986.0,0.986
618,6714,358,3845,687.0,0.687
688,7529,358,3845,602.0,0.602
719,8394,358,3845,555.0,0.555
756,8844,358,3845,499.0,0.499
1053,79109,358,3845,967.0,0.967
1137,283455,358,3845,499.0,0.499
369,4067,359,3932,882.0,0.882
462,5290,359,3932,660.0,0.66
463,5291,359,3932,400.0,0.4
467,5295,359,3932,826.0,0.826
468,5296,359,3932,434.0,0.434
503,5581,359,3932,400.0,0.4
510,5588,359,3932,793.0,0.793
515,5594,359,3932,457.0,0.457
617,6654,359,3932,667.0,0.667
618,6714,359,3932,867.0,0.867
625,6774,359,3932,906.0,0.906
626,6776,359,3932,518.0,0.518
635,6850,359,3932,963.0,0.963
687,7525,359,3932,700.0,0.7
692,7535,359,3932,993.0,0.993
908,23210,359,3932,404.0,0.404
404,4609,360,3939,441.0,0.441
474,5315,360,3939,422.0,0.422
1101,120892,360,3939,457.0,0.457
399,4361,363,3980,515.0,0.515
512,5591,363,3980,428.0,0.428
713,8361,363,3980,457.0,0.457
796,9493,363,3980,686.0,0.686
803,9656,363,3980,439.0,0.439
821,10038,363,3980,928.0,0.928
918,23476,363,3980,457.0,0.457
1016,55775,363,3980,606.0,0.606
365,3985,364,3984,943.0,0.943
435,5058,364,3984,555.0,0.555
691,7534,364,3984,711.0,0.711
771,9113,364,3984,583.0,0.583
834,10298,364,3984,537.0,0.537
576,6093,365,3985,457.0,0.457
874,11140,365,3985,425.0,0.425
467,5295,368,4058,457.0,0.457
830,10188,368,4058,540.0,0.54
378,4145,369,4067,509.0,0.509
446,5156,369,4067,536.0,0.536
462,5290,369,4067,544.0,0.544
463,5291,369,4067,637.0,0.637
465,5293,369,4067,499.0,0.499
466,5294,369,4067,808.0,0.808
467,5295,369,4067,654.0,0.654
468,5296,369,4067,540.0,0.54
502,5580,369,4067,405.0,0.405
512,5591,369,4067,521.0,0.521
516,5595,369,4067,457.0,0.457
547,5698,369,4067,418.0,0.418
551,5747,369,4067,494.0,0.494
617,6654,369,4067,496.0,0.496
618,6714,369,4067,983.0,0.983
625,6774,369,4067,841.0,0.841
626,6776,369,4067,542.0,0.542
635,6850,369,4067,991.0,0.991
639,6921,369,4067,499.0,0.499
640,7006,369,4067,635.0,0.635
664,7294,369,4067,631.0,0.631
667,7297,369,4067,763.0,0.763
687,7525,369,4067,796.0,0.796
692,7535,369,4067,702.0,0.702
859,10746,369,4067,732.0,0.732
969,51206,369,4067,988.0,0.988
373,4129,372,4128,948.0,0.948
691,7534,374,4139,457.0,0.457
464,5292,375,4140,457.0,0.457
487,5520,375,4140,404.0,0.404
515,5594,375,4140,499.0,0.499
516,5595,375,4140,499.0,0.499
525,5604,375,4140,499.0,0.499
526,5605,375,4140,499.0,0.499
561,5894,375,4140,400.0,0.4
618,6714,375,4140,400.0,0.4
688,7529,375,4140,716.0,0.716
689,7532,375,4140,547.0,0.547
690,7533,375,4140,457.0,0.457
691,7534,375,4140,661.0,0.661
756,8844,375,4140,943.0,0.943
867,10971,375,4140,457.0,0.457
1039,57787,375,4140,538.0,0.538
1137,283455,375,4140,400.0,0.4
556,5859,376,4141,998.0,0.998
565,5917,376,4141,992.0,0.992
698,7965,376,4141,997.0,0.997
734,8565,376,4141,882.0,0.882
975,51520,376,4141,998.0,0.998
918,23476,377,4144,457.0,0.457
424,4914,378,4145,926.0,0.926
425,4915,378,4145,900.0,0.9
426,4916,378,4145,900.0,0.9
618,6714,378,4145,497.0,0.497
491,5562,379,4170,558.0,0.558
493,5564,379,4170,580.0,0.58
494,5565,379,4170,558.0,0.558
498,5571,379,4170,554.0,0.554
515,5594,379,4170,446.0,0.446
654,7157,379,4170,638.0,0.638
688,7529,379,4170,447.0,0.447
706,8239,379,4170,457.0,0.457
743,8658,379,4170,703.0,0.703
968,51185,379,4170,471.0,0.471
1067,80351,379,4170,948.0,0.948
383,4194,382,4193,999.0,0.999
422,4869,382,4193,844.0,0.844
439,5111,382,4193,457.0,0.457
464,5292,382,4193,457.0,0.457
467,5295,382,4193,422.0,0.422
474,5315,382,4193,569.0,0.569
479,5347,382,4193,531.0,0.531
481,5468,382,4193,457.0,0.457
486,5499,382,4193,457.0,0.457
536,5684,382,4193,457.0,0.457
540,5688,382,4193,457.0,0.457
566,5925,382,4193,904.0,0.904
571,5970,382,4193,465.0,0.465
586,6240,382,4193,503.0,0.503
618,6714,382,4193,473.0,0.473
633,6794,382,4193,454.0,0.454
636,6872,382,4193,457.0,0.457
642,7015,382,4193,457.0,0.457
654,7157,382,4193,999.0,0.999
670,7329,382,4193,638.0,0.638
688,7529,382,4193,410.0,0.41
697,7874,382,4193,996.0,0.996
728,8493,382,4193,500.0,0.5
757,8850,382,4193,457.0,0.457
781,9261,382,4193,457.0,0.457
803,9656,382,4193,406.0,0.406
867,10971,382,4193,509.0,0.509
880,11200,382,4193,671.0,0.671
938,26524,382,4193,914.0,0.914
950,28996,382,4193,457.0,0.457
976,51548,382,4193,457.0,0.457
1026,56924,382,4193,457.0,0.457
566,5925,383,4194,457.0,0.457
654,7157,383,4194,999.0,0.999
688,7529,383,4194,457.0,0.457
689,7532,383,4194,457.0,0.457
690,7533,383,4194,659.0,0.659
691,7534,383,4194,457.0,0.457
697,7874,383,4194,881.0,0.881
867,10971,383,4194,457.0,0.457
1103,122011,383,4194,435.0,0.435
386,4216,384,4214,426.0,0.426
515,5594,384,4214,509.0,0.509
516,5595,384,4214,690.0,0.69
520,5599,384,4214,745.0,0.745
522,5601,384,4214,457.0,0.457
525,5604,384,4214,630.0,0.63
530,5609,384,4214,626.0,0.626
558,5871,384,4214,663.0,0.663
596,6416,384,4214,720.0,0.72
618,6714,384,4214,450.0,0.45
654,7157,384,4214,575.0,0.575
670,7329,384,4214,457.0,0.457
688,7529,384,4214,412.0,0.412
689,7532,384,4214,565.0,0.565
691,7534,384,4214,503.0,0.503
792,9448,384,4214,557.0,0.557
843,10454,384,4214,624.0,0.624
527,5606,385,4215,458.0,0.458
528,5607,385,4215,991.0,0.991
596,6416,385,4215,457.0,0.457
637,6885,385,4215,581.0,0.581
688,7529,385,4215,457.0,0.457
859,10746,385,4215,943.0,0.943
524,5603,386,4216,427.0,0.427
525,5604,386,4216,407.0,0.407
527,5606,386,4216,703.0,0.703
529,5608,386,4216,657.0,0.657
596,6416,386,4216,509.0,0.509
434,5052,387,4217,674.0,0.674
520,5599,387,4217,700.0,0.7
527,5606,387,4217,644.0,0.644
529,5608,387,4217,680.0,0.68
530,5609,387,4217,457.0,0.457
556,5859,387,4217,752.0,0.752
561,5894,387,4217,422.0,0.422
596,6416,387,4217,943.0,0.943
625,6774,387,4217,655.0,0.655
637,6885,387,4217,476.0,0.476
665,7295,387,4217,999.0,0.999
688,7529,387,4217,494.0,0.494
689,7532,387,4217,462.0,0.462
690,7533,387,4217,462.0,0.462
691,7534,387,4217,844.0,0.844
767,9064,387,4217,644.0,0.644
816,9978,387,4217,414.0,0.414
867,10971,387,4217,462.0,0.462
885,11315,387,4217,772.0,0.772
938,26524,387,4217,435.0,0.435
424,4914,388,4233,456.0,0.456
462,5290,388,4233,400.0,0.4
467,5295,388,4233,650.0,0.65
476,5328,388,4233,450.0,0.45
551,5747,388,4233,448.0,0.448
559,5879,388,4233,530.0,0.53
617,6654,388,4233,809.0,0.809
618,6714,388,4233,909.0,0.909
625,6774,388,4233,942.0,0.942
438,5110,389,4282,422.0,0.422
654,7157,389,4282,457.0,0.457
702,8050,389,4282,610.0,0.61
885,11315,389,4282,566.0,0.566
1081,84451,391,4294,545.0,0.545
530,5609,392,4296,724.0,0.724
559,5879,392,4296,595.0,0.595
596,6416,392,4296,695.0,0.695
874,11140,392,4296,532.0,0.532
879,11184,392,4296,457.0,0.457
639,6921,393,4298,900.0,0.9
713,8361,393,4298,457.0,0.457
725,8473,393,4298,540.0,0.54
739,8607,393,4298,661.0,0.661
740,8621,393,4298,540.0,0.54
753,8812,393,4298,586.0,0.586
863,10856,393,4298,629.0,0.629
872,11091,393,4298,816.0,0.816
983,51755,393,4298,540.0,0.54
999,54799,393,4298,540.0,0.54
1079,84444,393,4298,968.0,0.968
395,4323,394,4313,994.0,0.994
924,23621,394,4313,400.0,0.4
439,5111,396,4331,900.0,0.9
482,5469,396,4331,800.0,0.8
636,6872,396,4331,800.0,0.8
654,7157,396,4331,457.0,0.457
655,7158,396,4331,439.0,0.439
708,8294,396,4331,808.0,0.808
711,8359,396,4331,808.0,0.808
712,8360,396,4331,808.0,0.808
713,8361,396,4331,808.0,0.808
714,8364,396,4331,808.0,0.808
715,8365,396,4331,808.0,0.808
716,8366,396,4331,808.0,0.808
717,8367,396,4331,808.0,0.808
718,8368,396,4331,808.0,0.808
740,8621,396,4331,720.0,0.72
746,8731,396,4331,499.0,0.499
753,8812,396,4331,540.0,0.54
790,9439,396,4331,800.0,0.8
816,9978,396,4331,499.0,0.499
821,10038,396,4331,499.0,0.499
933,25885,396,4331,499.0,0.499
983,51755,396,4331,720.0,0.72
1102,121504,396,4331,808.0,0.808
480,5444,398,4353,480.0,0.48
520,5599,399,4361,576.0,0.576
560,5888,399,4361,764.0,0.764
654,7157,399,4361,457.0,0.457
655,7158,399,4361,650.0,0.65
683,7468,399,4361,499.0,0.499
684,7486,399,4361,507.0,0.507
713,8361,399,4361,716.0,0.716
803,9656,399,4361,784.0,0.784
804,9682,399,4361,499.0,0.499
821,10038,399,4361,499.0,0.499
897,23030,399,4361,499.0,0.499
1076,84126,399,4361,630.0,0.63
867,10971,401,4486,479.0,0.479
918,23476,402,4522,880.0,0.88
419,4780,404,4609,505.0,0.505
420,4790,404,4609,440.0,0.44
422,4869,404,4609,618.0,0.618
434,5052,404,4609,666.0,0.666
436,5062,404,4609,457.0,0.457
464,5292,404,4609,457.0,0.457
471,5300,404,4609,746.0,0.746
479,5347,404,4609,457.0,0.457
482,5469,404,4609,457.0,0.457
515,5594,404,4609,457.0,0.457
516,5595,404,4609,596.0,0.596
527,5606,404,4609,483.0,0.483
561,5894,404,4609,442.0,0.442
566,5925,404,4609,600.0,0.6
571,5970,404,4609,457.0,0.457
576,6093,404,4609,545.0,0.545
611,6595,404,4609,420.0,0.42
612,6597,404,4609,877.0,0.877
625,6774,404,4609,521.0,0.521
630,6790,404,4609,778.0,0.778
633,6794,404,4609,410.0,0.41
642,7015,404,4609,478.0,0.478
654,7157,404,4609,958.0,0.958
655,7158,404,4609,518.0,0.518
670,7329,404,4609,503.0,0.503
697,7874,404,4609,457.0,0.457
700,8019,404,4609,414.0,0.414
713,8361,404,4609,638.0,0.638
739,8607,404,4609,900.0,0.9
755,8841,404,4609,793.0,0.793
757,8850,404,4609,955.0,0.955
801,9612,404,4609,705.0,0.705
816,9978,404,4609,680.0,0.68
848,10498,404,4609,457.0,0.457
860,10765,404,4609,941.0,0.941
863,10856,404,4609,820.0,0.82
872,11091,404,4609,930.0,0.93
896,23028,404,4609,810.0,0.81
915,23411,404,4609,471.0,0.471
918,23476,404,4609,538.0,0.538
952,29072,404,4609,405.0,0.405
1001,54904,404,4609,422.0,0.422
1038,57646,404,4609,830.0,0.83
1079,84444,404,4609,743.0,0.743
1086,84864,404,4609,421.0,0.421
1087,84875,404,4609,915.0,0.915
1124,203068,404,4609,420.0,0.42
679,7430,405,4627,803.0,0.803
737,8573,405,4627,499.0,0.499
825,10097,405,4627,588.0,0.588
918,23476,405,4627,457.0,0.457
988,53904,405,4627,499.0,0.499
1108,140469,405,4627,499.0,0.499
906,23186,407,4661,455.0,0.455
409,4698,408,4697,975.0,0.975
410,4716,408,4697,955.0,0.955
411,4719,408,4697,955.0,0.955
412,4720,408,4697,960.0,0.96
413,4722,408,4697,961.0,0.961
414,4729,408,4697,966.0,0.966
885,11315,408,4697,570.0,0.57
965,51079,408,4697,962.0,0.962
1145,374291,408,4697,950.0,0.95
410,4716,409,4698,998.0,0.998
411,4719,409,4698,998.0,0.998
412,4720,409,4698,999.0,0.999
413,4722,409,4698,999.0,0.999
414,4729,409,4698,998.0,0.998
933,25885,409,4698,422.0,0.422
953,29078,409,4698,955.0,0.955
965,51079,409,4698,998.0,0.998
1145,374291,409,4698,999.0,0.999
411,4719,410,4716,999.0,0.999
412,4720,410,4716,999.0,0.999
413,4722,410,4716,998.0,0.998
414,4729,410,4716,999.0,0.999
953,29078,410,4716,867.0,0.867
965,51079,410,4716,999.0,0.999
1145,374291,410,4716,997.0,0.997
412,4720,411,4719,999.0,0.999
413,4722,411,4719,999.0,0.999
414,4729,411,4719,999.0,0.999
595,6390,411,4719,454.0,0.454
965,51079,411,4719,999.0,0.999
1145,374291,411,4719,999.0,0.999
413,4722,412,4720,999.0,0.999
414,4729,412,4720,999.0,0.999
953,29078,412,4720,951.0,0.951
965,51079,412,4720,999.0,0.999
1145,374291,412,4720,999.0,0.999
414,4729,413,4722,999.0,0.999
953,29078,413,4722,953.0,0.953
965,51079,413,4722,999.0,0.999
1145,374291,413,4722,999.0,0.999
595,6390,414,4729,547.0,0.547
965,51079,414,4729,998.0,0.998
1145,374291,414,4729,999.0,0.999
535,5682,415,4738,630.0,0.63
536,5684,415,4738,630.0,0.63
537,5685,415,4738,630.0,0.63
538,5686,415,4738,630.0,0.63
539,5687,415,4738,716.0,0.716
540,5688,415,4738,630.0,0.63
541,5689,415,4738,499.0,0.499
542,5690,415,4738,499.0,0.499
543,5693,415,4738,499.0,0.499
544,5694,415,4738,523.0,0.523
545,5695,415,4738,499.0,0.499
546,5696,415,4738,499.0,0.499
547,5698,415,4738,519.0,0.519
548,5699,415,4738,499.0,0.499
549,5704,415,4738,515.0,0.515
550,5717,415,4738,544.0,0.544
639,6921,415,4738,995.0,0.995
654,7157,415,4738,547.0,0.547
761,8883,415,4738,998.0,0.998
766,9039,415,4738,999.0,0.999
816,9978,415,4738,998.0,0.998
818,10013,415,4738,457.0,0.457
918,23476,415,4738,457.0,0.457
968,51185,415,4738,626.0,0.626
1012,55611,415,4738,507.0,0.507
690,7533,416,4750,420.0,0.42
515,5594,417,4751,568.0,0.568
481,5468,419,4780,569.0,0.569
520,5599,419,4780,457.0,0.457
676,7415,419,4780,499.0,0.499
816,9978,419,4780,499.0,0.499
481,5468,420,4790,688.0,0.688
500,5578,420,4790,493.0,0.493
512,5591,420,4790,416.0,0.416
571,5970,420,4790,999.0,0.999
615,6624,420,4790,551.0,0.551
625,6774,420,4790,781.0,0.781
630,6790,420,4790,432.0,0.432
650,7124,420,4790,846.0,0.846
654,7157,420,4790,921.0,0.921
665,7295,420,4790,957.0,0.957
755,8841,420,4790,615.0,0.615
800,9611,420,4790,671.0,0.671
801,9612,420,4790,426.0,0.426
816,9978,420,4790,499.0,0.499
860,10765,420,4790,482.0,0.482
863,10856,420,4790,646.0,0.646
864,10919,420,4790,402.0,0.402
915,23411,420,4790,448.0,0.448
462,5290,422,4869,499.0,0.499
467,5295,422,4869,708.0,0.708
531,5610,422,4869,457.0,0.457
562,5914,422,4869,584.0,0.584
566,5925,422,4869,630.0,0.63
568,5928,422,4869,933.0,0.933
571,5970,422,4869,457.0,0.457
612,6597,422,4869,473.0,0.473
625,6774,422,4869,499.0,0.499
634,6795,422,4869,403.0,0.403
654,7157,422,4869,944.0,0.944
686,7514,422,4869,545.0,0.545
691,7534,422,4869,447.0,0.447
700,8019,422,4869,489.0,0.489
713,8361,422,4869,925.0,0.925
739,8607,422,4869,800.0,0.8
779,9212,422,4869,457.0,0.457
793,9451,422,4869,400.0,0.4
795,9475,422,4869,744.0,0.744
800,9611,422,4869,502.0,0.502
816,9978,422,4869,546.0,0.546
821,10038,422,4869,649.0,0.649
922,23613,422,4869,420.0,0.42
946,27436,422,4869,400.0,0.4
979,51574,422,4869,457.0,0.457
1101,120892,422,4869,457.0,0.457
425,4915,424,4914,976.0,0.976
426,4916,424,4914,784.0,0.784
462,5290,424,4914,509.0,0.509
463,5291,424,4914,509.0,0.509
467,5295,424,4914,698.0,0.698
468,5296,424,4914,547.0,0.547
516,5595,424,4914,529.0,0.529
650,7124,424,4914,410.0,0.41
688,7529,424,4914,512.0,0.512
819,10014,424,4914,444.0,0.444
426,4916,425,4915,957.0,0.957
462,5290,425,4915,499.0,0.499
467,5295,425,4915,647.0,0.647
572,5979,425,4915,407.0,0.407
617,6654,425,4915,692.0,0.692
758,8851,425,4915,499.0,0.499
462,5290,426,4916,499.0,0.499
467,5295,426,4916,544.0,0.544
617,6654,426,4916,499.0,0.499
618,6714,426,4916,499.0,0.499
430,5025,429,5023,973.0,0.973
431,5027,429,5023,985.0,0.985
431,5027,430,5025,993.0,0.993
433,5034,432,5033,917.0,0.917
599,6469,433,5034,499.0,0.499
659,7184,433,5034,897.0,0.897
688,7529,433,5034,498.0,0.498
907,23193,433,5034,640.0,0.64
960,30001,433,5034,669.0,0.669
996,54658,433,5034,571.0,0.571
649,7099,434,5052,562.0,0.562
665,7295,434,5052,609.0,0.609
802,9641,434,5052,464.0,0.464
954,29110,434,5052,437.0,0.437
972,51377,434,5052,457.0,0.457
436,5062,435,5058,941.0,0.941
437,5063,435,5058,957.0,0.957
559,5879,435,5058,872.0,0.872
561,5894,435,5058,457.0,0.457
617,6654,435,5058,499.0,0.499
618,6714,435,5058,513.0,0.513
437,5063,436,5062,918.0,0.918
559,5879,436,5062,866.0,0.866
561,5894,436,5062,524.0,0.524
617,6654,436,5062,499.0,0.499
618,6714,436,5062,612.0,0.612
559,5879,437,5063,872.0,0.872
618,6714,437,5063,513.0,0.513
698,7965,438,5110,422.0,0.422
724,8445,438,5110,420.0,0.42
512,5591,439,5111,465.0,0.465
560,5888,439,5111,565.0,0.565
651,7150,439,5111,422.0,0.422
654,7157,439,5111,457.0,0.457
670,7329,439,5111,554.0,0.554
673,7398,439,5111,716.0,0.716
676,7415,439,5111,544.0,0.544
684,7486,439,5111,483.0,0.483
710,8318,439,5111,451.0,0.451
770,9100,439,5111,716.0,0.716
816,9978,439,5111,499.0,0.499
835,10309,439,5111,605.0,0.605
863,10856,439,5111,465.0,0.465
1012,55611,439,5111,457.0,0.457
1037,57599,439,5111,630.0,0.63
1101,120892,439,5111,457.0,0.457
1147,387893,439,5111,462.0,0.462
441,5128,440,5127,483.0,0.483
688,7529,440,5127,512.0,0.512
689,7532,440,5127,457.0,0.457
690,7533,440,5127,420.0,0.42
691,7534,440,5127,457.0,0.457
1127,219771,440,5127,844.0,0.844
442,5129,441,5128,591.0,0.591
451,5218,441,5128,611.0,0.611
867,10971,442,5129,420.0,0.42
1046,65061,442,5129,646.0,0.646
466,5294,443,5139,408.0,0.408
477,5339,443,5139,574.0,0.574
466,5294,444,5142,536.0,0.536
447,5159,446,5156,969.0,0.969
462,5290,446,5156,648.0,0.648
463,5291,446,5156,603.0,0.603
467,5295,446,5156,851.0,0.851
468,5296,446,5156,455.0,0.455
527,5606,446,5156,430.0,0.43
617,6654,446,5156,400.0,0.4
618,6714,446,5156,638.0,0.638
625,6774,446,5156,911.0,0.911
626,6776,446,5156,499.0,0.499
667,7297,446,5156,650.0,0.65
462,5290,447,5159,670.0,0.67
463,5291,447,5159,617.0,0.617
467,5295,447,5159,956.0,0.956
468,5296,447,5159,732.0,0.732
561,5894,447,5159,612.0,0.612
585,6199,447,5159,500.0,0.5
617,6654,447,5159,400.0,0.4
618,6714,447,5159,986.0,0.986
625,6774,447,5159,719.0,0.719
626,6776,447,5159,766.0,0.766
667,7297,447,5159,773.0,0.773
787,9368,447,5159,733.0,0.733
830,10188,447,5159,457.0,0.457
508,5586,448,5163,457.0,0.457
584,6198,448,5163,457.0,0.457
702,8050,448,5163,782.0,0.782
462,5290,449,5170,418.0,0.418
501,5579,449,5170,424.0,0.424
506,5584,449,5170,407.0,0.407
507,5585,449,5170,630.0,0.63
508,5586,449,5170,970.0,0.97
510,5588,449,5170,403.0,0.403
511,5590,449,5170,881.0,0.881
559,5879,449,5170,499.0,0.499
583,6197,449,5170,545.0,0.545
584,6198,449,5170,640.0,0.64
598,6446,449,5170,522.0,0.522
618,6714,449,5170,605.0,0.605
637,6885,449,5170,630.0,0.63
817,10000,449,5170,499.0,0.499
867,10971,449,5170,457.0,0.457
872,11091,449,5170,976.0,0.976
957,29941,449,5170,499.0,0.499
1121,200576,449,5170,450.0,0.45
566,5925,451,5218,457.0,0.457
690,7533,451,5218,420.0,0.42
817,10000,451,5218,581.0,0.581
1127,219771,451,5218,997.0,0.997
477,5339,453,5230,433.0,0.433
478,5340,453,5230,658.0,0.658
656,7167,453,5230,788.0,0.788
676,7415,453,5230,483.0,0.483
482,5469,454,5241,499.0,0.499
500,5578,454,5241,436.0,0.436
515,5594,454,5241,414.0,0.414
571,5970,454,5241,616.0,0.616
618,6714,454,5241,793.0,0.793
625,6774,454,5241,650.0,0.65
626,6776,454,5241,819.0,0.819
757,8850,454,5241,457.0,0.457
780,9252,454,5241,406.0,0.406
800,9611,454,5241,988.0,0.988
801,9612,454,5241,977.0,0.977
625,6774,455,5243,613.0,0.613
837,10381,455,5243,471.0,0.471
457,5261,456,5260,729.0,0.729
491,5562,457,5261,603.0,0.603
493,5564,457,5261,577.0,0.577
494,5565,457,5261,573.0,0.573
498,5571,457,5261,582.0,0.582
459,5287,458,5286,925.0,0.925
460,5288,458,5286,939.0,0.939
461,5289,458,5286,540.0,0.54
462,5290,458,5286,636.0,0.636
463,5291,458,5286,670.0,0.67
465,5293,458,5286,614.0,0.614
466,5294,458,5286,540.0,0.54
467,5295,458,5286,900.0,0.9
468,5296,458,5286,900.0,0.9
1000,54861,458,5286,406.0,0.406
460,5288,459,5287,963.0,0.963
461,5289,459,5287,540.0,0.54
462,5290,459,5287,715.0,0.715
463,5291,459,5287,645.0,0.645
465,5293,459,5287,540.0,0.54
466,5294,459,5287,540.0,0.54
467,5295,459,5287,910.0,0.91
468,5296,459,5287,900.0,0.9
617,6654,459,5287,576.0,0.576
461,5289,460,5288,540.0,0.54
462,5290,460,5288,636.0,0.636
463,5291,460,5288,549.0,0.549
465,5293,460,5288,540.0,0.54
466,5294,460,5288,540.0,0.54
467,5295,460,5288,900.0,0.9
468,5296,460,5288,900.0,0.9
462,5290,461,5289,596.0,0.596
463,5291,461,5289,751.0,0.751
465,5293,461,5289,596.0,0.596
466,5294,461,5289,596.0,0.596
467,5295,461,5289,900.0,0.9
468,5296,461,5289,900.0,0.9
721,8408,461,5289,658.0,0.658
1014,55737,461,5289,638.0,0.638
1110,140735,461,5289,499.0,0.499
463,5291,462,5290,998.0,0.998
465,5293,462,5290,998.0,0.998
466,5294,462,5290,996.0,0.996
467,5295,462,5290,999.0,0.999
468,5296,462,5290,999.0,0.999
551,5747,462,5290,734.0,0.734
559,5879,462,5290,591.0,0.591
572,5979,462,5290,499.0,0.499
617,6654,462,5290,538.0,0.538
618,6714,462,5290,547.0,0.547
625,6774,462,5290,571.0,0.571
635,6850,462,5290,499.0,0.499
641,7010,462,5290,499.0,0.499
687,7525,462,5290,520.0,0.52
691,7534,462,5290,683.0,0.683
752,8805,462,5290,499.0,0.499
874,11140,462,5290,499.0,0.499
946,27436,462,5290,499.0,0.499
465,5293,463,5291,998.0,0.998
466,5294,463,5291,996.0,0.996
467,5295,463,5291,999.0,0.999
468,5296,463,5291,999.0,0.999
502,5580,463,5291,571.0,0.571
572,5979,463,5291,499.0,0.499
617,6654,463,5291,499.0,0.499
618,6714,463,5291,482.0,0.482
625,6774,463,5291,499.0,0.499
635,6850,463,5291,499.0,0.499
641,7010,463,5291,499.0,0.499
645,7048,463,5291,451.0,0.451
687,7525,463,5291,499.0,0.499
691,7534,463,5291,499.0,0.499
871,11040,464,5292,900.0,0.9
466,5294,465,5293,992.0,0.992
467,5295,465,5293,999.0,0.999
468,5296,465,5293,999.0,0.999
572,5979,465,5293,499.0,0.499
635,6850,465,5293,612.0,0.612
687,7525,465,5293,499.0,0.499
691,7534,465,5293,499.0,0.499
467,5295,466,5294,996.0,0.996
468,5296,466,5294,997.0,0.997
618,6714,466,5294,499.0,0.499
625,6774,466,5294,499.0,0.499
635,6850,466,5294,427.0,0.427
687,7525,466,5294,499.0,0.499
468,5296,467,5295,998.0,0.998
520,5599,467,5295,457.0,0.457
551,5747,467,5295,720.0,0.72
559,5879,467,5295,660.0,0.66
562,5914,467,5295,488.0,0.488
565,5917,467,5295,443.0,0.443
572,5979,467,5295,833.0,0.833
617,6654,467,5295,824.0,0.824
618,6714,467,5295,862.0,0.862
625,6774,467,5295,847.0,0.847
635,6850,467,5295,744.0,0.744
641,7010,467,5295,562.0,0.562
644,7046,467,5295,683.0,0.683
645,7048,467,5295,481.0,0.481
654,7157,467,5295,603.0,0.603
685,7494,467,5295,555.0,0.555
687,7525,467,5295,630.0,0.63
691,7534,467,5295,934.0,0.934
752,8805,467,5295,499.0,0.499
834,10298,467,5295,636.0,0.636
874,11140,467,5295,499.0,0.499
946,27436,467,5295,499.0,0.499
955,29117,467,5295,802.0,0.802
551,5747,468,5296,630.0,0.63
559,5879,468,5296,452.0,0.452
572,5979,468,5296,719.0,0.719
617,6654,468,5296,499.0,0.499
618,6714,468,5296,557.0,0.557
625,6774,468,5296,480.0,0.48
635,6850,468,5296,763.0,0.763
641,7010,468,5296,499.0,0.499
645,7048,468,5296,540.0,0.54
685,7494,468,5296,806.0,0.806
687,7525,468,5296,499.0,0.499
691,7534,468,5296,575.0,0.575
692,7535,468,5296,408.0,0.408
955,29117,468,5296,565.0,0.565
470,5298,469,5297,900.0,0.9
688,7529,470,5298,530.0,0.53
689,7532,470,5298,733.0,0.733
867,10971,470,5298,459.0,0.459
472,5305,471,5300,580.0,0.58
474,5315,471,5300,420.0,0.42
479,5347,471,5300,661.0,0.661
561,5894,471,5300,457.0,0.457
654,7157,471,5300,830.0,0.83
720,8396,471,5300,499.0,0.499
733,8558,471,5300,568.0,0.568
801,9612,471,5300,644.0,0.644
950,28996,471,5300,953.0,0.953
1060,79837,471,5300,499.0,0.499
574,6046,472,5305,564.0,0.564
700,8019,472,5305,564.0,0.564
720,8396,472,5305,958.0,0.958
918,23476,472,5305,564.0,0.564
1060,79837,472,5305,954.0,0.954
495,5566,473,5311,429.0,0.429
496,5567,473,5311,429.0,0.429
497,5568,473,5311,429.0,0.429
612,6597,474,5315,749.0,0.749
654,7157,474,5315,457.0,0.457
697,7874,474,5315,457.0,0.457
818,10013,474,5315,422.0,0.422
1101,120892,474,5315,457.0,0.457
476,5328,475,5327,706.0,0.706
478,5340,475,5327,996.0,0.996
478,5340,476,5328,857.0,0.857
556,5859,477,5339,473.0,0.473
615,6624,477,5339,412.0,0.412
676,7415,477,5339,470.0,0.47
1101,120892,477,5339,457.0,0.457
656,7167,478,5340,628.0,0.628
858,10733,478,5340,868.0,0.868
480,5444,479,5347,487.0,0.487
487,5520,479,5347,410.0,0.41
560,5888,479,5347,457.0,0.457
571,5970,479,5347,487.0,0.487
628,6788,479,5347,420.0,0.42
630,6790,479,5347,879.0,0.879
652,7153,479,5347,578.0,0.578
654,7157,479,5347,877.0,0.877
655,7158,479,5347,457.0,0.457
682,7465,479,5347,922.0,0.922
713,8361,479,5347,499.0,0.499
757,8850,479,5347,420.0,0.42
769,9088,479,5347,632.0,0.632
774,9133,479,5347,542.0,0.542
796,9493,479,5347,654.0,0.654
858,10733,479,5347,496.0,0.496
868,11004,479,5347,486.0,0.486
880,11200,479,5347,614.0,0.614
482,5469,481,5468,996.0,0.996
500,5578,481,5468,686.0,0.686
515,5594,481,5468,457.0,0.457
525,5604,481,5468,568.0,0.568
562,5914,481,5468,812.0,0.812
569,5929,481,5468,457.0,0.457
571,5970,481,5468,974.0,0.974
587,6256,481,5468,999.0,0.999
588,6257,481,5468,965.0,0.965
589,6258,481,5468,948.0,0.948
611,6595,481,5468,900.0,0.9
612,6597,481,5468,953.0,0.953
618,6714,481,5468,434.0,0.434
625,6774,481,5468,476.0,0.476
626,6776,481,5468,550.0,0.55
635,6850,481,5468,400.0,0.4
654,7157,481,5468,497.0,0.497
670,7329,481,5468,483.0,0.483
672,7376,481,5468,405.0,0.405
755,8841,481,5468,826.0,0.826
768,9070,481,5468,457.0,0.457
790,9439,481,5468,499.0,0.499
800,9611,481,5468,998.0,0.998
801,9612,481,5468,994.0,0.994
808,9759,481,5468,623.0,0.623
824,10062,481,5468,807.0,0.807
833,10280,481,5468,448.0,0.448
834,10298,481,5468,525.0,0.525
902,23097,481,5468,516.0,0.516
915,23411,481,5468,940.0,0.94
986,51780,481,5468,900.0,0.9
1018,55818,481,5468,972.0,0.972
1065,80312,481,5468,798.0,0.798
562,5914,482,5469,880.0,0.88
563,5915,482,5469,708.0,0.708
564,5916,482,5469,524.0,0.524
565,5917,482,5469,400.0,0.4
574,6046,482,5469,586.0,0.586
577,6095,482,5469,499.0,0.499
578,6096,482,5469,499.0,0.499
579,6097,482,5469,499.0,0.499
587,6256,482,5469,929.0,0.929
588,6257,482,5469,698.0,0.698
589,6258,482,5469,698.0,0.698
618,6714,482,5469,900.0,0.9
636,6872,482,5469,800.0,0.8
654,7157,482,5469,746.0,0.746
655,7158,482,5469,439.0,0.439
658,7182,482,5469,499.0,0.499
672,7376,482,5469,765.0,0.765
699,8013,482,5469,499.0,0.499
708,8294,482,5469,800.0,0.8
711,8359,482,5469,800.0,0.8
712,8360,482,5469,800.0,0.8
713,8361,482,5469,886.0,0.886
714,8364,482,5469,800.0,0.8
715,8365,482,5469,800.0,0.8
716,8366,482,5469,800.0,0.8
717,8367,482,5469,800.0,0.8
718,8368,482,5469,800.0,0.8
759,8856,482,5469,499.0,0.499
790,9439,482,5469,993.0,0.993
814,9970,482,5469,784.0,0.784
815,9971,482,5469,636.0,0.636
824,10062,482,5469,742.0,0.742
848,10498,482,5469,900.0,0.9
902,23097,482,5469,944.0,0.944
918,23476,482,5469,457.0,0.457
1102,121504,482,5469,800.0,0.8
665,7295,484,5478,425.0,0.425
655,7158,485,5496,439.0,0.439
697,7874,485,5496,457.0,0.457
880,11200,485,5496,420.0,0.42
979,51574,485,5496,658.0,0.658
525,5604,486,5499,448.0,0.448
566,5925,486,5499,577.0,0.577
644,7046,486,5499,499.0,0.499
645,7048,486,5499,499.0,0.499
725,8473,486,5499,614.0,0.614
739,8607,486,5499,457.0,0.457
771,9113,486,5499,457.0,0.457
863,10856,486,5499,483.0,0.483
1059,79834,486,5499,483.0,0.483
1099,114783,486,5499,465.0,0.465
488,5537,487,5520,454.0,0.454
584,6198,487,5520,457.0,0.457
808,9759,487,5520,543.0,0.543
918,23476,487,5520,457.0,0.457
940,26986,487,5520,499.0,0.499
1101,120892,487,5520,457.0,0.457
512,5591,488,5537,457.0,0.457
637,6885,488,5537,457.0,0.457
779,9212,488,5537,408.0,0.408
1152,440275,488,5537,627.0,0.627
691,7534,489,5538,403.0,0.403
492,5563,491,5562,984.0,0.984
493,5564,491,5562,995.0,0.995
494,5565,491,5562,994.0,0.994
495,5566,491,5562,559.0,0.559
498,5571,491,5562,988.0,0.988
499,5576,491,5562,614.0,0.614
633,6794,491,5562,544.0,0.544
637,6885,491,5562,457.0,0.457
721,8408,491,5562,716.0,0.716
770,9100,491,5562,457.0,0.457
968,51185,491,5562,457.0,0.457
973,51422,491,5562,990.0,0.99
493,5564,492,5563,999.0,0.999
494,5565,492,5563,999.0,0.999
495,5566,492,5563,551.0,0.551
498,5571,492,5563,998.0,0.998
499,5576,492,5563,540.0,0.54
633,6794,492,5563,585.0,0.585
721,8408,492,5563,716.0,0.716
973,51422,492,5563,990.0,0.99
494,5565,493,5564,993.0,0.993
495,5566,493,5564,540.0,0.54
498,5571,493,5564,999.0,0.999
499,5576,493,5564,562.0,0.562
721,8408,493,5564,716.0,0.716
973,51422,493,5564,986.0,0.986
495,5566,494,5565,720.0,0.72
498,5571,494,5565,999.0,0.999
499,5576,494,5565,733.0,0.733
721,8408,494,5565,551.0,0.551
973,51422,494,5565,994.0,0.994
496,5567,495,5566,964.0,0.964
497,5568,495,5566,965.0,0.965
498,5571,495,5566,540.0,0.54
499,5576,495,5566,987.0,0.987
519,5598,495,5566,469.0,0.469
532,5613,495,5566,540.0,0.54
534,5663,495,5566,900.0,0.9
571,5970,495,5566,771.0,0.771
679,7430,495,5566,967.0,0.967
691,7534,495,5566,414.0,0.414
787,9368,495,5566,429.0,0.429
833,10280,495,5566,430.0,0.43
874,11140,495,5566,475.0,0.475
911,23387,495,5566,424.0,0.424
973,51422,495,5566,720.0,0.72
1101,120892,495,5566,459.0,0.459
1103,122011,495,5566,900.0,0.9
497,5568,496,5567,959.0,0.959
499,5576,496,5567,985.0,0.985
532,5613,496,5567,540.0,0.54
534,5663,496,5567,900.0,0.9
679,7430,496,5567,967.0,0.967
787,9368,496,5567,429.0,0.429
833,10280,496,5567,410.0,0.41
1103,122011,496,5567,900.0,0.9
499,5576,497,5568,982.0,0.982
534,5663,497,5568,900.0,0.9
679,7430,497,5568,967.0,0.967
787,9368,497,5568,429.0,0.429
833,10280,497,5568,410.0,0.41
1103,122011,497,5568,900.0,0.9
499,5576,498,5571,540.0,0.54
721,8408,498,5571,716.0,0.716
973,51422,498,5571,971.0,0.971
532,5613,499,5576,686.0,0.686
973,51422,499,5576,720.0,0.72
501,5579,500,5578,957.0,0.957
502,5580,500,5578,948.0,0.948
503,5581,500,5578,659.0,0.659
504,5582,500,5578,959.0,0.959
519,5598,500,5578,420.0,0.42
572,5979,500,5578,499.0,0.499
618,6714,500,5578,822.0,0.822
818,10013,500,5578,457.0,0.457
1053,79109,500,5578,457.0,0.457
1132,253260,500,5578,496.0,0.496
502,5580,501,5579,957.0,0.957
504,5582,501,5579,942.0,0.942
510,5588,501,5579,900.0,0.9
503,5581,502,5580,900.0,0.9
510,5588,502,5580,933.0,0.933
511,5590,502,5580,487.0,0.487
618,6714,502,5580,746.0,0.746
625,6774,502,5580,758.0,0.758
635,6850,502,5580,594.0,0.594
654,7157,502,5580,457.0,0.457
676,7415,502,5580,452.0,0.452
704,8087,502,5580,400.0,0.4
509,5587,503,5581,571.0,0.571
510,5588,503,5581,900.0,0.9
583,6197,503,5581,400.0,0.4
585,6199,503,5581,559.0,0.559
691,7534,503,5581,960.0,0.96
584,6198,504,5582,439.0,0.439
585,6199,504,5582,405.0,0.405
511,5590,506,5584,969.0,0.969
559,5879,506,5584,408.0,0.408
654,7157,506,5584,494.0,0.494
508,5586,507,5585,919.0,0.919
527,5606,507,5585,961.0,0.961
559,5879,507,5585,580.0,0.58
713,8361,507,5585,499.0,0.499
896,23028,507,5585,630.0,0.63
901,23081,507,5585,499.0,0.499
957,29941,507,5585,900.0,0.9
985,51776,507,5585,945.0,0.945
559,5879,508,5586,743.0,0.743
581,6195,508,5586,719.0,0.719
957,29941,508,5586,900.0,0.9
691,7534,509,5587,457.0,0.457
782,9262,509,5587,412.0,0.412
819,10014,509,5587,457.0,0.457
867,10971,509,5587,457.0,0.457
927,23683,509,5587,965.0,0.965
932,25865,509,5587,971.0,0.971
514,5593,510,5588,700.0,0.7
637,6885,510,5588,716.0,0.716
692,7535,510,5588,526.0,0.526
843,10454,510,5588,499.0,0.499
867,10971,510,5588,443.0,0.443
528,5607,511,5590,693.0,0.693
571,5970,511,5590,457.0,0.457
644,7046,511,5590,499.0,0.499
645,7048,511,5590,499.0,0.499
691,7534,511,5590,460.0,0.46
747,8737,511,5590,473.0,0.473
817,10000,511,5590,548.0,0.548
522,5601,512,5591,457.0,0.457
571,5970,512,5591,429.0,0.429
651,7150,512,5591,618.0,0.618
652,7153,512,5591,614.0,0.614
654,7157,512,5591,617.0,0.617
684,7486,512,5591,900.0,0.9
713,8361,512,5591,457.0,0.457
803,9656,512,5591,678.0,0.678
817,10000,512,5591,663.0,0.663
822,10039,512,5591,443.0,0.443
863,10856,512,5591,687.0,0.687
880,11200,512,5591,717.0,0.717
896,23028,512,5591,900.0,0.9
906,23186,512,5591,900.0,0.9
918,23476,512,5591,457.0,0.457
1042,64223,512,5591,566.0,0.566
1053,79109,512,5591,665.0,0.665
1076,84126,512,5591,853.0,0.853
1101,120892,512,5591,457.0,0.457
1132,253260,512,5591,593.0,0.593
514,5593,513,5592,900.0,0.9
516,5595,515,5594,983.0,0.983
519,5598,515,5594,562.0,0.562
520,5599,515,5594,519.0,0.519
525,5604,515,5594,980.0,0.98
526,5605,515,5594,999.0,0.999
527,5606,515,5594,538.0,0.538
529,5608,515,5594,493.0,0.493
530,5609,515,5594,471.0,0.471
561,5894,515,5594,813.0,0.813
581,6195,515,5594,991.0,0.991
582,6196,515,5594,604.0,0.604
583,6197,515,5594,596.0,0.596
614,6622,515,5594,457.0,0.457
618,6714,515,5594,891.0,0.891
625,6774,515,5594,984.0,0.984
626,6776,515,5594,547.0,0.547
654,7157,515,5594,893.0,0.893
688,7529,515,5594,647.0,0.647
732,8550,515,5594,516.0,0.516
736,8569,515,5594,977.0,0.977
756,8844,515,5594,499.0,0.499
763,8986,515,5594,457.0,0.457
781,9261,515,5594,625.0,0.625
818,10013,515,5594,480.0,0.48
825,10097,515,5594,420.0,0.42
874,11140,515,5594,400.0,0.4
880,11200,515,5594,603.0,0.603
1137,283455,515,5594,499.0,0.499
519,5598,516,5595,499.0,0.499
525,5604,516,5595,997.0,0.997
526,5605,516,5595,832.0,0.832
527,5606,516,5595,553.0,0.553
561,5894,516,5595,879.0,0.879
581,6195,516,5595,758.0,0.758
582,6196,516,5595,549.0,0.549
583,6197,516,5595,617.0,0.617
618,6714,516,5595,899.0,0.899
654,7157,516,5595,706.0,0.706
688,7529,516,5595,499.0,0.499
736,8569,516,5595,420.0,0.42
756,8844,516,5595,779.0,0.779
781,9261,516,5595,625.0,0.625
818,10013,516,5595,480.0,0.48
880,11200,516,5595,612.0,0.612
1137,283455,516,5595,499.0,0.499
732,8550,517,5596,904.0,0.904
732,8550,518,5597,991.0,0.991
528,5607,519,5598,987.0,0.987
572,5979,519,5598,499.0,0.499
732,8550,519,5598,493.0,0.493
859,10746,519,5598,623.0,0.623
522,5601,520,5599,986.0,0.986
530,5609,520,5599,623.0,0.623
596,6416,520,5599,954.0,0.954
618,6714,520,5599,420.0,0.42
625,6774,520,5599,560.0,0.56
637,6885,520,5599,457.0,0.457
654,7157,520,5599,775.0,0.775
679,7430,520,5599,448.0,0.448
680,7444,520,5599,439.0,0.439
713,8361,520,5599,499.0,0.499
994,54625,520,5599,491.0,0.491
524,5603,521,5600,525.0,0.525
529,5608,521,5600,934.0,0.934
590,6300,521,5600,677.0,0.677
696,7867,521,5600,933.0,0.933
732,8550,521,5600,763.0,0.763
781,9261,521,5600,986.0,0.986
843,10454,521,5600,482.0,0.482
596,6416,522,5601,745.0,0.745
618,6714,522,5601,420.0,0.42
654,7157,522,5601,457.0,0.457
732,8550,522,5601,403.0,0.403
847,10494,522,5601,418.0,0.418
529,5608,524,5603,932.0,0.932
590,6300,524,5603,767.0,0.767
696,7867,524,5603,613.0,0.613
781,9261,524,5603,937.0,0.937
526,5605,525,5604,991.0,0.991
561,5894,525,5604,990.0,0.99
618,6714,525,5604,536.0,0.536
680,7444,525,5604,457.0,0.457
688,7529,525,5604,793.0,0.793
689,7532,525,5604,420.0,0.42
690,7533,525,5604,435.0,0.435
691,7534,525,5604,709.0,0.709
756,8844,525,5604,983.0,0.983
867,10971,525,5604,601.0,0.601
1137,283455,525,5604,990.0,0.99
561,5894,526,5605,842.0,0.842
598,6446,526,5605,599.0,0.599
618,6714,526,5605,579.0,0.579
688,7529,526,5605,815.0,0.815
690,7533,526,5605,484.0,0.484
725,8473,526,5605,454.0,0.454
756,8844,526,5605,925.0,0.925
867,10971,526,5605,595.0,0.595
1137,283455,526,5605,711.0,0.711
529,5608,527,5606,975.0,0.975
596,6416,527,5606,900.0,0.9
630,6790,527,5606,424.0,0.424
633,6794,527,5606,438.0,0.438
784,9344,527,5606,819.0,0.819
985,51776,527,5606,919.0,0.919
1101,120892,527,5606,457.0,0.457
859,10746,528,5607,972.0,0.972
531,5610,529,5608,559.0,0.559
590,6300,529,5608,953.0,0.953
596,6416,529,5608,926.0,0.926
637,6885,529,5608,629.0,0.629
781,9261,529,5608,926.0,0.926
784,9344,529,5608,657.0,0.657
1101,120892,529,5608,604.0,0.604
596,6416,530,5609,943.0,0.943
637,6885,530,5609,645.0,0.645
680,7444,530,5609,531.0,0.531
777,9175,530,5609,688.0,0.688
859,10746,530,5609,457.0,0.457
1101,120892,530,5609,457.0,0.457
581,6195,531,5610,407.0,0.407
582,6196,531,5610,408.0,0.408
583,6197,531,5610,406.0,0.406
625,6774,531,5610,755.0,0.755
654,7157,531,5610,457.0,0.457
747,8737,531,5610,637.0,0.637
918,23476,531,5610,457.0,0.457
614,6622,533,5644,420.0,0.42
973,51422,534,5663,402.0,0.402
1020,55851,534,5663,999.0,0.999
536,5684,535,5682,999.0,0.999
537,5685,535,5682,998.0,0.998
538,5686,535,5682,998.0,0.998
539,5687,535,5682,996.0,0.996
540,5688,535,5682,998.0,0.998
541,5689,535,5682,999.0,0.999
542,5690,535,5682,996.0,0.996
543,5693,535,5682,997.0,0.997
544,5694,535,5682,999.0,0.999
545,5695,535,5682,997.0,0.997
546,5696,535,5682,993.0,0.993
547,5698,535,5682,994.0,0.994
548,5699,535,5682,993.0,0.993
549,5704,535,5682,955.0,0.955
550,5717,535,5682,956.0,0.956
972,51377,535,5682,912.0,0.912
537,5685,536,5684,999.0,0.999
538,5686,536,5684,997.0,0.997
539,5687,536,5684,999.0,0.999
540,5688,536,5684,997.0,0.997
541,5689,536,5684,999.0,0.999
542,5690,536,5684,999.0,0.999
543,5693,536,5684,997.0,0.997
544,5694,536,5684,998.0,0.998
545,5695,536,5684,997.0,0.997
546,5696,536,5684,989.0,0.989
547,5698,536,5684,996.0,0.996
548,5699,536,5684,991.0,0.991
549,5704,536,5684,968.0,0.968
550,5717,536,5684,969.0,0.969
697,7874,536,5684,408.0,0.408
779,9212,536,5684,588.0,0.588
972,51377,536,5684,868.0,0.868
538,5686,537,5685,998.0,0.998
539,5687,537,5685,998.0,0.998
540,5688,537,5685,998.0,0.998
541,5689,537,5685,997.0,0.997
542,5690,537,5685,999.0,0.999
543,5693,537,5685,998.0,0.998
544,5694,537,5685,998.0,0.998
545,5695,537,5685,997.0,0.997
546,5696,537,5685,993.0,0.993
547,5698,537,5685,994.0,0.994
548,5699,537,5685,969.0,0.969
549,5704,537,5685,964.0,0.964
550,5717,537,5685,960.0,0.96
676,7415,537,5685,408.0,0.408
972,51377,537,5685,868.0,0.868
539,5687,538,5686,999.0,0.999
540,5688,538,5686,998.0,0.998
541,5689,538,5686,999.0,0.999
542,5690,538,5686,998.0,0.998
543,5693,538,5686,998.0,0.998
544,5694,538,5686,996.0,0.996
545,5695,538,5686,998.0,0.998
546,5696,538,5686,993.0,0.993
547,5698,538,5686,990.0,0.99
548,5699,538,5686,987.0,0.987
549,5704,538,5686,969.0,0.969
550,5717,538,5686,957.0,0.957
697,7874,538,5686,408.0,0.408
972,51377,538,5686,868.0,0.868
540,5688,539,5687,997.0,0.997
541,5689,539,5687,996.0,0.996
542,5690,539,5687,996.0,0.996
543,5693,539,5687,997.0,0.997
544,5694,539,5687,999.0,0.999
545,5695,539,5687,999.0,0.999
546,5696,539,5687,992.0,0.992
547,5698,539,5687,995.0,0.995
548,5699,539,5687,986.0,0.986
549,5704,539,5687,980.0,0.98
550,5717,539,5687,959.0,0.959
972,51377,539,5687,868.0,0.868
541,5689,540,5688,997.0,0.997
542,5690,540,5688,999.0,0.999
543,5693,540,5688,998.0,0.998
544,5694,540,5688,998.0,0.998
545,5695,540,5688,997.0,0.997
546,5696,540,5688,994.0,0.994
547,5698,540,5688,992.0,0.992
548,5699,540,5688,970.0,0.97
549,5704,540,5688,960.0,0.96
550,5717,540,5688,957.0,0.957
972,51377,540,5688,868.0,0.868
542,5690,541,5689,998.0,0.998
543,5693,541,5689,999.0,0.999
544,5694,541,5689,998.0,0.998
545,5695,541,5689,999.0,0.999
546,5696,541,5689,997.0,0.997
547,5698,541,5689,991.0,0.991
548,5699,541,5689,991.0,0.991
549,5704,541,5689,962.0,0.962
550,5717,541,5689,953.0,0.953
972,51377,541,5689,868.0,0.868
543,5693,542,5690,999.0,0.999
544,5694,542,5690,998.0,0.998
545,5695,542,5690,996.0,0.996
546,5696,542,5690,996.0,0.996
547,5698,542,5690,995.0,0.995
548,5699,542,5690,979.0,0.979
549,5704,542,5690,965.0,0.965
550,5717,542,5690,960.0,0.96
972,51377,542,5690,868.0,0.868
544,5694,543,5693,999.0,0.999
545,5695,543,5693,999.0,0.999
546,5696,543,5693,907.0,0.907
547,5698,543,5693,946.0,0.946
548,5699,543,5693,939.0,0.939
549,5704,543,5693,964.0,0.964
550,5717,543,5693,948.0,0.948
697,7874,543,5693,408.0,0.408
972,51377,543,5693,807.0,0.807
545,5695,544,5694,999.0,0.999
546,5696,544,5694,958.0,0.958
547,5698,544,5694,897.0,0.897
548,5699,544,5694,941.0,0.941
549,5704,544,5694,951.0,0.951
550,5717,544,5694,945.0,0.945
697,7874,544,5694,408.0,0.408
972,51377,544,5694,771.0,0.771
546,5696,545,5695,969.0,0.969
547,5698,545,5695,955.0,0.955
548,5699,545,5695,793.0,0.793
549,5704,545,5695,958.0,0.958
550,5717,545,5695,950.0,0.95
972,51377,545,5695,868.0,0.868
547,5698,546,5696,999.0,0.999
548,5699,546,5696,999.0,0.999
549,5704,546,5696,764.0,0.764
550,5717,546,5696,638.0,0.638
697,7874,546,5696,408.0,0.408
972,51377,546,5696,737.0,0.737
548,5699,547,5698,999.0,0.999
549,5704,547,5698,729.0,0.729
550,5717,547,5698,726.0,0.726
972,51377,547,5698,674.0,0.674
972,51377,548,5699,525.0,0.525
550,5717,549,5704,998.0,0.998
655,7158,549,5704,439.0,0.439
676,7415,549,5704,422.0,0.422
972,51377,549,5704,945.0,0.945
979,51574,549,5704,457.0,0.457
951,29028,550,5717,402.0,0.402
972,51377,550,5717,861.0,0.861
1101,120892,550,5717,457.0,0.457
559,5879,551,5747,528.0,0.528
572,5979,551,5747,596.0,0.596
617,6654,551,5747,947.0,0.947
618,6714,551,5747,999.0,0.999
625,6774,551,5747,786.0,0.786
635,6850,551,5747,457.0,0.457
639,6921,551,5747,800.0,0.8
654,7157,551,5747,657.0,0.657
679,7430,551,5747,690.0,0.69
687,7525,551,5747,614.0,0.614
721,8408,551,5747,518.0,0.518
1091,89780,551,5747,435.0,0.435
625,6774,552,5753,518.0,0.518
1101,120892,552,5753,918.0,0.918
554,5836,553,5834,965.0,0.965
555,5837,553,5834,959.0,0.959
870,11035,553,5834,430.0,0.43
1101,120892,553,5834,457.0,0.457
555,5837,554,5836,952.0,0.952
870,11035,554,5836,522.0,0.522
918,23476,554,5836,457.0,0.457
870,11035,555,5837,430.0,0.43
565,5917,556,5859,999.0,0.999
698,7965,556,5859,979.0,0.979
734,8565,556,5859,629.0,0.629
975,51520,556,5859,998.0,0.998
1110,140735,557,5870,499.0,0.499
771,9113,558,5871,457.0,0.457
601,6510,559,5879,543.0,0.543
617,6654,559,5879,632.0,0.632
618,6714,559,5879,598.0,0.598
625,6774,559,5879,404.0,0.404
679,7430,559,5879,425.0,0.425
680,7444,559,5879,543.0,0.543
726,8476,559,5879,568.0,0.568
825,10097,559,5879,499.0,0.499
834,10298,559,5879,723.0,0.723
873,11113,559,5879,614.0,0.614
957,29941,559,5879,711.0,0.711
964,50507,559,5879,559.0,0.559
971,51347,559,5879,563.0,0.563
977,51564,559,5879,591.0,0.591
1026,56924,559,5879,845.0,0.845
1033,57144,559,5879,708.0,0.708
1101,120892,559,5879,457.0,0.457
654,7157,560,5888,990.0,0.99
655,7158,560,5888,483.0,0.483
670,7329,560,5888,662.0,0.662
676,7415,560,5888,410.0,0.41
684,7486,560,5888,897.0,0.897
713,8361,560,5888,499.0,0.499
803,9656,560,5888,595.0,0.595
1076,84126,560,5888,497.0,0.497
566,5925,561,5894,457.0,0.457
598,6446,561,5894,716.0,0.716
618,6714,561,5894,926.0,0.926
625,6774,561,5894,489.0,0.489
628,6788,561,5894,457.0,0.457
630,6790,561,5894,400.0,0.4
688,7529,561,5894,966.0,0.966
689,7532,561,5894,574.0,0.574
690,7533,561,5894,820.0,0.82
691,7534,561,5894,999.0,0.999
756,8844,561,5894,998.0,0.998
826,10110,561,5894,499.0,0.499
867,10971,561,5894,611.0,0.611
874,11140,561,5894,963.0,0.963
926,23678,561,5894,499.0,0.499
1137,283455,561,5894,531.0,0.531
563,5915,562,5914,980.0,0.98
564,5916,562,5914,927.0,0.927
568,5928,562,5914,499.0,0.499
587,6256,562,5914,999.0,0.999
588,6257,562,5914,980.0,0.98
589,6258,562,5914,938.0,0.938
618,6714,562,5914,420.0,0.42
626,6776,562,5914,445.0,0.445
713,8361,562,5914,499.0,0.499
745,8714,562,5914,424.0,0.424
752,8805,562,5914,665.0,0.665
755,8841,562,5914,630.0,0.63
757,8850,562,5914,470.0,0.47
800,9611,562,5914,999.0,0.999
801,9612,562,5914,987.0,0.987
808,9759,562,5914,659.0,0.659
903,23133,562,5914,568.0,0.568
564,5916,563,5915,905.0,0.905
568,5928,563,5915,499.0,0.499
587,6256,563,5915,992.0,0.992
588,6257,563,5915,986.0,0.986
589,6258,563,5915,948.0,0.948
713,8361,563,5915,499.0,0.499
800,9611,563,5915,514.0,0.514
801,9612,563,5915,598.0,0.598
568,5928,564,5916,499.0,0.499
587,6256,564,5916,925.0,0.925
588,6257,564,5916,881.0,0.881
589,6258,564,5916,927.0,0.927
653,7155,564,5916,447.0,0.447
713,8361,564,5916,499.0,0.499
755,8841,564,5916,499.0,0.499
800,9611,564,5916,656.0,0.656
801,9612,564,5916,597.0,0.597
588,6257,565,5917,477.0,0.477
626,6776,565,5917,420.0,0.42
698,7965,565,5917,969.0,0.969
752,8805,565,5917,485.0,0.485
757,8850,565,5917,426.0,0.426
800,9611,565,5917,885.0,0.885
801,9612,565,5917,823.0,0.823
975,51520,565,5917,998.0,0.998
979,51574,565,5917,457.0,0.457
567,5927,566,5925,810.0,0.81
568,5928,566,5925,720.0,0.72
611,6595,566,5925,793.0,0.793
612,6597,566,5925,891.0,0.891
636,6872,566,5925,457.0,0.457
654,7157,566,5925,691.0,0.691
655,7158,566,5925,900.0,0.9
755,8841,566,5925,459.0,0.459
757,8850,566,5925,457.0,0.457
860,10765,566,5925,457.0,0.457
876,11176,566,5925,540.0,0.54
887,11335,566,5925,587.0,0.587
891,22933,566,5925,540.0,0.54
915,23411,566,5925,739.0,0.739
918,23476,566,5925,457.0,0.457
936,26013,566,5925,688.0,0.688
1005,55193,566,5925,720.0,0.72
1051,65980,566,5925,720.0,0.72
568,5928,567,5927,509.0,0.509
864,10919,567,5927,427.0,0.427
587,6256,568,5928,499.0,0.499
611,6595,568,5928,409.0,0.409
658,7182,568,5928,457.0,0.457
713,8361,568,5928,994.0,0.994
714,8364,568,5928,510.0,0.51
716,8366,568,5928,416.0,0.416
718,8368,568,5928,426.0,0.426
725,8473,568,5928,540.0,0.54
729,8520,568,5928,785.0,0.785
739,8607,568,5928,810.0,0.81
755,8841,568,5928,961.0,0.961
800,9611,568,5928,809.0,0.809
808,9759,568,5928,560.0,0.56
818,10013,568,5928,437.0,0.437
819,10014,568,5928,427.0,0.427
864,10919,568,5928,537.0,0.537
877,11177,568,5928,919.0,0.919
896,23028,568,5928,965.0,0.965
906,23186,568,5928,705.0,0.705
918,23476,568,5928,457.0,0.457
947,27443,568,5928,900.0,0.9
1021,55869,568,5928,901.0,0.901
1065,80312,568,5928,540.0,0.54
636,6872,569,5929,900.0,0.9
654,7157,569,5929,457.0,0.457
674,7403,569,5929,994.0,0.994
708,8294,569,5929,921.0,0.921
711,8359,569,5929,921.0,0.921
712,8360,569,5929,921.0,0.921
713,8361,569,5929,976.0,0.976
714,8364,569,5929,921.0,0.921
715,8365,569,5929,921.0,0.921
716,8366,569,5929,921.0,0.921
717,8367,569,5929,921.0,0.921
718,8368,569,5929,921.0,0.921
725,8473,569,5929,457.0,0.457
739,8607,569,5929,900.0,0.9
757,8850,569,5929,499.0,0.499
768,9070,569,5929,999.0,0.999
816,9978,569,5929,499.0,0.499
863,10856,569,5929,900.0,0.9
868,11004,569,5929,420.0,0.42
872,11091,569,5929,999.0,0.999
900,23067,569,5929,998.0,0.998
904,23135,569,5929,913.0,0.913
952,29072,569,5929,618.0,0.618
1102,121504,569,5929,921.0,0.921
1147,387893,569,5929,411.0,0.411
803,9656,570,5965,439.0,0.439
587,6256,571,5970,542.0,0.542
625,6774,571,5970,937.0,0.937
637,6885,571,5970,596.0,0.596
650,7124,571,5970,749.0,0.749
654,7157,571,5970,858.0,0.858
697,7874,571,5970,778.0,0.778
755,8841,571,5970,457.0,0.457
757,8850,571,5970,524.0,0.524
780,9252,571,5970,542.0,0.542
801,9612,571,5970,506.0,0.506
816,9978,571,5970,499.0,0.499
841,10419,571,5970,457.0,0.457
848,10498,571,5970,457.0,0.457
888,22807,571,5970,424.0,0.424
915,23411,571,5970,861.0,0.861
918,23476,571,5970,998.0,0.998
954,29110,571,5970,457.0,0.457
976,51548,571,5970,938.0,0.938
998,54790,571,5970,650.0,0.65
1058,79813,571,5970,602.0,0.602
1068,80854,571,5970,457.0,0.457
617,6654,572,5979,557.0,0.557
618,6714,572,5979,820.0,0.82
625,6774,572,5979,657.0,0.657
701,8030,572,5979,900.0,0.9
959,29956,572,5979,425.0,0.425
1105,131890,573,6011,900.0,0.9
611,6595,574,6046,420.0,0.42
612,6597,574,6046,683.0,0.683
625,6774,574,6046,418.0,0.418
636,6872,574,6046,623.0,0.623
651,7150,574,6046,457.0,0.457
683,7468,574,6046,564.0,0.564
700,8019,574,6046,984.0,0.984
708,8294,574,6046,907.0,0.907
711,8359,574,6046,907.0,0.907
712,8360,574,6046,907.0,0.907
713,8361,574,6046,998.0,0.998
714,8364,574,6046,907.0,0.907
715,8365,574,6046,907.0,0.907
716,8366,574,6046,907.0,0.907
717,8367,574,6046,907.0,0.907
718,8368,574,6046,907.0,0.907
720,8396,574,6046,420.0,0.42
752,8805,574,6046,420.0,0.42
757,8850,574,6046,405.0,0.405
762,8899,574,6046,564.0,0.564
808,9759,574,6046,499.0,0.499
845,10465,574,6046,420.0,0.42
864,10919,574,6046,420.0,0.42
887,11335,574,6046,564.0,0.564
908,23210,574,6046,675.0,0.675
918,23476,574,6046,899.0,0.899
922,23613,574,6046,636.0,0.636
955,29117,574,6046,564.0,0.564
979,51574,574,6046,420.0,0.42
1001,54904,574,6046,830.0,0.83
1005,55193,574,6046,564.0,0.564
1037,57599,574,6046,420.0,0.42
1051,65980,574,6046,564.0,0.564
1058,79813,574,6046,420.0,0.42
1060,79837,574,6046,420.0,0.42
1062,79885,574,6046,572.0,0.572
1102,121504,574,6046,907.0,0.907
1119,197259,574,6046,420.0,0.42
1129,221656,574,6046,420.0,0.42
795,9475,576,6093,975.0,0.975
818,10013,576,6093,410.0,0.41
578,6096,577,6095,933.0,0.933
579,6097,577,6095,900.0,0.9
800,9611,577,6095,516.0,0.516
801,9612,577,6095,516.0,0.516
579,6097,578,6096,930.0,0.93
800,9611,578,6096,650.0,0.65
801,9612,578,6096,672.0,0.672
800,9611,579,6097,565.0,0.565
801,9612,579,6097,954.0,0.954
582,6196,581,6195,669.0,0.669
583,6197,581,6195,683.0,0.683
793,9451,581,6195,407.0,0.407
583,6197,582,6196,669.0,0.669
787,9368,583,6197,484.0,0.484
795,9475,583,6197,459.0,0.459
585,6199,584,6198,909.0,0.909
633,6794,584,6198,427.0,0.427
642,7015,584,6198,495.0,0.495
954,29110,584,6198,876.0,0.876
956,29904,584,6198,517.0,0.517
1066,80347,584,6198,405.0,0.405
1132,253260,584,6198,657.0,0.657
800,9611,585,6199,870.0,0.87
588,6257,587,6256,902.0,0.902
589,6258,587,6256,938.0,0.938
618,6714,587,6256,554.0,0.554
672,7376,587,6256,992.0,0.992
713,8361,587,6256,499.0,0.499
752,8805,587,6256,457.0,0.457
755,8841,587,6256,741.0,0.741
757,8850,587,6256,650.0,0.65
759,8856,587,6256,998.0,0.998
790,9439,587,6256,499.0,0.499
800,9611,587,6256,881.0,0.881
801,9612,587,6256,985.0,0.985
804,9682,587,6256,499.0,0.499
808,9759,587,6256,575.0,0.575
814,9970,587,6256,962.0,0.962
815,9971,587,6256,999.0,0.999
824,10062,587,6256,999.0,0.999
848,10498,587,6256,530.0,0.53
896,23028,587,6256,499.0,0.499
902,23097,587,6256,516.0,0.516
1018,55818,587,6256,499.0,0.499
1129,221656,587,6256,499.0,0.499
589,6258,588,6257,924.0,0.924
672,7376,588,6257,983.0,0.983
755,8841,588,6257,650.0,0.65
757,8850,588,6257,650.0,0.65
759,8856,588,6257,464.0,0.464
800,9611,588,6257,800.0,0.8
801,9612,588,6257,551.0,0.551
804,9682,588,6257,499.0,0.499
815,9971,588,6257,699.0,0.699
824,10062,588,6257,996.0,0.996
896,23028,588,6257,499.0,0.499
1018,55818,588,6257,499.0,0.499
1129,221656,588,6257,499.0,0.499
672,7376,589,6258,731.0,0.731
755,8841,589,6258,650.0,0.65
757,8850,589,6258,650.0,0.65
800,9611,589,6258,685.0,0.685
801,9612,589,6258,608.0,0.608
815,9971,589,6258,752.0,0.752
824,10062,589,6258,815.0,0.815
732,8550,590,6300,470.0,0.47
781,9261,590,6300,937.0,0.937
1029,57097,590,6300,472.0,0.472
1095,91807,590,6300,468.0,0.468
676,7415,591,6319,457.0,0.457
690,7533,592,6331,692.0,0.692
679,7430,593,6383,729.0,0.729
737,8573,593,6383,902.0,0.902
595,6390,594,6389,999.0,0.999
828,10131,594,6389,420.0,0.42
914,23410,594,6389,573.0,0.573
828,10131,595,6390,900.0,0.9
637,6885,596,6416,509.0,0.509
859,10746,596,6416,457.0,0.457
1094,91754,596,6416,442.0,0.442
622,6733,597,6431,504.0,0.504
979,51574,597,6431,464.0,0.464
826,10110,598,6446,900.0,0.9
926,23678,598,6446,900.0,0.9
1047,65125,598,6446,457.0,0.457
1053,79109,598,6446,492.0,0.492
613,6608,599,6469,986.0,0.986
676,7415,599,6469,499.0,0.499
668,7298,600,6472,568.0,0.568
650,7124,602,6513,644.0,0.644
1091,89780,602,6513,465.0,0.465
614,6622,603,6530,672.0,0.672
614,6622,604,6531,911.0,0.911
614,6622,605,6532,457.0,0.457
772,9123,606,6566,499.0,0.499
968,51185,606,6566,557.0,0.557
741,8644,607,6573,430.0,0.43
959,29956,608,6580,454.0,0.454
612,6597,611,6595,999.0,0.999
639,6921,611,6595,800.0,0.8
653,7155,611,6595,424.0,0.424
800,9611,611,6595,637.0,0.637
841,10419,611,6595,822.0,0.822
877,11177,611,6595,678.0,0.678
955,29117,611,6595,956.0,0.956
986,51780,611,6595,650.0,0.65
1005,55193,611,6595,995.0,0.995
1018,55818,611,6595,650.0,0.65
1051,65980,611,6595,986.0,0.986
633,6794,612,6597,761.0,0.761
636,6872,612,6597,451.0,0.451
639,6921,612,6597,800.0,0.8
642,7015,612,6597,978.0,0.978
651,7150,612,6597,415.0,0.415
653,7155,612,6597,556.0,0.556
654,7157,612,6597,941.0,0.941
674,7403,612,6597,545.0,0.545
689,7532,612,6597,420.0,0.42
690,7533,612,6597,412.0,0.412
691,7534,612,6597,555.0,0.555
706,8239,612,6597,416.0,0.416
708,8294,612,6597,913.0,0.913
711,8359,612,6597,913.0,0.913
712,8360,612,6597,913.0,0.913
713,8361,612,6597,939.0,0.939
714,8364,612,6597,913.0,0.913
715,8365,612,6597,913.0,0.913
716,8366,612,6597,913.0,0.913
717,8367,612,6597,913.0,0.913
718,8368,612,6597,913.0,0.913
757,8850,612,6597,781.0,0.781
780,9252,612,6597,574.0,0.574
800,9611,612,6597,655.0,0.655
803,9656,612,6597,445.0,0.445
804,9682,612,6597,525.0,0.525
806,9734,612,6597,893.0,0.893
808,9759,612,6597,517.0,0.517
841,10419,612,6597,950.0,0.95
848,10498,612,6597,503.0,0.503
864,10919,612,6597,589.0,0.589
872,11091,612,6597,441.0,0.441
877,11177,612,6597,400.0,0.4
887,11335,612,6597,595.0,0.595
896,23028,612,6597,763.0,0.763
897,23030,612,6597,664.0,0.664
904,23135,612,6597,846.0,0.846
906,23186,612,6597,619.0,0.619
915,23411,612,6597,422.0,0.422
918,23476,612,6597,709.0,0.709
955,29117,612,6597,999.0,0.999
978,51567,612,6597,433.0,0.433
981,51701,612,6597,412.0,0.412
986,51780,612,6597,650.0,0.65
1005,55193,612,6597,999.0,0.999
1018,55818,612,6597,956.0,0.956
1051,65980,612,6597,987.0,0.987
1062,79885,612,6597,420.0,0.42
1084,84678,612,6597,414.0,0.414
1102,121504,612,6597,913.0,0.913
649,7099,614,6622,518.0,0.518
690,7533,614,6622,651.0,0.651
706,8239,614,6622,926.0,0.926
818,10013,614,6622,568.0,0.568
836,10376,614,6622,457.0,0.457
861,10769,614,6622,457.0,0.457
867,10971,614,6622,483.0,0.483
885,11315,614,6622,862.0,0.862
916,23435,614,6622,901.0,0.901
1101,120892,614,6622,772.0,0.772
679,7430,615,6624,416.0,0.416
918,23476,615,6624,457.0,0.457
618,6714,617,6654,845.0,0.845
635,6850,617,6654,473.0,0.473
640,7006,617,6654,499.0,0.499
641,7010,617,6654,400.0,0.4
645,7048,617,6654,543.0,0.543
664,7294,617,6654,499.0,0.499
679,7430,617,6654,410.0,0.41
687,7525,617,6654,516.0,0.516
691,7534,617,6654,923.0,0.923
874,11140,617,6654,499.0,0.499
1132,253260,617,6654,431.0,0.431
625,6774,618,6714,994.0,0.994
626,6776,618,6714,612.0,0.612
635,6850,618,6714,990.0,0.99
645,7048,618,6714,814.0,0.814
649,7099,618,6714,517.0,0.517
650,7124,618,6714,592.0,0.592
654,7157,618,6714,556.0,0.556
687,7525,618,6714,972.0,0.972
688,7529,618,6714,733.0,0.733
691,7534,618,6714,405.0,0.405
692,7535,618,6714,457.0,0.457
755,8841,618,6714,457.0,0.457
756,8844,618,6714,539.0,0.539
830,10188,618,6714,481.0,0.481
843,10454,618,6714,456.0,0.456
848,10498,618,6714,914.0,0.914
874,11140,618,6714,736.0,0.736
938,26524,618,6714,457.0,0.457
954,29110,618,6714,563.0,0.563
957,29941,618,6714,602.0,0.602
964,50507,618,6714,409.0,0.409
622,6733,621,6732,846.0,0.846
630,6790,621,6732,540.0,0.54
762,8899,621,6732,501.0,0.501
857,10713,621,6732,457.0,0.457
918,23476,621,6732,487.0,0.487
939,26576,621,6732,446.0,0.446
688,7529,622,6733,457.0,0.457
700,8019,622,6733,465.0,0.465
740,8621,622,6733,400.0,0.4
762,8899,622,6733,435.0,0.435
626,6776,625,6774,996.0,0.996
635,6850,625,6774,917.0,0.917
637,6885,625,6774,608.0,0.608
654,7157,625,6774,819.0,0.819
667,7297,625,6774,843.0,0.843
687,7525,625,6774,518.0,0.518
755,8841,625,6774,457.0,0.457
756,8844,625,6774,409.0,0.409
841,10419,625,6774,597.0,0.597
915,23411,625,6774,457.0,0.457
918,23476,625,6774,633.0,0.633
946,27436,625,6774,499.0,0.499
965,51079,625,6774,878.0,0.878
1021,55869,625,6774,567.0,0.567
635,6850,626,6776,520.0,0.52
654,7157,626,6776,430.0,0.43
667,7297,626,6776,878.0,0.878
687,7525,626,6776,518.0,0.518
702,8050,626,6776,628.0,0.628
801,9612,626,6776,580.0,0.58
817,10000,626,6776,426.0,0.426
896,23028,626,6776,738.0,0.738
998,54790,626,6776,693.0,0.693
1065,80312,626,6776,400.0,0.4
862,10783,627,6787,403.0,0.403
629,6789,628,6788,957.0,0.957
771,9113,628,6788,457.0,0.457
938,26524,628,6788,457.0,0.457
771,9113,629,6789,635.0,0.635
938,26524,629,6789,654.0,0.654
634,6795,630,6790,712.0,0.712
638,6897,630,6790,561.0,0.561
654,7157,630,6790,963.0,0.963
774,9133,630,6790,769.0,0.769
779,9212,630,6790,742.0,0.742
816,9978,630,6790,499.0,0.499
818,10013,630,6790,717.0,0.717
849,10521,630,6790,497.0,0.497
892,22974,630,6790,999.0,0.999
938,26524,630,6790,609.0,0.609
1003,54998,630,6790,457.0,0.457
1038,57646,630,6790,444.0,0.444
748,8767,632,6793,429.0,0.429
654,7157,633,6794,716.0,0.716
689,7532,633,6794,546.0,0.546
690,7533,633,6794,444.0,0.444
691,7534,633,6794,544.0,0.544
811,9891,633,6794,882.0,0.882
855,10645,633,6794,901.0,0.901
874,11140,633,6794,692.0,0.692
915,23411,633,6794,556.0,0.556
972,51377,633,6794,410.0,0.41
779,9212,634,6795,887.0,0.887
639,6921,635,6850,499.0,0.499
640,7006,635,6850,400.0,0.4
649,7099,635,6850,885.0,0.885
664,7294,635,6850,517.0,0.517
667,7297,635,6850,800.0,0.8
692,7535,635,6850,974.0,0.974
787,9368,635,6850,408.0,0.408
969,51206,635,6850,499.0,0.499
654,7157,636,6872,894.0,0.894
695,7862,636,6872,420.0,0.42
700,8019,636,6872,623.0,0.623
708,8294,636,6872,816.0,0.816
711,8359,636,6872,816.0,0.816
712,8360,636,6872,816.0,0.816
713,8361,636,6872,989.0,0.989
714,8364,636,6872,816.0,0.816
715,8365,636,6872,816.0,0.816
716,8366,636,6872,816.0,0.816
717,8367,636,6872,816.0,0.816
718,8368,636,6872,816.0,0.816
739,8607,636,6872,900.0,0.9
768,9070,636,6872,540.0,0.54
790,9439,636,6872,800.0,0.8
863,10856,636,6872,900.0,0.9
872,11091,636,6872,926.0,0.926
906,23186,636,6872,420.0,0.42
918,23476,636,6872,508.0,0.508
943,27154,636,6872,420.0,0.42
1028,56997,636,6872,420.0,0.42
1062,79885,636,6872,661.0,0.661
1102,121504,636,6872,816.0,0.816
1106,138474,636,6872,931.0,0.931
1132,253260,636,6872,420.0,0.42
644,7046,637,6885,457.0,0.457
649,7099,637,6885,647.0,0.647
650,7124,637,6885,882.0,0.882
680,7444,637,6885,472.0,0.472
739,8607,637,6885,548.0,0.548
747,8737,637,6885,954.0,0.954
748,8767,637,6885,716.0,0.716
757,8850,637,6885,720.0,0.72
840,10392,637,6885,515.0,0.515
843,10454,637,6885,999.0,0.999
872,11091,637,6885,720.0,0.72
874,11140,637,6885,459.0,0.459
898,23043,637,6885,521.0,0.521
917,23450,637,6885,540.0,0.54
950,28996,637,6885,457.0,0.457
981,51701,637,6885,548.0,0.548
1041,64127,637,6885,725.0,0.725
918,23476,638,6897,457.0,0.457
654,7157,639,6921,405.0,0.405
667,7297,639,6921,499.0,0.499
710,8318,639,6921,800.0,0.8
740,8621,639,6921,540.0,0.54
747,8737,639,6921,800.0,0.8
753,8812,639,6921,540.0,0.54
816,9978,639,6921,999.0,0.999
872,11091,639,6921,800.0,0.8
918,23476,639,6921,886.0,0.886
983,51755,639,6921,540.0,0.54
993,54583,639,6921,499.0,0.499
664,7294,640,7006,400.0,0.4
647,7075,641,7010,658.0,0.658
708,8294,642,7015,408.0,0.408
713,8361,642,7015,407.0,0.407
739,8607,642,7015,901.0,0.901
863,10856,642,7015,963.0,0.963
688,7529,643,7016,470.0,0.47
1036,57551,643,7016,404.0,0.404
645,7048,644,7046,999.0,0.999
843,10454,644,7046,842.0,0.842
972,51377,644,7046,499.0,0.499
650,7124,645,7048,627.0,0.627
972,51377,645,7048,499.0,0.499
659,7184,649,7099,971.0,0.971
747,8737,649,7099,869.0,0.869
802,9641,649,7099,627.0,0.627
829,10135,649,7099,400.0,0.4
843,10454,649,7099,499.0,0.499
870,11035,649,7099,499.0,0.499
954,29110,649,7099,853.0,0.853
964,50507,649,7099,988.0,0.988
747,8737,650,7124,956.0,0.956
802,9641,650,7124,874.0,0.874
828,10131,650,7124,506.0,0.506
843,10454,650,7124,870.0,0.87
870,11035,650,7124,734.0,0.734
918,23476,650,7124,575.0,0.575
954,29110,650,7124,867.0,0.867
982,51752,650,7124,571.0,0.571
1020,55851,650,7124,823.0,0.823
1119,197259,650,7124,734.0,0.734
652,7153,651,7150,745.0,0.745
653,7155,651,7150,701.0,0.701
654,7157,651,7150,822.0,0.822
655,7158,651,7150,420.0,0.42
684,7486,651,7150,451.0,0.451
803,9656,651,7150,420.0,0.42
849,10521,651,7150,422.0,0.422
895,23020,651,7150,422.0,0.422
918,23476,651,7150,457.0,0.457
940,26986,651,7150,431.0,0.431
955,29117,651,7150,422.0,0.422
653,7155,652,7153,946.0,0.946
654,7157,652,7153,457.0,0.457
713,8361,652,7153,457.0,0.457
796,9493,652,7153,407.0,0.407
918,23476,652,7153,702.0,0.702
654,7157,653,7155,422.0,0.422
918,23476,653,7155,457.0,0.457
655,7158,654,7157,999.0,0.999
665,7295,654,7157,408.0,0.408
670,7329,654,7157,880.0,0.88
683,7468,654,7157,459.0,0.459
684,7486,654,7157,792.0,0.792
686,7514,654,7157,813.0,0.813
688,7529,654,7157,492.0,0.492
689,7532,654,7157,528.0,0.528
691,7534,654,7157,948.0,0.948
695,7862,654,7157,499.0,0.499
697,7874,654,7157,982.0,0.982
698,7965,654,7157,566.0,0.566
699,8013,654,7157,418.0,0.418
708,8294,654,7157,800.0,0.8
711,8359,654,7157,800.0,0.8
712,8360,654,7157,800.0,0.8
713,8361,654,7157,821.0,0.821
714,8364,654,7157,800.0,0.8
715,8365,654,7157,800.0,0.8
716,8366,654,7157,800.0,0.8
717,8367,654,7157,800.0,0.8
718,8368,654,7157,800.0,0.8
728,8493,654,7157,457.0,0.457
752,8805,654,7157,552.0,0.552
757,8850,654,7157,812.0,0.812
768,9070,654,7157,457.0,0.457
770,9100,654,7157,744.0,0.744
779,9212,654,7157,716.0,0.716
800,9611,654,7157,646.0,0.646
801,9612,654,7157,433.0,0.433
804,9682,654,7157,481.0,0.481
811,9891,654,7157,630.0,0.63
816,9978,654,7157,422.0,0.422
827,10114,654,7157,435.0,0.435
838,10383,654,7157,406.0,0.406
841,10419,654,7157,851.0,0.851
848,10498,654,7157,882.0,0.882
849,10521,654,7157,952.0,0.952
872,11091,654,7157,457.0,0.457
880,11200,654,7157,926.0,0.926
885,11315,654,7157,465.0,0.465
891,22933,654,7157,410.0,0.41
896,23028,654,7157,465.0,0.465
904,23135,654,7157,629.0,0.629
910,23358,654,7157,630.0,0.63
915,23411,654,7157,950.0,0.95
918,23476,654,7157,957.0,0.957
919,23569,654,7157,782.0,0.782
929,23774,654,7157,772.0,0.772
936,26013,654,7157,974.0,0.974
943,27154,654,7157,698.0,0.698
950,28996,654,7157,933.0,0.933
952,29072,654,7157,525.0,0.525
955,29117,654,7157,971.0,0.971
1012,55611,654,7157,716.0,0.716
1021,55869,654,7157,487.0,0.487
1022,55872,654,7157,661.0,0.661
1038,57646,654,7157,475.0,0.475
1050,65975,654,7157,420.0,0.42
1058,79813,654,7157,459.0,0.459
1068,80854,654,7157,619.0,0.619
1076,84126,654,7157,495.0,0.495
1097,112858,654,7157,827.0,0.827
1101,120892,654,7157,457.0,0.457
1102,121504,654,7157,800.0,0.8
1124,203068,654,7157,465.0,0.465
1125,204851,654,7157,778.0,0.778
658,7182,655,7158,439.0,0.439
670,7329,655,7158,587.0,0.587
676,7415,655,7158,587.0,0.587
683,7468,655,7158,499.0,0.499
708,8294,655,7158,900.0,0.9
711,8359,655,7158,900.0,0.9
712,8360,655,7158,900.0,0.9
713,8361,655,7158,998.0,0.998
714,8364,655,7158,900.0,0.9
715,8365,655,7158,900.0,0.9
716,8366,655,7158,900.0,0.9
717,8367,655,7158,900.0,0.9
718,8368,655,7158,900.0,0.9
725,8473,655,7158,420.0,0.42
746,8731,655,7158,420.0,0.42
768,9070,655,7158,566.0,0.566
801,9612,655,7158,420.0,0.42
803,9656,655,7158,995.0,0.995
808,9759,655,7158,818.0,0.818
810,9874,655,7158,420.0,0.42
848,10498,655,7158,439.0,0.439
880,11200,655,7158,743.0,0.743
896,23028,655,7158,527.0,0.527
902,23097,655,7158,439.0,0.439
916,23435,655,7158,432.0,0.432
918,23476,655,7158,535.0,0.535
1038,57646,655,7158,986.0,0.986
1076,84126,655,7158,420.0,0.42
1102,121504,655,7158,900.0,0.9
1110,140735,655,7158,517.0,0.517
713,8361,658,7182,457.0,0.457
755,8841,658,7182,457.0,0.457
800,9611,658,7182,766.0,0.766
801,9612,658,7182,514.0,0.514
896,23028,658,7182,654.0,0.654
674,7403,659,7184,403.0,0.403
793,9451,659,7184,637.0,0.637
874,11140,659,7184,926.0,0.926
904,23135,659,7184,403.0,0.403
907,23193,659,7184,676.0,0.676
996,54658,659,7184,561.0,0.561
694,7846,663,7277,642.0,0.642
818,10013,663,7277,463.0,0.463
837,10381,663,7277,978.0,0.978
838,10383,663,7277,984.0,0.984
1085,84790,663,7277,412.0,0.412
1124,203068,663,7277,984.0,0.984
666,7296,665,7295,986.0,0.986
691,7534,665,7295,442.0,0.442
972,51377,665,7295,421.0,0.421
702,8050,666,7296,514.0,0.514
685,7494,670,7329,562.0,0.562
686,7514,670,7329,567.0,0.567
713,8361,670,7329,457.0,0.457
808,9759,670,7329,659.0,0.659
823,10055,670,7329,885.0,0.885
906,23186,670,7329,613.0,0.613
950,28996,670,7329,787.0,0.787
977,51564,670,7329,542.0,0.542
980,51592,670,7329,457.0,0.457
755,8841,672,7376,499.0,0.499
800,9611,672,7376,790.0,0.79
801,9612,672,7376,758.0,0.758
804,9682,672,7376,499.0,0.499
824,10062,672,7376,910.0,0.91
896,23028,672,7376,630.0,0.63
1018,55818,672,7376,499.0,0.499
1129,221656,672,7376,499.0,0.499
872,11091,673,7398,614.0,0.614
1037,57599,673,7398,999.0,0.999
713,8361,674,7403,687.0,0.687
768,9070,674,7403,980.0,0.98
828,10131,674,7403,403.0,0.403
872,11091,674,7403,996.0,0.996
904,23135,674,7403,540.0,0.54
918,23476,674,7403,457.0,0.457
713,8361,675,7407,416.0,0.416
933,25885,675,7407,515.0,0.515
684,7486,676,7415,489.0,0.489
779,9212,676,7415,498.0,0.498
788,9373,676,7415,912.0,0.912
801,9612,676,7415,457.0,0.457
816,9978,676,7415,499.0,0.499
818,10013,676,7415,988.0,0.988
838,10383,676,7415,414.0,0.414
880,11200,676,7415,457.0,0.457
885,11315,676,7415,580.0,0.58
909,23235,676,7415,457.0,0.457
916,23435,676,7415,412.0,0.412
918,23476,676,7415,457.0,0.457
936,26013,676,7415,457.0,0.457
979,51574,676,7415,457.0,0.457
1015,55768,676,7415,841.0,0.841
691,7534,679,7430,488.0,0.488
731,8544,679,7430,448.0,0.448
737,8573,679,7430,516.0,0.516
757,8850,679,7430,459.0,0.459
787,9368,679,7430,998.0,0.998
808,9759,679,7430,431.0,0.431
874,11140,679,7430,836.0,0.836
988,53904,679,7430,499.0,0.499
1108,140469,679,7430,499.0,0.499
756,8844,680,7444,641.0,0.641
1018,55818,681,7458,422.0,0.422
691,7534,682,7465,435.0,0.435
1154,494551,682,7465,900.0,0.9
700,8019,683,7468,855.0,0.855
708,8294,683,7468,802.0,0.802
711,8359,683,7468,802.0,0.802
712,8360,683,7468,802.0,0.802
713,8361,683,7468,941.0,0.941
714,8364,683,7468,802.0,0.802
715,8365,683,7468,802.0,0.802
716,8366,683,7468,802.0,0.802
717,8367,683,7468,802.0,0.802
718,8368,683,7468,802.0,0.802
803,9656,683,7468,811.0,0.811
804,9682,683,7468,499.0,0.499
897,23030,683,7468,499.0,0.499
918,23476,683,7468,714.0,0.714
1102,121504,683,7468,802.0,0.802
803,9656,684,7486,444.0,0.444
915,23411,684,7486,548.0,0.548
976,51548,684,7486,629.0,0.629
1076,84126,684,7486,499.0,0.499
691,7534,686,7514,825.0,0.825
755,8841,686,7514,457.0,0.457
819,10014,686,7514,419.0,0.419
869,11011,686,7514,470.0,0.47
689,7532,688,7529,887.0,0.887
690,7533,688,7529,941.0,0.941
691,7534,688,7529,980.0,0.98
697,7874,688,7529,436.0,0.436
756,8844,688,7529,658.0,0.658
796,9493,688,7529,479.0,0.479
807,9748,688,7529,480.0,0.48
808,9759,688,7529,457.0,0.457
819,10014,688,7529,457.0,0.457
842,10420,688,7529,420.0,0.42
859,10746,688,7529,575.0,0.575
867,10971,688,7529,943.0,0.943
891,22933,688,7529,438.0,0.438
911,23387,688,7529,422.0,0.422
977,51564,688,7529,457.0,0.457
1042,64223,688,7529,499.0,0.499
1101,120892,688,7529,460.0,0.46
1132,253260,688,7529,477.0,0.477
1137,283455,688,7529,586.0,0.586
690,7533,689,7532,925.0,0.925
691,7534,689,7532,965.0,0.965
697,7874,689,7532,400.0,0.4
706,8239,689,7532,420.0,0.42
767,9064,689,7532,426.0,0.426
796,9493,689,7532,551.0,0.551
808,9759,689,7532,949.0,0.949
819,10014,689,7532,457.0,0.457
859,10746,689,7532,564.0,0.564
867,10971,689,7532,808.0,0.808
929,23774,689,7532,457.0,0.457
938,26524,689,7532,422.0,0.422
998,54790,689,7532,422.0,0.422
1101,120892,689,7532,722.0,0.722
691,7534,690,7533,930.0,0.93
697,7874,690,7533,414.0,0.414
706,8239,690,7533,412.0,0.412
767,9064,690,7533,433.0,0.433
796,9493,690,7533,457.0,0.457
808,9759,690,7533,457.0,0.457
819,10014,690,7533,457.0,0.457
867,10971,690,7533,819.0,0.819
911,23387,690,7533,422.0,0.422
932,25865,690,7533,420.0,0.42
977,51564,690,7533,457.0,0.457
998,54790,690,7533,434.0,0.434
1101,120892,690,7533,460.0,0.46
694,7846,691,7534,507.0,0.507
697,7874,691,7534,430.0,0.43
706,8239,691,7534,402.0,0.402
713,8361,691,7534,457.0,0.457
780,9252,691,7534,671.0,0.671
796,9493,691,7534,457.0,0.457
807,9748,691,7534,420.0,0.42
808,9759,691,7534,457.0,0.457
819,10014,691,7534,457.0,0.457
859,10746,691,7534,474.0,0.474
867,10971,691,7534,976.0,0.976
896,23028,691,7534,607.0,0.607
911,23387,691,7534,457.0,0.457
977,51564,691,7534,457.0,0.457
998,54790,691,7534,420.0,0.42
1039,57787,691,7534,420.0,0.42
1101,120892,691,7534,552.0,0.552
1132,253260,691,7534,477.0,0.477
739,8607,694,7846,457.0,0.457
818,10013,694,7846,711.0,0.711
836,10376,694,7846,922.0,0.922
837,10381,694,7846,997.0,0.997
838,10383,694,7846,997.0,0.997
868,11004,694,7846,900.0,0.9
1101,120892,694,7846,602.0,0.602
1124,203068,694,7846,984.0,0.984
713,8361,695,7862,498.0,0.498
929,23774,695,7862,925.0,0.925
943,27154,695,7862,954.0,0.954
955,29117,695,7862,499.0,0.499
781,9261,696,7867,963.0,0.963
701,8030,697,7874,420.0,0.42
706,8239,697,7874,525.0,0.525
713,8361,697,7874,457.0,0.457
803,9656,697,7874,726.0,0.726
818,10013,697,7874,468.0,0.468
891,22933,697,7874,456.0,0.456
896,23028,697,7874,785.0,0.785
904,23135,697,7874,457.0,0.457
918,23476,697,7874,457.0,0.457
1037,57599,697,7874,432.0,0.432
1084,84678,697,7874,629.0,0.629
975,51520,698,7965,982.0,0.982
800,9611,699,8013,499.0,0.499
801,9612,699,8013,499.0,0.499
713,8361,700,8019,809.0,0.809
720,8396,700,8019,420.0,0.42
762,8899,700,8019,420.0,0.42
864,10919,700,8019,519.0,0.519
887,11335,700,8019,564.0,0.564
918,23476,700,8019,895.0,0.895
922,23613,700,8019,574.0,0.574
979,51574,700,8019,420.0,0.42
1001,54904,700,8019,957.0,0.957
1051,65980,700,8019,564.0,0.564
1058,79813,700,8019,420.0,0.42
1060,79837,700,8019,564.0,0.564
1129,221656,700,8019,519.0,0.519
707,8242,703,8078,470.0,0.47
974,51441,703,8078,485.0,0.485
752,8805,704,8087,499.0,0.499
770,9100,704,8087,420.0,0.42
917,23450,704,8087,835.0,0.835
940,26986,704,8087,434.0,0.434
837,10381,705,8140,416.0,0.416
811,9891,706,8239,742.0,0.742
818,10013,706,8239,469.0,0.469
938,26524,706,8239,457.0,0.457
1039,57787,706,8239,745.0,0.745
1132,253260,706,8239,457.0,0.457
864,10919,707,8242,960.0,0.96
887,11335,707,8242,564.0,0.564
906,23186,707,8242,493.0,0.493
918,23476,707,8242,422.0,0.422
922,23613,707,8242,801.0,0.801
711,8359,708,8294,952.0,0.952
712,8360,708,8294,952.0,0.952
713,8361,708,8294,971.0,0.971
714,8364,708,8294,952.0,0.952
715,8365,708,8294,952.0,0.952
716,8366,708,8294,961.0,0.961
717,8367,708,8294,952.0,0.952
718,8368,708,8294,952.0,0.952
729,8520,708,8294,489.0,0.489
739,8607,708,8294,821.0,0.821
752,8805,708,8294,487.0,0.487
768,9070,708,8294,834.0,0.834
790,9439,708,8294,800.0,0.8
804,9682,708,8294,900.0,0.9
841,10419,708,8294,900.0,0.9
863,10856,708,8294,822.0,0.822
872,11091,708,8294,807.0,0.807
936,26013,708,8294,900.0,0.9
951,29028,708,8294,900.0,0.9
952,29072,708,8294,822.0,0.822
955,29117,708,8294,800.0,0.8
1001,54904,708,8294,802.0,0.802
1005,55193,708,8294,820.0,0.82
1079,84444,708,8294,912.0,0.912
1100,115004,708,8294,800.0,0.8
1102,121504,708,8294,952.0,0.952
1147,387893,708,8294,920.0,0.92
710,8318,709,8317,872.0,0.872
865,10926,709,8317,999.0,0.999
816,9978,710,8318,800.0,0.8
865,10926,710,8318,763.0,0.763
712,8360,711,8359,952.0,0.952
713,8361,711,8359,961.0,0.961
714,8364,711,8359,952.0,0.952
715,8365,711,8359,952.0,0.952
716,8366,711,8359,961.0,0.961
717,8367,711,8359,952.0,0.952
718,8368,711,8359,952.0,0.952
739,8607,711,8359,821.0,0.821
768,9070,711,8359,834.0,0.834
790,9439,711,8359,800.0,0.8
804,9682,711,8359,900.0,0.9
841,10419,711,8359,900.0,0.9
863,10856,711,8359,822.0,0.822
872,11091,711,8359,807.0,0.807
936,26013,711,8359,900.0,0.9
951,29028,711,8359,900.0,0.9
952,29072,711,8359,822.0,0.822
955,29117,711,8359,800.0,0.8
1001,54904,711,8359,802.0,0.802
1005,55193,711,8359,820.0,0.82
1079,84444,711,8359,912.0,0.912
1100,115004,711,8359,800.0,0.8
1102,121504,711,8359,952.0,0.952
1147,387893,711,8359,901.0,0.901
713,8361,712,8360,960.0,0.96
714,8364,712,8360,952.0,0.952
715,8365,712,8360,952.0,0.952
716,8366,712,8360,961.0,0.961
717,8367,712,8360,952.0,0.952
718,8368,712,8360,952.0,0.952
739,8607,712,8360,821.0,0.821
752,8805,712,8360,487.0,0.487
768,9070,712,8360,834.0,0.834
790,9439,712,8360,800.0,0.8
804,9682,712,8360,900.0,0.9
841,10419,712,8360,900.0,0.9
863,10856,712,8360,822.0,0.822
872,11091,712,8360,807.0,0.807
936,26013,712,8360,900.0,0.9
951,29028,712,8360,900.0,0.9
952,29072,712,8360,822.0,0.822
955,29117,712,8360,800.0,0.8
1001,54904,712,8360,802.0,0.802
1005,55193,712,8360,820.0,0.82
1079,84444,712,8360,912.0,0.912
1100,115004,712,8360,800.0,0.8
1102,121504,712,8360,952.0,0.952
1147,387893,712,8360,901.0,0.901
714,8364,713,8361,960.0,0.96
715,8365,713,8361,961.0,0.961
716,8366,713,8361,969.0,0.969
717,8367,713,8361,960.0,0.96
718,8368,713,8361,961.0,0.961
729,8520,713,8361,981.0,0.981
739,8607,713,8361,931.0,0.931
752,8805,713,8361,618.0,0.618
755,8841,713,8361,722.0,0.722
757,8850,713,8361,874.0,0.874
762,8899,713,8361,457.0,0.457
768,9070,713,8361,965.0,0.965
790,9439,713,8361,800.0,0.8
796,9493,713,8361,457.0,0.457
800,9611,713,8361,716.0,0.716
801,9612,713,8361,457.0,0.457
803,9656,713,8361,822.0,0.822
804,9682,713,8361,984.0,0.984
808,9759,713,8361,484.0,0.484
816,9978,713,8361,422.0,0.422
819,10014,713,8361,460.0,0.46
821,10038,713,8361,509.0,0.509
838,10383,713,8361,457.0,0.457
841,10419,713,8361,960.0,0.96
863,10856,713,8361,892.0,0.892
872,11091,713,8361,943.0,0.943
876,11176,713,8361,467.0,0.467
877,11177,713,8361,457.0,0.457
887,11335,713,8361,716.0,0.716
896,23028,713,8361,682.0,0.682
897,23030,713,8361,699.0,0.699
901,23081,713,8361,499.0,0.499
903,23133,713,8361,716.0,0.716
915,23411,713,8361,502.0,0.502
918,23476,713,8361,992.0,0.992
922,23613,713,8361,564.0,0.564
936,26013,713,8361,968.0,0.968
951,29028,713,8361,924.0,0.924
952,29072,713,8361,868.0,0.868
955,29117,713,8361,886.0,0.886
972,51377,713,8361,457.0,0.457
976,51548,713,8361,499.0,0.499
979,51574,713,8361,457.0,0.457
999,54799,713,8361,457.0,0.457
1001,54904,713,8361,887.0,0.887
1005,55193,713,8361,898.0,0.898
1021,55869,713,8361,462.0,0.462
1043,64324,713,8361,698.0,0.698
1068,80854,713,8361,462.0,0.462
1079,84444,713,8361,922.0,0.922
1100,115004,713,8361,800.0,0.8
1102,121504,713,8361,961.0,0.961
1106,138474,713,8361,503.0,0.503
1147,387893,713,8361,988.0,0.988
715,8365,714,8364,952.0,0.952
716,8366,714,8364,961.0,0.961
717,8367,714,8364,952.0,0.952
718,8368,714,8364,952.0,0.952
729,8520,714,8364,609.0,0.609
739,8607,714,8364,821.0,0.821
752,8805,714,8364,487.0,0.487
768,9070,714,8364,834.0,0.834
790,9439,714,8364,800.0,0.8
804,9682,714,8364,900.0,0.9
841,10419,714,8364,900.0,0.9
863,10856,714,8364,822.0,0.822
872,11091,714,8364,807.0,0.807
936,26013,714,8364,900.0,0.9
951,29028,714,8364,900.0,0.9
952,29072,714,8364,822.0,0.822
955,29117,714,8364,800.0,0.8
1001,54904,714,8364,802.0,0.802
1005,55193,714,8364,820.0,0.82
1079,84444,714,8364,912.0,0.912
1100,115004,714,8364,800.0,0.8
1102,121504,714,8364,952.0,0.952
1147,387893,714,8364,901.0,0.901
716,8366,715,8365,961.0,0.961
717,8367,715,8365,952.0,0.952
718,8368,715,8365,952.0,0.952
739,8607,715,8365,821.0,0.821
752,8805,715,8365,487.0,0.487
768,9070,715,8365,834.0,0.834
790,9439,715,8365,800.0,0.8
804,9682,715,8365,900.0,0.9
841,10419,715,8365,900.0,0.9
863,10856,715,8365,822.0,0.822
872,11091,715,8365,807.0,0.807
936,26013,715,8365,900.0,0.9
951,29028,715,8365,900.0,0.9
952,29072,715,8365,822.0,0.822
955,29117,715,8365,800.0,0.8
1001,54904,715,8365,802.0,0.802
1005,55193,715,8365,820.0,0.82
1079,84444,715,8365,912.0,0.912
1100,115004,715,8365,800.0,0.8
1102,121504,715,8365,952.0,0.952
1147,387893,715,8365,901.0,0.901
717,8367,716,8366,961.0,0.961
718,8368,716,8366,961.0,0.961
729,8520,716,8366,604.0,0.604
739,8607,716,8366,821.0,0.821
752,8805,716,8366,487.0,0.487
768,9070,716,8366,834.0,0.834
790,9439,716,8366,800.0,0.8
804,9682,716,8366,900.0,0.9
841,10419,716,8366,900.0,0.9
863,10856,716,8366,822.0,0.822
872,11091,716,8366,807.0,0.807
936,26013,716,8366,900.0,0.9
951,29028,716,8366,900.0,0.9
952,29072,716,8366,822.0,0.822
955,29117,716,8366,800.0,0.8
1001,54904,716,8366,802.0,0.802
1005,55193,716,8366,820.0,0.82
1079,84444,716,8366,912.0,0.912
1100,115004,716,8366,800.0,0.8
1102,121504,716,8366,961.0,0.961
1147,387893,716,8366,901.0,0.901
718,8368,717,8367,952.0,0.952
739,8607,717,8367,821.0,0.821
752,8805,717,8367,487.0,0.487
768,9070,717,8367,834.0,0.834
790,9439,717,8367,800.0,0.8
804,9682,717,8367,900.0,0.9
841,10419,717,8367,900.0,0.9
863,10856,717,8367,822.0,0.822
872,11091,717,8367,807.0,0.807
936,26013,717,8367,900.0,0.9
951,29028,717,8367,900.0,0.9
952,29072,717,8367,822.0,0.822
955,29117,717,8367,800.0,0.8
1001,54904,717,8367,802.0,0.802
1005,55193,717,8367,820.0,0.82
1079,84444,717,8367,912.0,0.912
1100,115004,717,8367,800.0,0.8
1102,121504,717,8367,952.0,0.952
1147,387893,717,8367,901.0,0.901
729,8520,718,8368,590.0,0.59
739,8607,718,8368,821.0,0.821
752,8805,718,8368,487.0,0.487
768,9070,718,8368,834.0,0.834
790,9439,718,8368,800.0,0.8
804,9682,718,8368,900.0,0.9
841,10419,718,8368,900.0,0.9
863,10856,718,8368,822.0,0.822
872,11091,718,8368,807.0,0.807
936,26013,718,8368,900.0,0.9
951,29028,718,8368,900.0,0.9
952,29072,718,8368,822.0,0.822
955,29117,718,8368,800.0,0.8
1001,54904,718,8368,802.0,0.802
1005,55193,718,8368,820.0,0.82
1079,84444,718,8368,912.0,0.912
1100,115004,718,8368,800.0,0.8
1102,121504,718,8368,952.0,0.952
1147,387893,718,8368,901.0,0.901
912,23396,719,8394,962.0,0.962
918,23476,720,8396,564.0,0.564
1060,79837,720,8396,946.0,0.946
747,8737,721,8408,402.0,0.402
805,9706,721,8408,996.0,0.996
954,29110,721,8408,497.0,0.497
973,51422,721,8408,499.0,0.499
1042,64223,721,8408,630.0,0.63
847,10494,722,8428,959.0,0.959
984,51765,722,8428,916.0,0.916
739,8607,725,8473,720.0,0.72
768,9070,725,8473,457.0,0.457
803,9656,725,8473,420.0,0.42
843,10454,725,8473,457.0,0.457
863,10856,725,8473,720.0,0.72
872,11091,725,8473,973.0,0.973
998,54790,725,8473,923.0,0.923
999,54799,725,8473,720.0,0.72
1065,80312,725,8473,856.0,0.856
1120,200424,725,8473,942.0,0.942
1129,221656,725,8473,814.0,0.814
799,9578,726,8476,505.0,0.505
878,11183,727,8491,457.0,0.457
880,11200,728,8493,611.0,0.611
1031,57118,730,8536,489.0,0.489
810,9874,732,8550,431.0,0.431
741,8644,734,8565,406.0,0.406
975,51520,734,8565,512.0,0.512
988,53904,737,8573,800.0,0.8
1108,140469,737,8573,800.0,0.8
768,9070,739,8607,540.0,0.54
863,10856,739,8607,999.0,0.999
872,11091,739,8607,912.0,0.912
874,11140,739,8607,540.0,0.54
899,23049,739,8607,403.0,0.403
940,26986,739,8607,420.0,0.42
972,51377,739,8607,944.0,0.944
999,54799,739,8607,956.0,0.956
1102,121504,739,8607,821.0,0.821
753,8812,740,8621,999.0,0.999
979,51574,740,8621,416.0,0.416
983,51755,740,8621,892.0,0.892
803,9656,746,8731,420.0,0.42
802,9641,747,8737,630.0,0.63
843,10454,747,8737,803.0,0.803
870,11035,747,8737,999.0,0.999
874,11140,747,8737,516.0,0.516
954,29110,747,8737,944.0,0.944
1119,197259,747,8737,986.0,0.986
840,10392,748,8767,998.0,0.998
843,10454,748,8767,630.0,0.63
1041,64127,748,8767,998.0,0.998
1017,55781,749,8780,900.0,0.9
1071,83732,749,8780,900.0,0.9
845,10465,752,8805,420.0,0.42
980,51592,752,8805,860.0,0.86
1119,197259,752,8805,420.0,0.42
983,51755,753,8812,999.0,0.999
915,23411,754,8814,435.0,0.435
800,9611,755,8841,998.0,0.998
801,9612,755,8841,999.0,0.999
806,9734,755,8841,511.0,0.511
808,9759,755,8841,511.0,0.511
819,10014,755,8841,511.0,0.511
824,10062,755,8841,499.0,0.499
841,10419,755,8841,584.0,0.584
849,10521,755,8841,457.0,0.457
872,11091,755,8841,782.0,0.782
896,23028,755,8841,491.0,0.491
906,23186,755,8841,493.0,0.493
977,51564,755,8841,403.0,0.403
1100,115004,755,8841,426.0,0.426
1132,253260,756,8844,643.0,0.643
1137,283455,756,8844,900.0,0.9
768,9070,757,8850,499.0,0.499
800,9611,757,8850,606.0,0.606
801,9612,757,8850,573.0,0.573
808,9759,757,8850,432.0,0.432
848,10498,757,8850,774.0,0.774
849,10521,757,8850,810.0,0.81
863,10856,757,8850,858.0,0.858
872,11091,757,8850,972.0,0.972
891,22933,757,8850,457.0,0.457
896,23028,757,8850,512.0,0.512
900,23067,757,8850,499.0,0.499
915,23411,757,8850,818.0,0.818
917,23450,757,8850,849.0,0.849
933,25885,757,8850,630.0,0.63
800,9611,759,8856,641.0,0.641
801,9612,759,8856,725.0,0.725
816,9978,760,8877,426.0,0.426
1025,56848,760,8877,900.0,0.9
766,9039,761,8883,999.0,0.999
773,9128,762,8899,899.0,0.899
857,10713,762,8899,897.0,0.897
895,23020,762,8899,879.0,0.879
917,23450,762,8899,830.0,0.83
939,26576,762,8899,420.0,0.42
780,9252,763,8986,900.0,0.9
1089,85366,763,8986,478.0,0.478
816,9978,767,9064,408.0,0.408
803,9656,768,9070,420.0,0.42
863,10856,768,9070,540.0,0.54
872,11091,768,9070,999.0,0.999
900,23067,768,9070,998.0,0.998
904,23135,768,9070,876.0,0.876
1102,121504,768,9070,834.0,0.834
774,9133,769,9088,584.0,0.584
918,23476,770,9100,457.0,0.457
940,26986,770,9100,457.0,0.457
938,26524,771,9113,978.0,0.978
963,50488,771,9113,457.0,0.457
845,10465,773,9128,998.0,0.998
857,10713,773,9128,975.0,0.975
895,23020,773,9128,997.0,0.997
917,23450,773,9128,988.0,0.988
779,9212,774,9133,726.0,0.726
809,9833,774,9133,587.0,0.587
796,9493,779,9212,491.0,0.491
868,11004,779,9212,711.0,0.711
874,11140,779,9212,457.0,0.457
892,22974,779,9212,506.0,0.506
911,23387,779,9212,433.0,0.433
927,23683,782,9262,412.0,0.412
932,25865,782,9262,412.0,0.412
847,10494,784,9344,545.0,0.545
971,51347,784,9344,942.0,0.942
1036,57551,784,9344,940.0,0.94
895,23020,785,9360,847.0,0.847
1145,374291,786,9361,697.0,0.697
832,10257,787,9368,655.0,0.655
851,10568,787,9368,900.0,0.9
818,10013,788,9373,616.0,0.616
814,9970,790,9439,617.0,0.617
902,23097,790,9439,930.0,0.93
918,23476,790,9439,457.0,0.457
1102,121504,790,9439,800.0,0.8
938,26524,792,9448,400.0,0.4
963,50488,792,9448,741.0,0.741
946,27436,793,9451,400.0,0.4
867,10971,796,9493,457.0,0.457
868,11004,796,9493,575.0,0.575
872,11091,796,9493,497.0,0.497
801,9612,800,9611,997.0,0.997
804,9682,800,9611,883.0,0.883
806,9734,800,9611,938.0,0.938
808,9759,800,9611,995.0,0.995
814,9970,800,9611,514.0,0.514
815,9971,800,9611,968.0,0.968
818,10013,800,9611,571.0,0.571
819,10014,800,9611,919.0,0.919
824,10062,800,9611,817.0,0.817
896,23028,800,9611,682.0,0.682
906,23186,800,9611,964.0,0.964
915,23411,800,9611,988.0,0.988
977,51564,800,9611,914.0,0.914
1021,55869,800,9611,573.0,0.573
1058,79813,800,9611,429.0,0.429
1062,79885,800,9611,539.0,0.539
1073,83933,800,9611,539.0,0.539
803,9656,801,9612,420.0,0.42
806,9734,801,9612,761.0,0.761
808,9759,801,9612,992.0,0.992
814,9970,801,9612,514.0,0.514
815,9971,801,9612,698.0,0.698
818,10013,801,9612,577.0,0.577
819,10014,801,9612,836.0,0.836
824,10062,801,9612,760.0,0.76
906,23186,801,9612,637.0,0.637
977,51564,801,9612,746.0,0.746
1021,55869,801,9612,717.0,0.717
1062,79885,801,9612,644.0,0.644
1073,83933,801,9612,866.0,0.866
808,9759,802,9641,642.0,0.642
874,11140,802,9641,534.0,0.534
954,29110,802,9641,999.0,0.999
1140,340061,802,9641,457.0,0.457
804,9682,803,9656,499.0,0.499
810,9874,803,9656,420.0,0.42
880,11200,803,9656,849.0,0.849
892,22974,803,9656,420.0,0.42
897,23030,803,9656,499.0,0.499
918,23476,803,9656,457.0,0.457
952,29072,803,9656,439.0,0.439
980,51592,803,9656,439.0,0.439
1043,64324,803,9656,439.0,0.439
1129,221656,803,9656,439.0,0.439
824,10062,804,9682,499.0,0.499
860,10765,804,9682,420.0,0.42
891,22933,804,9682,431.0,0.431
896,23028,804,9682,699.0,0.699
897,23030,804,9682,555.0,0.555
1102,121504,804,9682,900.0,0.9
808,9759,806,9734,693.0,0.693
819,10014,808,9759,965.0,0.965
867,10971,808,9759,618.0,0.618
915,23411,808,9759,457.0,0.457
954,29110,808,9759,628.0,0.628
977,51564,808,9759,517.0,0.517
869,11011,810,9874,734.0,0.734
1110,140735,810,9874,596.0,0.596
1047,65125,813,9943,667.0,0.667
1048,65267,813,9943,522.0,0.522
1049,65268,813,9943,599.0,0.599
848,10498,815,9971,420.0,0.42
821,10038,816,9978,499.0,0.499
872,11091,816,9978,499.0,0.499
968,51185,816,9978,999.0,0.999
993,54583,816,9978,499.0,0.499
1084,84678,816,9978,507.0,0.507
1132,253260,816,9978,878.0,0.878
874,11140,817,10000,490.0,0.49
836,10376,818,10013,639.0,0.639
885,11315,818,10013,525.0,0.525
891,22933,818,10013,714.0,0.714
916,23435,818,10013,625.0,0.625
929,23774,818,10013,420.0,0.42
980,51592,818,10013,420.0,0.42
1004,55031,818,10013,476.0,0.476
1062,79885,818,10013,822.0,0.822
1085,84790,818,10013,582.0,0.582
1110,140735,818,10013,630.0,0.63
1124,203068,818,10013,422.0,0.422
867,10971,819,10014,457.0,0.457
909,23235,819,10014,457.0,0.457
932,25865,819,10014,457.0,0.457
831,10196,824,10062,400.0,0.4
896,23028,824,10062,630.0,0.63
1018,55818,824,10062,499.0,0.499
1129,221656,824,10062,499.0,0.499
1101,120892,825,10097,457.0,0.457
874,11140,826,10110,480.0,0.48
926,23678,826,10110,930.0,0.93
874,11140,828,10131,439.0,0.439
904,23135,828,10131,403.0,0.403
1101,120892,828,10131,462.0,0.462
844,10461,830,10188,543.0,0.543
874,11140,830,10188,457.0,0.457
848,10498,831,10196,727.0,0.727
1055,79668,831,10196,446.0,0.446
1026,56924,834,10298,787.0,0.787
1033,57144,834,10298,725.0,0.725
837,10381,836,10376,999.0,0.999
838,10383,836,10376,974.0,0.974
868,11004,836,10376,800.0,0.8
892,22974,836,10376,900.0,0.9
946,27436,836,10376,424.0,0.424
979,51574,836,10376,457.0,0.457
1085,84790,836,10376,835.0,0.835
1124,203068,836,10376,998.0,0.998
1085,84790,837,10381,983.0,0.983
918,23476,838,10383,457.0,0.457
979,51574,838,10383,457.0,0.457
1085,84790,838,10383,956.0,0.956
1101,120892,838,10383,457.0,0.457
1124,203068,838,10383,646.0,0.646
843,10454,840,10392,642.0,0.642
1041,64127,840,10392,966.0,0.966
848,10498,841,10419,457.0,0.457
872,11091,841,10419,630.0,0.63
887,11335,841,10419,422.0,0.422
918,23476,841,10419,457.0,0.457
1005,55193,841,10419,499.0,0.499
1071,83732,841,10419,966.0,0.966
1102,121504,841,10419,900.0,0.9
874,11140,843,10454,489.0,0.489
1041,64127,843,10454,499.0,0.499
857,10713,845,10465,720.0,0.72
895,23020,845,10465,942.0,0.942
917,23450,845,10465,800.0,0.8
984,51765,847,10494,966.0,0.966
1036,57551,847,10494,595.0,0.595
940,26986,848,10498,914.0,0.914
874,11140,849,10521,530.0,0.53
918,23476,849,10521,457.0,0.457
1101,120892,850,10558,457.0,0.457
918,23476,854,10606,563.0,0.563
1077,84254,855,10645,900.0,0.9
895,23020,857,10713,949.0,0.949
917,23450,857,10713,800.0,0.8
918,23476,857,10713,457.0,0.457
867,10971,859,10746,570.0,0.57
887,11335,860,10765,635.0,0.635
896,23028,860,10765,956.0,0.956
906,23186,860,10765,835.0,0.835
1094,91754,862,10783,913.0,0.913
1109,140609,862,10783,699.0,0.699
872,11091,863,10856,912.0,0.912
874,11140,863,10856,540.0,0.54
899,23049,863,10856,589.0,0.589
918,23476,863,10856,457.0,0.457
954,29110,863,10856,422.0,0.422
972,51377,863,10856,943.0,0.943
979,51574,863,10856,457.0,0.457
999,54799,863,10856,955.0,0.955
1101,120892,863,10856,457.0,0.457
1102,121504,863,10856,822.0,0.822
887,11335,864,10919,997.0,0.997
896,23028,864,10919,969.0,0.969
906,23186,864,10919,929.0,0.929
918,23476,864,10919,503.0,0.503
1001,54904,864,10919,613.0,0.613
1021,55869,864,10919,612.0,0.612
1058,79813,864,10919,998.0,0.998
1129,221656,864,10919,572.0,0.572
909,23235,867,10971,457.0,0.457
977,51564,867,10971,457.0,0.457
998,54790,867,10971,457.0,0.457
1101,120892,867,10971,552.0,0.552
1110,140735,869,11011,581.0,0.581
874,11140,870,11035,687.0,0.687
1119,197259,870,11035,999.0,0.999
966,51086,871,11040,452.0,0.452
887,11335,872,11091,756.0,0.756
900,23067,872,11091,999.0,0.999
904,23135,872,11091,910.0,0.91
917,23450,872,11091,540.0,0.54
918,23476,872,11091,587.0,0.587
952,29072,872,11091,976.0,0.976
999,54799,872,11091,785.0,0.785
1084,84678,872,11091,441.0,0.441
1102,121504,872,11091,807.0,0.807
894,23012,874,11140,412.0,0.412
941,27102,874,11140,457.0,0.457
1046,65061,874,11140,436.0,0.436
1075,83983,874,11140,406.0,0.406
1101,120892,874,11140,568.0,0.568
1119,197259,874,11140,502.0,0.502
887,11335,876,11176,565.0,0.565
891,22933,876,11176,720.0,0.72
915,23411,876,11176,720.0,0.72
936,26013,876,11176,540.0,0.54
947,27443,877,11177,900.0,0.9
1038,57646,880,11200,607.0,0.607
1101,120892,885,11315,836.0,0.836
1110,140735,885,11315,499.0,0.499
894,23012,886,11329,671.0,0.671
891,22933,887,11335,540.0,0.54
896,23028,887,11335,952.0,0.952
906,23186,887,11335,847.0,0.847
915,23411,887,11335,565.0,0.565
918,23476,887,11335,457.0,0.457
922,23613,887,11335,420.0,0.42
936,26013,887,11335,927.0,0.927
983,51755,887,11335,422.0,0.422
1056,79723,887,11335,602.0,0.602
1058,79813,887,11335,710.0,0.71
1101,120892,887,11335,457.0,0.457
906,23186,891,22933,429.0,0.429
914,23410,891,22933,580.0,0.58
915,23411,891,22933,926.0,0.926
936,26013,891,22933,540.0,0.54
968,51185,891,22933,631.0,0.631
916,23435,895,23020,459.0,0.459
917,23450,895,23020,997.0,0.997
918,23476,895,23020,457.0,0.457
954,29110,895,23020,780.0,0.78
901,23081,896,23028,410.0,0.41
906,23186,896,23028,999.0,0.999
915,23411,896,23028,786.0,0.786
1038,57646,896,23028,457.0,0.457
1129,221656,896,23028,454.0,0.454
917,23450,897,23030,497.0,0.497
963,50488,898,23043,581.0,0.581
940,26986,899,23049,788.0,0.788
1042,64223,899,23049,791.0,0.791
1053,79109,899,23049,781.0,0.781
1132,253260,899,23049,780.0,0.78
915,23411,904,23135,551.0,0.551
915,23411,906,23186,615.0,0.615
1021,55869,906,23186,412.0,0.412
1058,79813,906,23186,446.0,0.446
1129,221656,906,23186,624.0,0.624
918,23476,908,23210,998.0,0.998
1035,57396,908,23210,457.0,0.457
1070,81788,909,23235,418.0,0.418
1114,150094,909,23235,509.0,0.509
1070,81788,911,23387,520.0,0.52
1114,150094,911,23387,487.0,0.487
914,23410,913,23408,499.0,0.499
918,23476,915,23411,578.0,0.578
936,26013,915,23411,540.0,0.54
1068,80854,915,23411,726.0,0.726
1079,84444,915,23411,726.0,0.726
1132,253260,915,23411,457.0,0.457
940,26986,916,23435,701.0,0.701
979,51574,917,23450,469.0,0.469
1088,84991,917,23450,590.0,0.59
1101,120892,917,23450,457.0,0.457
922,23613,918,23476,457.0,0.457
943,27154,918,23476,448.0,0.448
951,29028,918,23476,414.0,0.414
968,51185,918,23476,930.0,0.93
979,51574,918,23476,661.0,0.661
1001,54904,918,23476,997.0,0.997
1005,55193,918,23476,457.0,0.457
1037,57599,918,23476,420.0,0.42
1051,65980,918,23476,724.0,0.724
1060,79837,918,23476,416.0,0.416
1079,84444,918,23476,690.0,0.69
1119,197259,918,23476,420.0,0.42
1124,203068,918,23476,457.0,0.457
1129,221656,918,23476,564.0,0.564
1119,197259,922,23613,420.0,0.42
1032,57142,924,23621,811.0,0.811
932,25865,927,23683,957.0,0.957
943,27154,929,23774,967.0,0.967
955,29117,929,23774,499.0,0.499
980,51592,929,23774,427.0,0.427
1028,56997,929,23774,420.0,0.42
1119,197259,929,23774,420.0,0.42
1102,121504,936,26013,900.0,0.9
1147,387893,936,26013,834.0,0.834
952,29072,943,27154,420.0,0.42
955,29117,943,27154,499.0,0.499
1047,65125,945,27347,506.0,0.506
1094,91754,946,27436,613.0,0.613
1109,140609,946,27436,443.0,0.443
1124,203068,946,27436,570.0,0.57
1102,121504,951,29028,900.0,0.9
1102,121504,952,29072,822.0,0.822
965,51079,953,29078,955.0,0.955
1145,374291,953,29078,967.0,0.967
1140,340061,954,29110,999.0,0.999
1005,55193,955,29117,999.0,0.999
1051,65980,955,29117,647.0,0.647
1102,121504,955,29117,800.0,0.8
1145,374291,965,51079,999.0,0.999
984,51765,971,51347,449.0,0.449
1036,57551,971,51347,942.0,0.942
1085,84790,979,51574,457.0,0.457
1124,203068,979,51574,457.0,0.457
1028,56997,980,51592,420.0,0.42
1119,197259,980,51592,420.0,0.42
1004,55031,982,51752,435.0,0.435
1036,57551,984,51765,585.0,0.585
1018,55818,986,51780,900.0,0.9
1108,140469,988,53904,800.0,0.8
995,54657,992,54578,734.0,0.734
996,54658,992,54578,734.0,0.734
1104,130497,993,54583,457.0,0.457
1087,84875,994,54625,559.0,0.559
996,54658,995,54657,734.0,0.734
1065,80312,998,54790,797.0,0.797
1120,200424,998,54790,947.0,0.947
1102,121504,1001,54904,802.0,0.802
1129,221656,1001,54904,811.0,0.811
1051,65980,1005,55193,948.0,0.948
1102,121504,1005,55193,820.0,0.82
1071,83732,1017,55781,903.0,0.903
1132,253260,1017,55781,413.0,0.413
1101,120892,1026,56924,694.0,0.694
1101,120892,1028,56997,457.0,0.457
1034,57172,1031,57118,472.0,0.472
1053,79109,1042,64223,999.0,0.999
1132,253260,1042,64223,999.0,0.999
1048,65267,1047,65125,765.0,0.765
1049,65268,1047,65125,959.0,0.959
1132,253260,1053,79109,999.0,0.999
1120,200424,1065,80312,678.0,0.678
1102,121504,1079,84444,912.0,0.912
1101,120892,1085,84790,457.0,0.457
1124,203068,1085,84790,974.0,0.974
1109,140609,1094,91754,998.0,0.998
1102,121504,1100,115004,800.0,0.8
1140,340061,1100,115004,477.0,0.477
1124,203068,1101,120892,457.0,0.457
1147,387893,1102,121504,901.0,0.901
1138,284086,1109,140609,487.0,0.487
